2025-06-11 07:44:00 INFO  i.g.m.sanaspace.SanaspaceApplication - Starting SanaspaceApplication using Java 21.0.7 with PID 13540 (C:\Users\emerd\Code\sanaspace\build\classes\java\main started by emerd in C:\Users\emerd\Code\sanaspace)
2025-06-11 07:44:00 INFO  i.g.m.sanaspace.SanaspaceApplication - No active profile set, falling back to 1 default profile: "default"
2025-06-11 07:44:00 INFO  o.s.b.d.e.DevToolsPropertyDefaultsPostProcessor - Devtools property defaults active! Set 'spring.devtools.add-properties' to 'false' to disable
2025-06-11 07:44:00 INFO  o.s.b.d.e.DevToolsPropertyDefaultsPostProcessor - For additional web related logging consider setting the 'logging.level.web' property to 'DEBUG'
2025-06-11 07:44:05 INFO  o.s.d.r.c.RepositoryConfigurationDelegate - Bootstrapping Spring Data JPA repositories in DEFAULT mode.
2025-06-11 07:44:05 INFO  o.s.d.r.c.RepositoryConfigurationDelegate - Finished Spring Data repository scanning in 253 ms. Found 6 JPA repository interfaces.
2025-06-11 07:44:08 INFO  o.s.b.w.e.tomcat.TomcatWebServer - Tomcat initialized with port 8080 (http)
2025-06-11 07:44:08 INFO  o.a.catalina.core.StandardService - Starting service [Tomcat]
2025-06-11 07:44:08 INFO  o.a.catalina.core.StandardEngine - Starting Servlet engine: [Apache Tomcat/10.1.41]
2025-06-11 07:44:09 INFO  o.a.c.c.C.[Tomcat].[localhost].[/] - Initializing Spring embedded WebApplicationContext
2025-06-11 07:44:09 INFO  o.s.b.w.s.c.ServletWebServerApplicationContext - Root WebApplicationContext: initialization completed in 8623 ms
2025-06-11 07:44:10 INFO  o.h.jpa.internal.util.LogHelper - HHH000204: Processing PersistenceUnitInfo [name: default]
2025-06-11 07:44:11 INFO  org.hibernate.Version - HHH000412: Hibernate ORM core version 6.6.15.Final
2025-06-11 07:44:11 INFO  o.h.c.i.RegionFactoryInitiator - HHH000026: Second-level cache disabled
2025-06-11 07:44:12 INFO  o.s.o.j.p.SpringPersistenceUnitInfo - No LoadTimeWeaver setup: ignoring JPA class transformer
2025-06-11 07:44:12 INFO  com.zaxxer.hikari.HikariDataSource - HikariPool-1 - Starting...
2025-06-11 07:44:13 INFO  com.zaxxer.hikari.pool.HikariPool - HikariPool-1 - Added connection org.mariadb.jdbc.Connection@15684b70
2025-06-11 07:44:13 INFO  com.zaxxer.hikari.HikariDataSource - HikariPool-1 - Start completed.
2025-06-11 07:44:13 INFO  o.hibernate.orm.connections.pooling - HHH10001005: Database info:
	Database JDBC URL [Connecting through datasource 'HikariDataSource (HikariPool-1)']
	Database driver: undefined/unknown
	Database version: 11.7.2
	Autocommit mode: undefined/unknown
	Isolation level: undefined/unknown
	Minimum pool size: undefined/unknown
	Maximum pool size: undefined/unknown
2025-06-11 07:44:15 INFO  o.h.e.t.j.p.i.JtaPlatformInitiator - HHH000489: No JTA platform available (set 'hibernate.transaction.jta.platform' to enable JTA platform integration)
2025-06-11 07:44:15 DEBUG org.hibernate.SQL - 
    alter table if exists visits 
       modify column symptoms varchar(50)
2025-06-11 07:44:15 WARN  o.m.jdbc.message.server.ErrorPacket - Error: 1406-22001: Data too long for column 'symptoms' at row 1
2025-06-11 07:44:15 WARN  o.h.t.s.i.ExceptionHandlerLoggedImpl - GenerationTarget encountered exception accepting command : Error executing DDL "
    alter table if exists visits 
       modify column symptoms varchar(50)" via JDBC [(conn=1599) Data too long for column 'symptoms' at row 1]
org.hibernate.tool.schema.spi.CommandAcceptanceException: Error executing DDL "
    alter table if exists visits 
       modify column symptoms varchar(50)" via JDBC [(conn=1599) Data too long for column 'symptoms' at row 1]
	at org.hibernate.tool.schema.internal.exec.GenerationTargetToDatabase.accept(GenerationTargetToDatabase.java:94)
	at org.hibernate.tool.schema.internal.AbstractSchemaMigrator.applySqlString(AbstractSchemaMigrator.java:576)
	at org.hibernate.tool.schema.internal.AbstractSchemaMigrator.applySqlStrings(AbstractSchemaMigrator.java:516)
	at org.hibernate.tool.schema.internal.AbstractSchemaMigrator.migrateTable(AbstractSchemaMigrator.java:334)
	at org.hibernate.tool.schema.internal.GroupedSchemaMigratorImpl.performTablesMigration(GroupedSchemaMigratorImpl.java:84)
	at org.hibernate.tool.schema.internal.AbstractSchemaMigrator.performMigration(AbstractSchemaMigrator.java:233)
	at org.hibernate.tool.schema.internal.AbstractSchemaMigrator.doMigration(AbstractSchemaMigrator.java:112)
	at org.hibernate.tool.schema.spi.SchemaManagementToolCoordinator.performDatabaseAction(SchemaManagementToolCoordinator.java:280)
	at org.hibernate.tool.schema.spi.SchemaManagementToolCoordinator.lambda$process$5(SchemaManagementToolCoordinator.java:144)
	at java.base/java.util.HashMap.forEach(HashMap.java:1429)
	at org.hibernate.tool.schema.spi.SchemaManagementToolCoordinator.process(SchemaManagementToolCoordinator.java:141)
	at org.hibernate.boot.internal.SessionFactoryObserverForSchemaExport.sessionFactoryCreated(SessionFactoryObserverForSchemaExport.java:37)
	at org.hibernate.internal.SessionFactoryObserverChain.sessionFactoryCreated(SessionFactoryObserverChain.java:35)
	at org.hibernate.internal.SessionFactoryImpl.<init>(SessionFactoryImpl.java:324)
	at org.hibernate.boot.internal.SessionFactoryBuilderImpl.build(SessionFactoryBuilderImpl.java:463)
	at org.hibernate.jpa.boot.internal.EntityManagerFactoryBuilderImpl.build(EntityManagerFactoryBuilderImpl.java:1517)
	at org.springframework.orm.jpa.vendor.SpringHibernateJpaPersistenceProvider.createContainerEntityManagerFactory(SpringHibernateJpaPersistenceProvider.java:66)
	at org.springframework.orm.jpa.LocalContainerEntityManagerFactoryBean.createNativeEntityManagerFactory(LocalContainerEntityManagerFactoryBean.java:390)
	at org.springframework.orm.jpa.AbstractEntityManagerFactoryBean.buildNativeEntityManagerFactory(AbstractEntityManagerFactoryBean.java:419)
	at org.springframework.orm.jpa.AbstractEntityManagerFactoryBean.afterPropertiesSet(AbstractEntityManagerFactoryBean.java:400)
	at org.springframework.orm.jpa.LocalContainerEntityManagerFactoryBean.afterPropertiesSet(LocalContainerEntityManagerFactoryBean.java:366)
	at org.springframework.beans.factory.support.AbstractAutowireCapableBeanFactory.invokeInitMethods(AbstractAutowireCapableBeanFactory.java:1873)
	at org.springframework.beans.factory.support.AbstractAutowireCapableBeanFactory.initializeBean(AbstractAutowireCapableBeanFactory.java:1822)
	at org.springframework.beans.factory.support.AbstractAutowireCapableBeanFactory.doCreateBean(AbstractAutowireCapableBeanFactory.java:607)
	at org.springframework.beans.factory.support.AbstractAutowireCapableBeanFactory.createBean(AbstractAutowireCapableBeanFactory.java:529)
	at org.springframework.beans.factory.support.AbstractBeanFactory.lambda$doGetBean$0(AbstractBeanFactory.java:339)
	at org.springframework.beans.factory.support.DefaultSingletonBeanRegistry.getSingleton(DefaultSingletonBeanRegistry.java:373)
	at org.springframework.beans.factory.support.AbstractBeanFactory.doGetBean(AbstractBeanFactory.java:337)
	at org.springframework.beans.factory.support.AbstractBeanFactory.getBean(AbstractBeanFactory.java:207)
	at org.springframework.context.support.AbstractApplicationContext.finishBeanFactoryInitialization(AbstractApplicationContext.java:970)
	at org.springframework.context.support.AbstractApplicationContext.refresh(AbstractApplicationContext.java:627)
	at org.springframework.boot.web.servlet.context.ServletWebServerApplicationContext.refresh(ServletWebServerApplicationContext.java:146)
	at org.springframework.boot.SpringApplication.refresh(SpringApplication.java:753)
	at org.springframework.boot.SpringApplication.refreshContext(SpringApplication.java:439)
	at org.springframework.boot.SpringApplication.run(SpringApplication.java:318)
	at org.springframework.boot.SpringApplication.run(SpringApplication.java:1362)
	at org.springframework.boot.SpringApplication.run(SpringApplication.java:1351)
	at io.github.matthewjacobsd.sanaspace.SanaspaceApplication.main(SanaspaceApplication.java:24)
	at java.base/jdk.internal.reflect.DirectMethodHandleAccessor.invoke(DirectMethodHandleAccessor.java:103)
	at java.base/java.lang.reflect.Method.invoke(Method.java:580)
	at org.springframework.boot.devtools.restart.RestartLauncher.run(RestartLauncher.java:50)
Caused by: java.sql.SQLSyntaxErrorException: (conn=1599) Data too long for column 'symptoms' at row 1
	at org.mariadb.jdbc.export.ExceptionFactory.createException(ExceptionFactory.java:289)
	at org.mariadb.jdbc.export.ExceptionFactory.create(ExceptionFactory.java:378)
	at org.mariadb.jdbc.message.ClientMessage.readPacket(ClientMessage.java:187)
	at org.mariadb.jdbc.client.impl.StandardClient.readPacket(StandardClient.java:1364)
	at org.mariadb.jdbc.client.impl.StandardClient.readResults(StandardClient.java:1303)
	at org.mariadb.jdbc.client.impl.StandardClient.readResponse(StandardClient.java:1222)
	at org.mariadb.jdbc.client.impl.StandardClient.execute(StandardClient.java:1146)
	at org.mariadb.jdbc.Statement.executeInternal(Statement.java:1003)
	at org.mariadb.jdbc.Statement.execute(Statement.java:1132)
	at org.mariadb.jdbc.Statement.execute(Statement.java:471)
	at com.zaxxer.hikari.pool.ProxyStatement.execute(ProxyStatement.java:95)
	at com.zaxxer.hikari.pool.HikariProxyStatement.execute(HikariProxyStatement.java)
	at org.hibernate.tool.schema.internal.exec.GenerationTargetToDatabase.accept(GenerationTargetToDatabase.java:80)
	... 40 common frames omitted
2025-06-11 07:44:15 DEBUG org.hibernate.SQL - 
    alter table if exists patients 
       add constraint FKhkntdq6ujwdgqbx8iwffi2ffb 
       foreign key (insurance_id) 
       references insurances (id)
2025-06-11 07:44:15 WARN  o.m.jdbc.message.server.ErrorPacket - Error: 1452-23000: Cannot add or update a child row: a foreign key constraint fails (`sanaspace`.`#sql-alter-16c4-63f`, CONSTRAINT `FKhkntdq6ujwdgqbx8iwffi2ffb` FOREIGN KEY (`insurance_id`) REFERENCES `insurances` (`id`))
2025-06-11 07:44:15 WARN  o.h.t.s.i.ExceptionHandlerLoggedImpl - GenerationTarget encountered exception accepting command : Error executing DDL "
    alter table if exists patients 
       add constraint FKhkntdq6ujwdgqbx8iwffi2ffb 
       foreign key (insurance_id) 
       references insurances (id)" via JDBC [(conn=1599) Cannot add or update a child row: a foreign key constraint fails (`sanaspace`.`#sql-alter-16c4-63f`, CONSTRAINT `FKhkntdq6ujwdgqbx8iwffi2ffb` FOREIGN KEY (`insurance_id`) REFERENCES `insurances` (`id`))]
org.hibernate.tool.schema.spi.CommandAcceptanceException: Error executing DDL "
    alter table if exists patients 
       add constraint FKhkntdq6ujwdgqbx8iwffi2ffb 
       foreign key (insurance_id) 
       references insurances (id)" via JDBC [(conn=1599) Cannot add or update a child row: a foreign key constraint fails (`sanaspace`.`#sql-alter-16c4-63f`, CONSTRAINT `FKhkntdq6ujwdgqbx8iwffi2ffb` FOREIGN KEY (`insurance_id`) REFERENCES `insurances` (`id`))]
	at org.hibernate.tool.schema.internal.exec.GenerationTargetToDatabase.accept(GenerationTargetToDatabase.java:94)
	at org.hibernate.tool.schema.internal.AbstractSchemaMigrator.applySqlString(AbstractSchemaMigrator.java:576)
	at org.hibernate.tool.schema.internal.AbstractSchemaMigrator.applySqlStrings(AbstractSchemaMigrator.java:516)
	at org.hibernate.tool.schema.internal.AbstractSchemaMigrator.applyForeignKeys(AbstractSchemaMigrator.java:448)
	at org.hibernate.tool.schema.internal.AbstractSchemaMigrator.performMigration(AbstractSchemaMigrator.java:269)
	at org.hibernate.tool.schema.internal.AbstractSchemaMigrator.doMigration(AbstractSchemaMigrator.java:112)
	at org.hibernate.tool.schema.spi.SchemaManagementToolCoordinator.performDatabaseAction(SchemaManagementToolCoordinator.java:280)
	at org.hibernate.tool.schema.spi.SchemaManagementToolCoordinator.lambda$process$5(SchemaManagementToolCoordinator.java:144)
	at java.base/java.util.HashMap.forEach(HashMap.java:1429)
	at org.hibernate.tool.schema.spi.SchemaManagementToolCoordinator.process(SchemaManagementToolCoordinator.java:141)
	at org.hibernate.boot.internal.SessionFactoryObserverForSchemaExport.sessionFactoryCreated(SessionFactoryObserverForSchemaExport.java:37)
	at org.hibernate.internal.SessionFactoryObserverChain.sessionFactoryCreated(SessionFactoryObserverChain.java:35)
	at org.hibernate.internal.SessionFactoryImpl.<init>(SessionFactoryImpl.java:324)
	at org.hibernate.boot.internal.SessionFactoryBuilderImpl.build(SessionFactoryBuilderImpl.java:463)
	at org.hibernate.jpa.boot.internal.EntityManagerFactoryBuilderImpl.build(EntityManagerFactoryBuilderImpl.java:1517)
	at org.springframework.orm.jpa.vendor.SpringHibernateJpaPersistenceProvider.createContainerEntityManagerFactory(SpringHibernateJpaPersistenceProvider.java:66)
	at org.springframework.orm.jpa.LocalContainerEntityManagerFactoryBean.createNativeEntityManagerFactory(LocalContainerEntityManagerFactoryBean.java:390)
	at org.springframework.orm.jpa.AbstractEntityManagerFactoryBean.buildNativeEntityManagerFactory(AbstractEntityManagerFactoryBean.java:419)
	at org.springframework.orm.jpa.AbstractEntityManagerFactoryBean.afterPropertiesSet(AbstractEntityManagerFactoryBean.java:400)
	at org.springframework.orm.jpa.LocalContainerEntityManagerFactoryBean.afterPropertiesSet(LocalContainerEntityManagerFactoryBean.java:366)
	at org.springframework.beans.factory.support.AbstractAutowireCapableBeanFactory.invokeInitMethods(AbstractAutowireCapableBeanFactory.java:1873)
	at org.springframework.beans.factory.support.AbstractAutowireCapableBeanFactory.initializeBean(AbstractAutowireCapableBeanFactory.java:1822)
	at org.springframework.beans.factory.support.AbstractAutowireCapableBeanFactory.doCreateBean(AbstractAutowireCapableBeanFactory.java:607)
	at org.springframework.beans.factory.support.AbstractAutowireCapableBeanFactory.createBean(AbstractAutowireCapableBeanFactory.java:529)
	at org.springframework.beans.factory.support.AbstractBeanFactory.lambda$doGetBean$0(AbstractBeanFactory.java:339)
	at org.springframework.beans.factory.support.DefaultSingletonBeanRegistry.getSingleton(DefaultSingletonBeanRegistry.java:373)
	at org.springframework.beans.factory.support.AbstractBeanFactory.doGetBean(AbstractBeanFactory.java:337)
	at org.springframework.beans.factory.support.AbstractBeanFactory.getBean(AbstractBeanFactory.java:207)
	at org.springframework.context.support.AbstractApplicationContext.finishBeanFactoryInitialization(AbstractApplicationContext.java:970)
	at org.springframework.context.support.AbstractApplicationContext.refresh(AbstractApplicationContext.java:627)
	at org.springframework.boot.web.servlet.context.ServletWebServerApplicationContext.refresh(ServletWebServerApplicationContext.java:146)
	at org.springframework.boot.SpringApplication.refresh(SpringApplication.java:753)
	at org.springframework.boot.SpringApplication.refreshContext(SpringApplication.java:439)
	at org.springframework.boot.SpringApplication.run(SpringApplication.java:318)
	at org.springframework.boot.SpringApplication.run(SpringApplication.java:1362)
	at org.springframework.boot.SpringApplication.run(SpringApplication.java:1351)
	at io.github.matthewjacobsd.sanaspace.SanaspaceApplication.main(SanaspaceApplication.java:24)
	at java.base/jdk.internal.reflect.DirectMethodHandleAccessor.invoke(DirectMethodHandleAccessor.java:103)
	at java.base/java.lang.reflect.Method.invoke(Method.java:580)
	at org.springframework.boot.devtools.restart.RestartLauncher.run(RestartLauncher.java:50)
Caused by: java.sql.SQLIntegrityConstraintViolationException: (conn=1599) Cannot add or update a child row: a foreign key constraint fails (`sanaspace`.`#sql-alter-16c4-63f`, CONSTRAINT `FKhkntdq6ujwdgqbx8iwffi2ffb` FOREIGN KEY (`insurance_id`) REFERENCES `insurances` (`id`))
	at org.mariadb.jdbc.export.ExceptionFactory.createException(ExceptionFactory.java:297)
	at org.mariadb.jdbc.export.ExceptionFactory.create(ExceptionFactory.java:378)
	at org.mariadb.jdbc.message.ClientMessage.readPacket(ClientMessage.java:187)
	at org.mariadb.jdbc.client.impl.StandardClient.readPacket(StandardClient.java:1364)
	at org.mariadb.jdbc.client.impl.StandardClient.readResults(StandardClient.java:1303)
	at org.mariadb.jdbc.client.impl.StandardClient.readResponse(StandardClient.java:1222)
	at org.mariadb.jdbc.client.impl.StandardClient.execute(StandardClient.java:1146)
	at org.mariadb.jdbc.Statement.executeInternal(Statement.java:1003)
	at org.mariadb.jdbc.Statement.execute(Statement.java:1132)
	at org.mariadb.jdbc.Statement.execute(Statement.java:471)
	at com.zaxxer.hikari.pool.ProxyStatement.execute(ProxyStatement.java:95)
	at com.zaxxer.hikari.pool.HikariProxyStatement.execute(HikariProxyStatement.java)
	at org.hibernate.tool.schema.internal.exec.GenerationTargetToDatabase.accept(GenerationTargetToDatabase.java:80)
	... 39 common frames omitted
2025-06-11 07:44:15 DEBUG org.hibernate.SQL - 
    alter table if exists prescriptions 
       add constraint FK957asorswh9j2ee6w6471j23o 
       foreign key (medication_id) 
       references medications (id)
2025-06-11 07:44:15 WARN  o.m.jdbc.message.server.ErrorPacket - Error: 1452-23000: Cannot add or update a child row: a foreign key constraint fails (`sanaspace`.`#sql-alter-16c4-63f`, CONSTRAINT `FK957asorswh9j2ee6w6471j23o` FOREIGN KEY (`medication_id`) REFERENCES `medications` (`id`))
2025-06-11 07:44:15 WARN  o.h.t.s.i.ExceptionHandlerLoggedImpl - GenerationTarget encountered exception accepting command : Error executing DDL "
    alter table if exists prescriptions 
       add constraint FK957asorswh9j2ee6w6471j23o 
       foreign key (medication_id) 
       references medications (id)" via JDBC [(conn=1599) Cannot add or update a child row: a foreign key constraint fails (`sanaspace`.`#sql-alter-16c4-63f`, CONSTRAINT `FK957asorswh9j2ee6w6471j23o` FOREIGN KEY (`medication_id`) REFERENCES `medications` (`id`))]
org.hibernate.tool.schema.spi.CommandAcceptanceException: Error executing DDL "
    alter table if exists prescriptions 
       add constraint FK957asorswh9j2ee6w6471j23o 
       foreign key (medication_id) 
       references medications (id)" via JDBC [(conn=1599) Cannot add or update a child row: a foreign key constraint fails (`sanaspace`.`#sql-alter-16c4-63f`, CONSTRAINT `FK957asorswh9j2ee6w6471j23o` FOREIGN KEY (`medication_id`) REFERENCES `medications` (`id`))]
	at org.hibernate.tool.schema.internal.exec.GenerationTargetToDatabase.accept(GenerationTargetToDatabase.java:94)
	at org.hibernate.tool.schema.internal.AbstractSchemaMigrator.applySqlString(AbstractSchemaMigrator.java:576)
	at org.hibernate.tool.schema.internal.AbstractSchemaMigrator.applySqlStrings(AbstractSchemaMigrator.java:516)
	at org.hibernate.tool.schema.internal.AbstractSchemaMigrator.applyForeignKeys(AbstractSchemaMigrator.java:448)
	at org.hibernate.tool.schema.internal.AbstractSchemaMigrator.performMigration(AbstractSchemaMigrator.java:269)
	at org.hibernate.tool.schema.internal.AbstractSchemaMigrator.doMigration(AbstractSchemaMigrator.java:112)
	at org.hibernate.tool.schema.spi.SchemaManagementToolCoordinator.performDatabaseAction(SchemaManagementToolCoordinator.java:280)
	at org.hibernate.tool.schema.spi.SchemaManagementToolCoordinator.lambda$process$5(SchemaManagementToolCoordinator.java:144)
	at java.base/java.util.HashMap.forEach(HashMap.java:1429)
	at org.hibernate.tool.schema.spi.SchemaManagementToolCoordinator.process(SchemaManagementToolCoordinator.java:141)
	at org.hibernate.boot.internal.SessionFactoryObserverForSchemaExport.sessionFactoryCreated(SessionFactoryObserverForSchemaExport.java:37)
	at org.hibernate.internal.SessionFactoryObserverChain.sessionFactoryCreated(SessionFactoryObserverChain.java:35)
	at org.hibernate.internal.SessionFactoryImpl.<init>(SessionFactoryImpl.java:324)
	at org.hibernate.boot.internal.SessionFactoryBuilderImpl.build(SessionFactoryBuilderImpl.java:463)
	at org.hibernate.jpa.boot.internal.EntityManagerFactoryBuilderImpl.build(EntityManagerFactoryBuilderImpl.java:1517)
	at org.springframework.orm.jpa.vendor.SpringHibernateJpaPersistenceProvider.createContainerEntityManagerFactory(SpringHibernateJpaPersistenceProvider.java:66)
	at org.springframework.orm.jpa.LocalContainerEntityManagerFactoryBean.createNativeEntityManagerFactory(LocalContainerEntityManagerFactoryBean.java:390)
	at org.springframework.orm.jpa.AbstractEntityManagerFactoryBean.buildNativeEntityManagerFactory(AbstractEntityManagerFactoryBean.java:419)
	at org.springframework.orm.jpa.AbstractEntityManagerFactoryBean.afterPropertiesSet(AbstractEntityManagerFactoryBean.java:400)
	at org.springframework.orm.jpa.LocalContainerEntityManagerFactoryBean.afterPropertiesSet(LocalContainerEntityManagerFactoryBean.java:366)
	at org.springframework.beans.factory.support.AbstractAutowireCapableBeanFactory.invokeInitMethods(AbstractAutowireCapableBeanFactory.java:1873)
	at org.springframework.beans.factory.support.AbstractAutowireCapableBeanFactory.initializeBean(AbstractAutowireCapableBeanFactory.java:1822)
	at org.springframework.beans.factory.support.AbstractAutowireCapableBeanFactory.doCreateBean(AbstractAutowireCapableBeanFactory.java:607)
	at org.springframework.beans.factory.support.AbstractAutowireCapableBeanFactory.createBean(AbstractAutowireCapableBeanFactory.java:529)
	at org.springframework.beans.factory.support.AbstractBeanFactory.lambda$doGetBean$0(AbstractBeanFactory.java:339)
	at org.springframework.beans.factory.support.DefaultSingletonBeanRegistry.getSingleton(DefaultSingletonBeanRegistry.java:373)
	at org.springframework.beans.factory.support.AbstractBeanFactory.doGetBean(AbstractBeanFactory.java:337)
	at org.springframework.beans.factory.support.AbstractBeanFactory.getBean(AbstractBeanFactory.java:207)
	at org.springframework.context.support.AbstractApplicationContext.finishBeanFactoryInitialization(AbstractApplicationContext.java:970)
	at org.springframework.context.support.AbstractApplicationContext.refresh(AbstractApplicationContext.java:627)
	at org.springframework.boot.web.servlet.context.ServletWebServerApplicationContext.refresh(ServletWebServerApplicationContext.java:146)
	at org.springframework.boot.SpringApplication.refresh(SpringApplication.java:753)
	at org.springframework.boot.SpringApplication.refreshContext(SpringApplication.java:439)
	at org.springframework.boot.SpringApplication.run(SpringApplication.java:318)
	at org.springframework.boot.SpringApplication.run(SpringApplication.java:1362)
	at org.springframework.boot.SpringApplication.run(SpringApplication.java:1351)
	at io.github.matthewjacobsd.sanaspace.SanaspaceApplication.main(SanaspaceApplication.java:24)
	at java.base/jdk.internal.reflect.DirectMethodHandleAccessor.invoke(DirectMethodHandleAccessor.java:103)
	at java.base/java.lang.reflect.Method.invoke(Method.java:580)
	at org.springframework.boot.devtools.restart.RestartLauncher.run(RestartLauncher.java:50)
Caused by: java.sql.SQLIntegrityConstraintViolationException: (conn=1599) Cannot add or update a child row: a foreign key constraint fails (`sanaspace`.`#sql-alter-16c4-63f`, CONSTRAINT `FK957asorswh9j2ee6w6471j23o` FOREIGN KEY (`medication_id`) REFERENCES `medications` (`id`))
	at org.mariadb.jdbc.export.ExceptionFactory.createException(ExceptionFactory.java:297)
	at org.mariadb.jdbc.export.ExceptionFactory.create(ExceptionFactory.java:378)
	at org.mariadb.jdbc.message.ClientMessage.readPacket(ClientMessage.java:187)
	at org.mariadb.jdbc.client.impl.StandardClient.readPacket(StandardClient.java:1364)
	at org.mariadb.jdbc.client.impl.StandardClient.readResults(StandardClient.java:1303)
	at org.mariadb.jdbc.client.impl.StandardClient.readResponse(StandardClient.java:1222)
	at org.mariadb.jdbc.client.impl.StandardClient.execute(StandardClient.java:1146)
	at org.mariadb.jdbc.Statement.executeInternal(Statement.java:1003)
	at org.mariadb.jdbc.Statement.execute(Statement.java:1132)
	at org.mariadb.jdbc.Statement.execute(Statement.java:471)
	at com.zaxxer.hikari.pool.ProxyStatement.execute(ProxyStatement.java:95)
	at com.zaxxer.hikari.pool.HikariProxyStatement.execute(HikariProxyStatement.java)
	at org.hibernate.tool.schema.internal.exec.GenerationTargetToDatabase.accept(GenerationTargetToDatabase.java:80)
	... 39 common frames omitted
2025-06-11 07:44:15 INFO  o.s.o.j.LocalContainerEntityManagerFactoryBean - Initialized JPA EntityManagerFactory for persistence unit 'default'
2025-06-11 07:44:17 WARN  o.s.b.a.o.j.JpaBaseConfiguration$JpaWebConfiguration - spring.jpa.open-in-view is enabled by default. Therefore, database queries may be performed during view rendering. Explicitly configure spring.jpa.open-in-view to disable this warning
2025-06-11 07:44:18 INFO  o.s.b.a.w.s.WelcomePageHandlerMapping - Adding welcome page template: index
2025-06-11 07:44:22 INFO  o.s.b.d.a.OptionalLiveReloadServer - LiveReload server is running on port 35729
2025-06-11 07:44:22 INFO  o.a.c.c.C.[Tomcat].[localhost].[/] - Initializing Spring DispatcherServlet 'dispatcherServlet'
2025-06-11 07:44:22 INFO  o.s.web.servlet.DispatcherServlet - Initializing Servlet 'dispatcherServlet'
2025-06-11 07:44:22 INFO  o.s.b.a.e.web.EndpointLinksResolver - Exposing 1 endpoint beneath base path '/actuator'
2025-06-11 07:44:22 INFO  o.s.b.f.s.DefaultListableBeanFactory - Obtaining singleton bean 'webEndpointServletHandlerMapping' in thread "RMI TCP Connection(3)-127.0.0.1" while other thread holds singleton lock for other beans [webEndpointServletHandlerMapping]
2025-06-11 07:44:22 INFO  o.s.b.f.s.DefaultListableBeanFactory - Obtaining singleton bean 'controllerEndpointHandlerMapping' in thread "RMI TCP Connection(3)-127.0.0.1" while other thread holds singleton lock for other beans [controllerEndpointHandlerMapping]
2025-06-11 07:44:22 INFO  o.s.web.servlet.DispatcherServlet - Completed initialization in 67 ms
2025-06-11 07:44:22 INFO  o.s.b.w.e.tomcat.TomcatWebServer - Tomcat started on port 8080 (http) with context path '/'
2025-06-11 07:44:22 INFO  i.g.m.sanaspace.SanaspaceApplication - Started SanaspaceApplication in 25.024 seconds (process running for 27.951)
2025-06-11 07:44:23 INFO  i.g.m.sanaspace.SanaspaceApplication - 🚀 Fetching database tables - {} - 2025-06-11T06:44:23.069053800Z
2025-06-11 07:44:23 INFO  i.g.m.sanaspace.SanaspaceApplication - 💡 Tables found in database:
2025-06-11 07:44:23 INFO  i.g.m.sanaspace.SanaspaceApplication - 💡  - doctors
2025-06-11 07:44:23 INFO  i.g.m.sanaspace.SanaspaceApplication - 💡  - insurances
2025-06-11 07:44:23 INFO  i.g.m.sanaspace.SanaspaceApplication - 💡  - medications
2025-06-11 07:44:23 INFO  i.g.m.sanaspace.SanaspaceApplication - 💡  - patients
2025-06-11 07:44:23 INFO  i.g.m.sanaspace.SanaspaceApplication - 💡  - prescriptions
2025-06-11 07:44:23 INFO  i.g.m.sanaspace.SanaspaceApplication - 💡  - visits
2025-06-11 07:44:23 INFO  i.g.m.sanaspace.SanaspaceApplication - ✅ Successfully fetched database tables - Took 139ms
2025-06-11 07:44:23 INFO  i.g.m.sanaspace.SanaspaceApplication - ✅ Sanaspace application started successfully - Took 25292ms
2025-06-11 07:44:23 ERROR i.g.m.sanaspace.SanaspaceApplication - ❌ Failed to start Sanaspace application: null - Request: Application startup - Took 25968ms
Stack: org.springframework.boot.devtools.restart.SilentExitExceptionHandler.exitCurrentThread(SilentExitExceptionHandler.java:92)
org.springframework.boot.devtools.restart.Restarter.immediateRestart(Restarter.java:179)
org.springframework.boot.devtools.restart.Restarter.initialize(Restarter.java:163)
2025-06-11 07:46:48 INFO  i.g.m.sanaspace.controllers.CDoctor - 🚀 Fetching doctors... - {page=1, method=GET, limit=10, uri=/api/doctors} - 2025-06-11T06:46:48.258005Z
2025-06-11 07:46:48 INFO  i.g.m.sanaspace.services.SDoctor - 🚀 Fetching doctors... - {size=10, page=0} - 2025-06-11T06:46:48.277171600Z
2025-06-11 07:46:48 DEBUG org.hibernate.SQL - 
    /* <criteria> */ select
        d1_0.id,
        d1_0.address,
        d1_0.email,
        d1_0.experience,
        d1_0.first_name,
        d1_0.last_name,
        d1_0.specialization 
    from
        doctors d1_0 
    limit
        ?, ?
2025-06-11 07:46:48 DEBUG org.hibernate.SQL - 
    /* <criteria> */ select
        count(d1_0.id) 
    from
        doctors d1_0
2025-06-11 07:46:48 INFO  i.g.m.sanaspace.services.SDoctor - ✅ ✅ fetch all doctors - Took 250ms
2025-06-11 07:46:48 INFO  i.g.m.sanaspace.controllers.CDoctor - ✅ Doctors fetched successfully - Took 276ms
2025-06-11 07:47:57 WARN  o.s.w.s.m.m.a.ExceptionHandlerExceptionResolver - Resolved [org.springframework.web.servlet.resource.NoResourceFoundException: No static resource api/doctors/page=2/size=10.]
2025-06-11 07:50:19 INFO  i.g.m.sanaspace.controllers.CDoctor - 🚀 Fetching doctors... - {page=0, method=GET, limit=10, uri=/api/doctors} - 2025-06-11T06:50:19.517736300Z
2025-06-11 07:50:19 ERROR i.g.m.sanaspace.controllers.CDoctor - ❌ Failed to fetch doctors: Page index must not be less than zero: Page index must not be less than zero - Request: /api/doctors - Took 113ms
Stack: org.springframework.data.domain.AbstractPageRequest.<init>(AbstractPageRequest.java:46)
org.springframework.data.domain.PageRequest.<init>(PageRequest.java:46)
org.springframework.data.domain.PageRequest.of(PageRequest.java:73)
2025-06-11 07:50:34 INFO  i.g.m.sanaspace.controllers.CDoctor - 🚀 Fetching doctors... - {page=1, method=GET, limit=10, uri=/api/doctors} - 2025-06-11T06:50:34.254756100Z
2025-06-11 07:50:34 INFO  i.g.m.sanaspace.services.SDoctor - 🚀 Fetching doctors... - {size=10, page=0} - 2025-06-11T06:50:34.343969200Z
2025-06-11 07:50:34 DEBUG org.hibernate.SQL - 
    /* <criteria> */ select
        d1_0.id,
        d1_0.address,
        d1_0.email,
        d1_0.experience,
        d1_0.first_name,
        d1_0.last_name,
        d1_0.specialization 
    from
        doctors d1_0 
    limit
        ?, ?
2025-06-11 07:50:34 DEBUG org.hibernate.SQL - 
    /* <criteria> */ select
        count(d1_0.id) 
    from
        doctors d1_0
2025-06-11 07:50:34 INFO  i.g.m.sanaspace.services.SDoctor - ✅ ✅ fetch all doctors - Took 178ms
2025-06-11 07:50:34 INFO  i.g.m.sanaspace.controllers.CDoctor - ✅ Doctors fetched successfully - Took 273ms
2025-06-11 07:51:44 INFO  i.g.m.sanaspace.controllers.CDoctor - 🚀 Fetching doctors... - {page=2, method=GET, limit=10, uri=/api/doctors} - 2025-06-11T06:51:44.652930500Z
2025-06-11 07:51:44 INFO  i.g.m.sanaspace.services.SDoctor - 🚀 Fetching doctors... - {size=10, page=1} - 2025-06-11T06:51:44.664765700Z
2025-06-11 07:51:44 DEBUG org.hibernate.SQL - 
    /* <criteria> */ select
        d1_0.id,
        d1_0.address,
        d1_0.email,
        d1_0.experience,
        d1_0.first_name,
        d1_0.last_name,
        d1_0.specialization 
    from
        doctors d1_0 
    limit
        ?, ?
2025-06-11 07:51:44 DEBUG org.hibernate.SQL - 
    /* <criteria> */ select
        count(d1_0.id) 
    from
        doctors d1_0
2025-06-11 07:51:44 INFO  i.g.m.sanaspace.services.SDoctor - ✅ ✅ fetch all doctors - Took 49ms
2025-06-11 07:51:44 INFO  i.g.m.sanaspace.controllers.CDoctor - ✅ Doctors fetched successfully - Took 74ms
2025-06-11 07:52:03 INFO  i.g.m.sanaspace.controllers.CDoctor - 🚀 Fetching doctors... - {page=3, method=GET, limit=10, uri=/api/doctors} - 2025-06-11T06:52:03.814654900Z
2025-06-11 07:52:03 INFO  i.g.m.sanaspace.services.SDoctor - 🚀 Fetching doctors... - {size=10, page=2} - 2025-06-11T06:52:03.819155600Z
2025-06-11 07:52:03 DEBUG org.hibernate.SQL - 
    /* <criteria> */ select
        d1_0.id,
        d1_0.address,
        d1_0.email,
        d1_0.experience,
        d1_0.first_name,
        d1_0.last_name,
        d1_0.specialization 
    from
        doctors d1_0 
    limit
        ?, ?
2025-06-11 07:52:03 INFO  i.g.m.sanaspace.services.SDoctor - ✅ ✅ fetch all doctors - Took 12ms
2025-06-11 07:52:03 INFO  i.g.m.sanaspace.controllers.CDoctor - ✅ Doctors fetched successfully - Took 79ms
2025-06-11 07:52:17 INFO  i.g.m.sanaspace.controllers.CDoctor - 🚀 Fetching doctors... - {page=4, method=GET, limit=10, uri=/api/doctors} - 2025-06-11T06:52:17.390377Z
2025-06-11 07:52:17 INFO  i.g.m.sanaspace.services.SDoctor - 🚀 Fetching doctors... - {size=10, page=3} - 2025-06-11T06:52:17.401462100Z
2025-06-11 07:52:17 DEBUG org.hibernate.SQL - 
    /* <criteria> */ select
        d1_0.id,
        d1_0.address,
        d1_0.email,
        d1_0.experience,
        d1_0.first_name,
        d1_0.last_name,
        d1_0.specialization 
    from
        doctors d1_0 
    limit
        ?, ?
2025-06-11 07:52:17 DEBUG org.hibernate.SQL - 
    /* <criteria> */ select
        count(d1_0.id) 
    from
        doctors d1_0
2025-06-11 07:52:17 INFO  i.g.m.sanaspace.services.SDoctor - ✅ ✅ fetch all doctors - Took 13ms
2025-06-11 07:52:17 INFO  i.g.m.sanaspace.controllers.CDoctor - ✅ Doctors fetched successfully - Took 30ms
2025-06-11 07:52:30 INFO  i.g.m.sanaspace.controllers.CDoctor - 🚀 Fetching doctors... - {page=1, method=GET, limit=10, uri=/api/doctors} - 2025-06-11T06:52:30.493962300Z
2025-06-11 07:52:30 INFO  i.g.m.sanaspace.services.SDoctor - 🚀 Fetching doctors... - {size=10, page=0} - 2025-06-11T06:52:30.497412Z
2025-06-11 07:52:30 DEBUG org.hibernate.SQL - 
    /* <criteria> */ select
        d1_0.id,
        d1_0.address,
        d1_0.email,
        d1_0.experience,
        d1_0.first_name,
        d1_0.last_name,
        d1_0.specialization 
    from
        doctors d1_0 
    limit
        ?, ?
2025-06-11 07:52:30 DEBUG org.hibernate.SQL - 
    /* <criteria> */ select
        count(d1_0.id) 
    from
        doctors d1_0
2025-06-11 07:52:30 INFO  i.g.m.sanaspace.services.SDoctor - ✅ ✅ fetch all doctors - Took 40ms
2025-06-11 07:52:30 INFO  i.g.m.sanaspace.controllers.CDoctor - ✅ Doctors fetched successfully - Took 52ms
2025-06-11 07:57:30 INFO  i.g.m.sanaspace.controllers.CDoctor - 🚀 Fetching doctors... - {page=1, method=GET, limit=10, uri=/api/doctors} - 2025-06-11T06:57:30.333265Z
2025-06-11 07:57:30 INFO  i.g.m.sanaspace.services.SDoctor - 🚀 Fetching doctors... - {size=10, page=0} - 2025-06-11T06:57:30.393843100Z
2025-06-11 07:57:30 DEBUG org.hibernate.SQL - 
    /* <criteria> */ select
        d1_0.id,
        d1_0.address,
        d1_0.email,
        d1_0.experience,
        d1_0.first_name,
        d1_0.last_name,
        d1_0.specialization 
    from
        doctors d1_0 
    limit
        ?, ?
2025-06-11 07:57:30 DEBUG org.hibernate.SQL - 
    /* <criteria> */ select
        count(d1_0.id) 
    from
        doctors d1_0
2025-06-11 07:57:30 INFO  i.g.m.sanaspace.services.SDoctor - ✅ ✅ fetch all doctors - Took 111ms
2025-06-11 07:57:30 INFO  i.g.m.sanaspace.controllers.CDoctor - ✅ Doctors fetched successfully - Took 175ms
2025-06-11 07:57:35 INFO  i.g.m.sanaspace.controllers.CDoctor - 🚀 Fetching doctor by ID... - {uri=/api/doctors/ff7c0432-89ab-40c5-bc50-f6b77439d9c6, id=ff7c0432-89ab-40c5-bc50-f6b77439d9c6, method=GET} - 2025-06-11T06:57:35.463468900Z
2025-06-11 07:57:35 INFO  i.g.m.sanaspace.services.SDoctor - 🚀 Fetching single doctor... - {id=ff7c0432-89ab-40c5-bc50-f6b77439d9c6} - 2025-06-11T06:57:35.468993900Z
2025-06-11 07:57:35 DEBUG org.hibernate.SQL - 
    select
        d1_0.id,
        d1_0.address,
        d1_0.email,
        d1_0.experience,
        d1_0.first_name,
        d1_0.last_name,
        d1_0.specialization 
    from
        doctors d1_0 
    where
        d1_0.id=?
2025-06-11 07:57:35 INFO  i.g.m.sanaspace.services.SDoctor - ✅ ✅ fetch doctor by ID - Took 231ms
2025-06-11 07:57:35 INFO  i.g.m.sanaspace.controllers.CDoctor - ✅ Doctor fetched successfully - Took 238ms
2025-06-11 07:58:22 INFO  i.g.m.sanaspace.controllers.CDoctor - 🚀 Deleting doctor... - {uri=/api/doctors/ff7c0432-89ab-40c5-bc50-f6b77439d9c6, id=ff7c0432-89ab-40c5-bc50-f6b77439d9c6, method=DELETE} - 2025-06-11T06:58:22.766177200Z
2025-06-11 07:58:22 INFO  i.g.m.sanaspace.services.SDoctor - 🚀 Deleting doctor... - {id=ff7c0432-89ab-40c5-bc50-f6b77439d9c6} - 2025-06-11T06:58:22.776277700Z
2025-06-11 07:58:22 DEBUG org.hibernate.SQL - 
    select
        d1_0.id,
        d1_0.address,
        d1_0.email,
        d1_0.experience,
        d1_0.first_name,
        d1_0.last_name,
        d1_0.specialization 
    from
        doctors d1_0 
    where
        d1_0.id=?
2025-06-11 07:58:22 DEBUG org.hibernate.SQL - 
    select
        p1_0.doctor_id,
        p1_0.id,
        p1_0.comments,
        p1_0.dosage_amount,
        p1_0.duration,
        m1_0.id,
        m1_0.benefits,
        m1_0.name,
        m1_0.side_effects,
        p2_0.id,
        p2_0.address,
        p2_0.email,
        p2_0.first_name,
        i1_0.id,
        i1_0.address,
        i1_0.company_name,
        i1_0.phone_number,
        p2_0.patient_insurance,
        p2_0.last_name,
        p2_0.phone_number,
        p2_0.postcode,
        p1_0.prescription_date 
    from
        prescriptions p1_0 
    left join
        medications m1_0 
            on m1_0.id=p1_0.medication_id 
    left join
        patients p2_0 
            on p2_0.id=p1_0.patient_id 
    left join
        insurances i1_0 
            on i1_0.id=p2_0.insurance_id 
    where
        p1_0.doctor_id=?
2025-06-11 07:58:23 DEBUG org.hibernate.SQL - 
    select
        v1_0.doctor_id,
        v1_0.patient_id,
        v1_0.visit_date,
        v1_0.diagnosis,
        p1_0.id,
        p1_0.address,
        p1_0.email,
        p1_0.first_name,
        i1_0.id,
        i1_0.address,
        i1_0.company_name,
        i1_0.phone_number,
        p1_0.patient_insurance,
        p1_0.last_name,
        p1_0.phone_number,
        p1_0.postcode,
        v1_0.symptoms 
    from
        visits v1_0 
    left join
        patients p1_0 
            on p1_0.id=v1_0.patient_id 
    left join
        insurances i1_0 
            on i1_0.id=p1_0.insurance_id 
    where
        v1_0.doctor_id=?
2025-06-11 07:58:23 INFO  i.g.m.sanaspace.services.SDoctor - ✅ ✅ delete doctor - Took 455ms
2025-06-11 07:58:23 DEBUG org.hibernate.SQL - 
    /* delete for io.github.matthewjacobsd.sanaspace.models.Prescription */delete 
    from
        prescriptions 
    where
        id=?
2025-06-11 07:58:23 DEBUG org.hibernate.SQL - 
    /* delete for io.github.matthewjacobsd.sanaspace.models.Visit */delete 
    from
        visits 
    where
        doctor_id=? 
        and patient_id=? 
        and visit_date=?
2025-06-11 07:58:23 DEBUG org.hibernate.SQL - 
    /* delete for io.github.matthewjacobsd.sanaspace.models.Doctor */delete 
    from
        doctors 
    where
        id=?
2025-06-11 07:58:23 INFO  i.g.m.sanaspace.controllers.CDoctor - ✅ Doctor deleted successfully - Took 647ms
2025-06-11 07:58:28 INFO  i.g.m.sanaspace.controllers.CDoctor - 🚀 Fetching doctor by ID... - {uri=/api/doctors/ff7c0432-89ab-40c5-bc50-f6b77439d9c6, id=ff7c0432-89ab-40c5-bc50-f6b77439d9c6, method=GET} - 2025-06-11T06:58:28.792258400Z
2025-06-11 07:58:28 INFO  i.g.m.sanaspace.services.SDoctor - 🚀 Fetching single doctor... - {id=ff7c0432-89ab-40c5-bc50-f6b77439d9c6} - 2025-06-11T06:58:28.794244300Z
2025-06-11 07:58:28 DEBUG org.hibernate.SQL - 
    select
        d1_0.id,
        d1_0.address,
        d1_0.email,
        d1_0.experience,
        d1_0.first_name,
        d1_0.last_name,
        d1_0.specialization 
    from
        doctors d1_0 
    where
        d1_0.id=?
2025-06-11 07:58:28 ERROR i.g.m.sanaspace.services.SDoctor - ❌ ❌ Doctor not found with id: ff7c0432-89ab-40c5-bc50-f6b77439d9c6: Doctor not found with id: ff7c0432-89ab-40c5-bc50-f6b77439d9c6 - Request: fetch doctor by ID - Took 21ms
Stack: io.github.matthewjacobsd.sanaspace.services.SDoctor.lambda$fetchDoctorById$3(SDoctor.java:69)
java.base/java.util.Optional.orElseThrow(Optional.java:403)
io.github.matthewjacobsd.sanaspace.services.SDoctor.lambda$fetchDoctorById$4(SDoctor.java:69)
2025-06-11 07:58:28 ERROR i.g.m.sanaspace.controllers.CDoctor - ❌ Failed to fetch doctor: Doctor not found with id: ff7c0432-89ab-40c5-bc50-f6b77439d9c6: Doctor not found with id: ff7c0432-89ab-40c5-bc50-f6b77439d9c6 - Request: /api/doctors/ff7c0432-89ab-40c5-bc50-f6b77439d9c6 - Took 44ms
Stack: io.github.matthewjacobsd.sanaspace.services.SDoctor.lambda$fetchDoctorById$3(SDoctor.java:69)
java.base/java.util.Optional.orElseThrow(Optional.java:403)
io.github.matthewjacobsd.sanaspace.services.SDoctor.lambda$fetchDoctorById$4(SDoctor.java:69)
2025-06-11 07:58:57 WARN  o.s.w.s.m.m.a.ExceptionHandlerExceptionResolver - Resolved [org.springframework.http.converter.HttpMessageNotReadableException: JSON parse error: Cannot deserialize value of type `io.github.matthewjacobsd.sanaspace.models.Doctor$Experience` from String "JUNIOR": not one of the values accepted for Enum class: [Senior, Specialist, Intern, Novice, Junior, Expert, Consultant, MidLevel, Resident]]
2025-06-11 08:08:02 INFO  i.g.m.s.files.DoctorControllerTests - Starting DoctorControllerTests using Java 21.0.7 with PID 3188 (started by emerd in C:\Users\emerd\Code\sanaspace)
2025-06-11 08:08:02 INFO  i.g.m.s.files.DoctorControllerTests - No active profile set, falling back to 1 default profile: "default"
2025-06-11 08:08:06 INFO  o.s.d.r.c.RepositoryConfigurationDelegate - Bootstrapping Spring Data JPA repositories in DEFAULT mode.
2025-06-11 08:08:07 INFO  o.s.d.r.c.RepositoryConfigurationDelegate - Finished Spring Data repository scanning in 268 ms. Found 6 JPA repository interfaces.
2025-06-11 08:08:10 INFO  o.h.jpa.internal.util.LogHelper - HHH000204: Processing PersistenceUnitInfo [name: default]
2025-06-11 08:08:10 INFO  org.hibernate.Version - HHH000412: Hibernate ORM core version 6.6.15.Final
2025-06-11 08:08:10 INFO  o.h.c.i.RegionFactoryInitiator - HHH000026: Second-level cache disabled
2025-06-11 08:08:12 INFO  o.s.o.j.p.SpringPersistenceUnitInfo - No LoadTimeWeaver setup: ignoring JPA class transformer
2025-06-11 08:08:12 INFO  com.zaxxer.hikari.HikariDataSource - HikariPool-1 - Starting...
2025-06-11 08:08:12 INFO  com.zaxxer.hikari.pool.HikariPool - HikariPool-1 - Added connection org.mariadb.jdbc.Connection@1aaaabd1
2025-06-11 08:08:12 INFO  com.zaxxer.hikari.HikariDataSource - HikariPool-1 - Start completed.
2025-06-11 08:08:12 INFO  o.hibernate.orm.connections.pooling - HHH10001005: Database info:
	Database JDBC URL [Connecting through datasource 'HikariDataSource (HikariPool-1)']
	Database driver: undefined/unknown
	Database version: 11.7.2
	Autocommit mode: undefined/unknown
	Isolation level: undefined/unknown
	Minimum pool size: undefined/unknown
	Maximum pool size: undefined/unknown
2025-06-11 08:08:15 INFO  o.h.e.t.j.p.i.JtaPlatformInitiator - HHH000489: No JTA platform available (set 'hibernate.transaction.jta.platform' to enable JTA platform integration)
2025-06-11 08:08:16 DEBUG org.hibernate.SQL - 
    alter table if exists visits 
       modify column symptoms varchar(50)
2025-06-11 08:08:16 WARN  o.m.jdbc.message.server.ErrorPacket - Error: 1406-22001: Data too long for column 'symptoms' at row 1
2025-06-11 08:08:16 WARN  o.h.t.s.i.ExceptionHandlerLoggedImpl - GenerationTarget encountered exception accepting command : Error executing DDL "
    alter table if exists visits 
       modify column symptoms varchar(50)" via JDBC [(conn=1611) Data too long for column 'symptoms' at row 1]
org.hibernate.tool.schema.spi.CommandAcceptanceException: Error executing DDL "
    alter table if exists visits 
       modify column symptoms varchar(50)" via JDBC [(conn=1611) Data too long for column 'symptoms' at row 1]
	at org.hibernate.tool.schema.internal.exec.GenerationTargetToDatabase.accept(GenerationTargetToDatabase.java:94)
	at org.hibernate.tool.schema.internal.AbstractSchemaMigrator.applySqlString(AbstractSchemaMigrator.java:576)
	at org.hibernate.tool.schema.internal.AbstractSchemaMigrator.applySqlStrings(AbstractSchemaMigrator.java:516)
	at org.hibernate.tool.schema.internal.AbstractSchemaMigrator.migrateTable(AbstractSchemaMigrator.java:334)
	at org.hibernate.tool.schema.internal.GroupedSchemaMigratorImpl.performTablesMigration(GroupedSchemaMigratorImpl.java:84)
	at org.hibernate.tool.schema.internal.AbstractSchemaMigrator.performMigration(AbstractSchemaMigrator.java:233)
	at org.hibernate.tool.schema.internal.AbstractSchemaMigrator.doMigration(AbstractSchemaMigrator.java:112)
	at org.hibernate.tool.schema.spi.SchemaManagementToolCoordinator.performDatabaseAction(SchemaManagementToolCoordinator.java:280)
	at org.hibernate.tool.schema.spi.SchemaManagementToolCoordinator.lambda$process$5(SchemaManagementToolCoordinator.java:144)
	at java.base/java.util.HashMap.forEach(HashMap.java:1429)
	at org.hibernate.tool.schema.spi.SchemaManagementToolCoordinator.process(SchemaManagementToolCoordinator.java:141)
	at org.hibernate.boot.internal.SessionFactoryObserverForSchemaExport.sessionFactoryCreated(SessionFactoryObserverForSchemaExport.java:37)
	at org.hibernate.internal.SessionFactoryObserverChain.sessionFactoryCreated(SessionFactoryObserverChain.java:35)
	at org.hibernate.internal.SessionFactoryImpl.<init>(SessionFactoryImpl.java:324)
	at org.hibernate.boot.internal.SessionFactoryBuilderImpl.build(SessionFactoryBuilderImpl.java:463)
	at org.hibernate.jpa.boot.internal.EntityManagerFactoryBuilderImpl.build(EntityManagerFactoryBuilderImpl.java:1517)
	at org.springframework.orm.jpa.vendor.SpringHibernateJpaPersistenceProvider.createContainerEntityManagerFactory(SpringHibernateJpaPersistenceProvider.java:66)
	at org.springframework.orm.jpa.LocalContainerEntityManagerFactoryBean.createNativeEntityManagerFactory(LocalContainerEntityManagerFactoryBean.java:390)
	at org.springframework.orm.jpa.AbstractEntityManagerFactoryBean.buildNativeEntityManagerFactory(AbstractEntityManagerFactoryBean.java:419)
	at org.springframework.orm.jpa.AbstractEntityManagerFactoryBean.afterPropertiesSet(AbstractEntityManagerFactoryBean.java:400)
	at org.springframework.orm.jpa.LocalContainerEntityManagerFactoryBean.afterPropertiesSet(LocalContainerEntityManagerFactoryBean.java:366)
	at org.springframework.beans.factory.support.AbstractAutowireCapableBeanFactory.invokeInitMethods(AbstractAutowireCapableBeanFactory.java:1873)
	at org.springframework.beans.factory.support.AbstractAutowireCapableBeanFactory.initializeBean(AbstractAutowireCapableBeanFactory.java:1822)
	at org.springframework.beans.factory.support.AbstractAutowireCapableBeanFactory.doCreateBean(AbstractAutowireCapableBeanFactory.java:607)
	at org.springframework.beans.factory.support.AbstractAutowireCapableBeanFactory.createBean(AbstractAutowireCapableBeanFactory.java:529)
	at org.springframework.beans.factory.support.AbstractBeanFactory.lambda$doGetBean$0(AbstractBeanFactory.java:339)
	at org.springframework.beans.factory.support.DefaultSingletonBeanRegistry.getSingleton(DefaultSingletonBeanRegistry.java:373)
	at org.springframework.beans.factory.support.AbstractBeanFactory.doGetBean(AbstractBeanFactory.java:337)
	at org.springframework.beans.factory.support.AbstractBeanFactory.getBean(AbstractBeanFactory.java:207)
	at org.springframework.context.support.AbstractApplicationContext.finishBeanFactoryInitialization(AbstractApplicationContext.java:970)
	at org.springframework.context.support.AbstractApplicationContext.refresh(AbstractApplicationContext.java:627)
	at org.springframework.boot.SpringApplication.refresh(SpringApplication.java:753)
	at org.springframework.boot.SpringApplication.refreshContext(SpringApplication.java:439)
	at org.springframework.boot.SpringApplication.run(SpringApplication.java:318)
	at org.springframework.boot.test.context.SpringBootContextLoader.lambda$loadContext$3(SpringBootContextLoader.java:144)
	at org.springframework.util.function.ThrowingSupplier.get(ThrowingSupplier.java:58)
	at org.springframework.util.function.ThrowingSupplier.get(ThrowingSupplier.java:46)
	at org.springframework.boot.SpringApplication.withHook(SpringApplication.java:1462)
	at org.springframework.boot.test.context.SpringBootContextLoader$ContextLoaderHook.run(SpringBootContextLoader.java:563)
	at org.springframework.boot.test.context.SpringBootContextLoader.loadContext(SpringBootContextLoader.java:144)
	at org.springframework.boot.test.context.SpringBootContextLoader.loadContext(SpringBootContextLoader.java:110)
	at org.springframework.test.context.cache.DefaultCacheAwareContextLoaderDelegate.loadContextInternal(DefaultCacheAwareContextLoaderDelegate.java:225)
	at org.springframework.test.context.cache.DefaultCacheAwareContextLoaderDelegate.loadContext(DefaultCacheAwareContextLoaderDelegate.java:152)
	at org.springframework.test.context.support.DefaultTestContext.getApplicationContext(DefaultTestContext.java:130)
	at org.springframework.test.context.web.ServletTestExecutionListener.setUpRequestContextIfNecessary(ServletTestExecutionListener.java:200)
	at org.springframework.test.context.web.ServletTestExecutionListener.prepareTestInstance(ServletTestExecutionListener.java:139)
	at org.springframework.test.context.TestContextManager.prepareTestInstance(TestContextManager.java:260)
	at org.springframework.test.context.junit.jupiter.SpringExtension.postProcessTestInstance(SpringExtension.java:159)
	at org.junit.jupiter.engine.descriptor.ClassBasedTestDescriptor.lambda$invokeTestInstancePostProcessors$10(ClassBasedTestDescriptor.java:383)
	at org.junit.jupiter.engine.descriptor.ClassBasedTestDescriptor.executeAndMaskThrowable(ClassBasedTestDescriptor.java:388)
	at org.junit.jupiter.engine.descriptor.ClassBasedTestDescriptor.lambda$invokeTestInstancePostProcessors$11(ClassBasedTestDescriptor.java:382)
	at java.base/java.util.stream.ForEachOps$ForEachOp$OfRef.accept(ForEachOps.java:184)
	at java.base/java.util.stream.ReferencePipeline$3$1.accept(ReferencePipeline.java:197)
	at java.base/java.util.stream.ReferencePipeline$2$1.accept(ReferencePipeline.java:179)
	at java.base/java.util.stream.ReferencePipeline$3$1.accept(ReferencePipeline.java:197)
	at java.base/java.util.ArrayList$ArrayListSpliterator.forEachRemaining(ArrayList.java:1708)
	at java.base/java.util.stream.AbstractPipeline.copyInto(AbstractPipeline.java:509)
	at java.base/java.util.stream.AbstractPipeline.wrapAndCopyInto(AbstractPipeline.java:499)
	at java.base/java.util.stream.ForEachOps$ForEachOp.evaluateSequential(ForEachOps.java:151)
	at java.base/java.util.stream.ForEachOps$ForEachOp$OfRef.evaluateSequential(ForEachOps.java:174)
	at java.base/java.util.stream.AbstractPipeline.evaluate(AbstractPipeline.java:234)
	at java.base/java.util.stream.ReferencePipeline.forEach(ReferencePipeline.java:596)
	at org.junit.jupiter.engine.descriptor.ClassBasedTestDescriptor.invokeTestInstancePostProcessors(ClassBasedTestDescriptor.java:382)
	at org.junit.jupiter.engine.descriptor.ClassBasedTestDescriptor.lambda$instantiateAndPostProcessTestInstance$6(ClassBasedTestDescriptor.java:293)
	at org.junit.platform.engine.support.hierarchical.ThrowableCollector.execute(ThrowableCollector.java:73)
	at org.junit.jupiter.engine.descriptor.ClassBasedTestDescriptor.instantiateAndPostProcessTestInstance(ClassBasedTestDescriptor.java:292)
	at org.junit.jupiter.engine.descriptor.ClassBasedTestDescriptor.lambda$testInstancesProvider$4(ClassBasedTestDescriptor.java:281)
	at java.base/java.util.Optional.orElseGet(Optional.java:364)
	at org.junit.jupiter.engine.descriptor.ClassBasedTestDescriptor.lambda$testInstancesProvider$5(ClassBasedTestDescriptor.java:280)
	at org.junit.jupiter.engine.execution.TestInstancesProvider.getTestInstances(TestInstancesProvider.java:27)
	at org.junit.jupiter.engine.descriptor.TestMethodTestDescriptor.lambda$prepare$0(TestMethodTestDescriptor.java:112)
	at org.junit.platform.engine.support.hierarchical.ThrowableCollector.execute(ThrowableCollector.java:73)
	at org.junit.jupiter.engine.descriptor.TestMethodTestDescriptor.prepare(TestMethodTestDescriptor.java:111)
	at org.junit.jupiter.engine.descriptor.TestMethodTestDescriptor.prepare(TestMethodTestDescriptor.java:69)
	at org.junit.platform.engine.support.hierarchical.NodeTestTask.lambda$prepare$2(NodeTestTask.java:128)
	at org.junit.platform.engine.support.hierarchical.ThrowableCollector.execute(ThrowableCollector.java:73)
	at org.junit.platform.engine.support.hierarchical.NodeTestTask.prepare(NodeTestTask.java:128)
	at org.junit.platform.engine.support.hierarchical.NodeTestTask.execute(NodeTestTask.java:95)
	at java.base/java.util.ArrayList.forEach(ArrayList.java:1596)
	at org.junit.platform.engine.support.hierarchical.SameThreadHierarchicalTestExecutorService.invokeAll(SameThreadHierarchicalTestExecutorService.java:41)
	at org.junit.platform.engine.support.hierarchical.NodeTestTask.lambda$executeRecursively$6(NodeTestTask.java:160)
	at org.junit.platform.engine.support.hierarchical.ThrowableCollector.execute(ThrowableCollector.java:73)
	at org.junit.platform.engine.support.hierarchical.NodeTestTask.lambda$executeRecursively$8(NodeTestTask.java:146)
	at org.junit.platform.engine.support.hierarchical.Node.around(Node.java:137)
	at org.junit.platform.engine.support.hierarchical.NodeTestTask.lambda$executeRecursively$9(NodeTestTask.java:144)
	at org.junit.platform.engine.support.hierarchical.ThrowableCollector.execute(ThrowableCollector.java:73)
	at org.junit.platform.engine.support.hierarchical.NodeTestTask.executeRecursively(NodeTestTask.java:143)
	at org.junit.platform.engine.support.hierarchical.NodeTestTask.execute(NodeTestTask.java:100)
	at java.base/java.util.ArrayList.forEach(ArrayList.java:1596)
	at org.junit.platform.engine.support.hierarchical.SameThreadHierarchicalTestExecutorService.invokeAll(SameThreadHierarchicalTestExecutorService.java:41)
	at org.junit.platform.engine.support.hierarchical.NodeTestTask.lambda$executeRecursively$6(NodeTestTask.java:160)
	at org.junit.platform.engine.support.hierarchical.ThrowableCollector.execute(ThrowableCollector.java:73)
	at org.junit.platform.engine.support.hierarchical.NodeTestTask.lambda$executeRecursively$8(NodeTestTask.java:146)
	at org.junit.platform.engine.support.hierarchical.Node.around(Node.java:137)
	at org.junit.platform.engine.support.hierarchical.NodeTestTask.lambda$executeRecursively$9(NodeTestTask.java:144)
	at org.junit.platform.engine.support.hierarchical.ThrowableCollector.execute(ThrowableCollector.java:73)
	at org.junit.platform.engine.support.hierarchical.NodeTestTask.executeRecursively(NodeTestTask.java:143)
	at org.junit.platform.engine.support.hierarchical.NodeTestTask.execute(NodeTestTask.java:100)
	at org.junit.platform.engine.support.hierarchical.SameThreadHierarchicalTestExecutorService.submit(SameThreadHierarchicalTestExecutorService.java:35)
	at org.junit.platform.engine.support.hierarchical.HierarchicalTestExecutor.execute(HierarchicalTestExecutor.java:57)
	at org.junit.platform.engine.support.hierarchical.HierarchicalTestEngine.execute(HierarchicalTestEngine.java:54)
	at org.junit.platform.launcher.core.EngineExecutionOrchestrator.execute(EngineExecutionOrchestrator.java:201)
	at org.junit.platform.launcher.core.EngineExecutionOrchestrator.execute(EngineExecutionOrchestrator.java:170)
	at org.junit.platform.launcher.core.EngineExecutionOrchestrator.execute(EngineExecutionOrchestrator.java:94)
	at org.junit.platform.launcher.core.EngineExecutionOrchestrator.lambda$execute$0(EngineExecutionOrchestrator.java:59)
	at org.junit.platform.launcher.core.EngineExecutionOrchestrator.withInterceptedStreams(EngineExecutionOrchestrator.java:142)
	at org.junit.platform.launcher.core.EngineExecutionOrchestrator.execute(EngineExecutionOrchestrator.java:58)
	at org.junit.platform.launcher.core.DefaultLauncher.execute(DefaultLauncher.java:103)
	at org.junit.platform.launcher.core.DefaultLauncher.execute(DefaultLauncher.java:85)
	at org.junit.platform.launcher.core.DelegatingLauncher.execute(DelegatingLauncher.java:47)
	at org.junit.platform.launcher.core.InterceptingLauncher.lambda$execute$1(InterceptingLauncher.java:39)
	at org.junit.platform.launcher.core.ClasspathAlignmentCheckingLauncherInterceptor.intercept(ClasspathAlignmentCheckingLauncherInterceptor.java:25)
	at org.junit.platform.launcher.core.InterceptingLauncher.execute(InterceptingLauncher.java:38)
	at org.junit.platform.launcher.core.DelegatingLauncher.execute(DelegatingLauncher.java:47)
	at org.gradle.api.internal.tasks.testing.junitplatform.JUnitPlatformTestClassProcessor$CollectAllTestClassesExecutor.processAllTestClasses(JUnitPlatformTestClassProcessor.java:124)
	at org.gradle.api.internal.tasks.testing.junitplatform.JUnitPlatformTestClassProcessor$CollectAllTestClassesExecutor.access$000(JUnitPlatformTestClassProcessor.java:99)
	at org.gradle.api.internal.tasks.testing.junitplatform.JUnitPlatformTestClassProcessor.stop(JUnitPlatformTestClassProcessor.java:94)
	at org.gradle.api.internal.tasks.testing.SuiteTestClassProcessor.stop(SuiteTestClassProcessor.java:63)
	at java.base/jdk.internal.reflect.DirectMethodHandleAccessor.invoke(DirectMethodHandleAccessor.java:103)
	at java.base/java.lang.reflect.Method.invoke(Method.java:580)
	at org.gradle.internal.dispatch.ReflectionDispatch.dispatch(ReflectionDispatch.java:36)
	at org.gradle.internal.dispatch.ReflectionDispatch.dispatch(ReflectionDispatch.java:24)
	at org.gradle.internal.dispatch.ContextClassLoaderDispatch.dispatch(ContextClassLoaderDispatch.java:33)
	at org.gradle.internal.dispatch.ProxyDispatchAdapter$DispatchingInvocationHandler.invoke(ProxyDispatchAdapter.java:92)
	at jdk.proxy1/jdk.proxy1.$Proxy4.stop(Unknown Source)
	at org.gradle.api.internal.tasks.testing.worker.TestWorker$3.run(TestWorker.java:200)
	at org.gradle.api.internal.tasks.testing.worker.TestWorker.executeAndMaintainThreadName(TestWorker.java:132)
	at org.gradle.api.internal.tasks.testing.worker.TestWorker.execute(TestWorker.java:103)
	at org.gradle.api.internal.tasks.testing.worker.TestWorker.execute(TestWorker.java:63)
	at org.gradle.process.internal.worker.child.ActionExecutionWorker.execute(ActionExecutionWorker.java:56)
	at org.gradle.process.internal.worker.child.SystemApplicationClassLoaderWorker.call(SystemApplicationClassLoaderWorker.java:121)
	at org.gradle.process.internal.worker.child.SystemApplicationClassLoaderWorker.call(SystemApplicationClassLoaderWorker.java:71)
	at worker.org.gradle.process.internal.worker.GradleWorkerMain.run(GradleWorkerMain.java:69)
	at worker.org.gradle.process.internal.worker.GradleWorkerMain.main(GradleWorkerMain.java:74)
Caused by: java.sql.SQLSyntaxErrorException: (conn=1611) Data too long for column 'symptoms' at row 1
	at org.mariadb.jdbc.export.ExceptionFactory.createException(ExceptionFactory.java:289)
	at org.mariadb.jdbc.export.ExceptionFactory.create(ExceptionFactory.java:378)
	at org.mariadb.jdbc.message.ClientMessage.readPacket(ClientMessage.java:187)
	at org.mariadb.jdbc.client.impl.StandardClient.readPacket(StandardClient.java:1364)
	at org.mariadb.jdbc.client.impl.StandardClient.readResults(StandardClient.java:1303)
	at org.mariadb.jdbc.client.impl.StandardClient.readResponse(StandardClient.java:1222)
	at org.mariadb.jdbc.client.impl.StandardClient.execute(StandardClient.java:1146)
	at org.mariadb.jdbc.Statement.executeInternal(Statement.java:1003)
	at org.mariadb.jdbc.Statement.execute(Statement.java:1132)
	at org.mariadb.jdbc.Statement.execute(Statement.java:471)
	at com.zaxxer.hikari.pool.ProxyStatement.execute(ProxyStatement.java:95)
	at com.zaxxer.hikari.pool.HikariProxyStatement.execute(HikariProxyStatement.java)
	at org.hibernate.tool.schema.internal.exec.GenerationTargetToDatabase.accept(GenerationTargetToDatabase.java:80)
	... 133 common frames omitted
2025-06-11 08:08:16 DEBUG org.hibernate.SQL - 
    alter table if exists patients 
       add constraint FKhkntdq6ujwdgqbx8iwffi2ffb 
       foreign key (insurance_id) 
       references insurances (id)
2025-06-11 08:08:16 WARN  o.m.jdbc.message.server.ErrorPacket - Error: 1452-23000: Cannot add or update a child row: a foreign key constraint fails (`sanaspace`.`#sql-alter-16c4-64b`, CONSTRAINT `FKhkntdq6ujwdgqbx8iwffi2ffb` FOREIGN KEY (`insurance_id`) REFERENCES `insurances` (`id`))
2025-06-11 08:08:16 WARN  o.h.t.s.i.ExceptionHandlerLoggedImpl - GenerationTarget encountered exception accepting command : Error executing DDL "
    alter table if exists patients 
       add constraint FKhkntdq6ujwdgqbx8iwffi2ffb 
       foreign key (insurance_id) 
       references insurances (id)" via JDBC [(conn=1611) Cannot add or update a child row: a foreign key constraint fails (`sanaspace`.`#sql-alter-16c4-64b`, CONSTRAINT `FKhkntdq6ujwdgqbx8iwffi2ffb` FOREIGN KEY (`insurance_id`) REFERENCES `insurances` (`id`))]
org.hibernate.tool.schema.spi.CommandAcceptanceException: Error executing DDL "
    alter table if exists patients 
       add constraint FKhkntdq6ujwdgqbx8iwffi2ffb 
       foreign key (insurance_id) 
       references insurances (id)" via JDBC [(conn=1611) Cannot add or update a child row: a foreign key constraint fails (`sanaspace`.`#sql-alter-16c4-64b`, CONSTRAINT `FKhkntdq6ujwdgqbx8iwffi2ffb` FOREIGN KEY (`insurance_id`) REFERENCES `insurances` (`id`))]
	at org.hibernate.tool.schema.internal.exec.GenerationTargetToDatabase.accept(GenerationTargetToDatabase.java:94)
	at org.hibernate.tool.schema.internal.AbstractSchemaMigrator.applySqlString(AbstractSchemaMigrator.java:576)
	at org.hibernate.tool.schema.internal.AbstractSchemaMigrator.applySqlStrings(AbstractSchemaMigrator.java:516)
	at org.hibernate.tool.schema.internal.AbstractSchemaMigrator.applyForeignKeys(AbstractSchemaMigrator.java:448)
	at org.hibernate.tool.schema.internal.AbstractSchemaMigrator.performMigration(AbstractSchemaMigrator.java:269)
	at org.hibernate.tool.schema.internal.AbstractSchemaMigrator.doMigration(AbstractSchemaMigrator.java:112)
	at org.hibernate.tool.schema.spi.SchemaManagementToolCoordinator.performDatabaseAction(SchemaManagementToolCoordinator.java:280)
	at org.hibernate.tool.schema.spi.SchemaManagementToolCoordinator.lambda$process$5(SchemaManagementToolCoordinator.java:144)
	at java.base/java.util.HashMap.forEach(HashMap.java:1429)
	at org.hibernate.tool.schema.spi.SchemaManagementToolCoordinator.process(SchemaManagementToolCoordinator.java:141)
	at org.hibernate.boot.internal.SessionFactoryObserverForSchemaExport.sessionFactoryCreated(SessionFactoryObserverForSchemaExport.java:37)
	at org.hibernate.internal.SessionFactoryObserverChain.sessionFactoryCreated(SessionFactoryObserverChain.java:35)
	at org.hibernate.internal.SessionFactoryImpl.<init>(SessionFactoryImpl.java:324)
	at org.hibernate.boot.internal.SessionFactoryBuilderImpl.build(SessionFactoryBuilderImpl.java:463)
	at org.hibernate.jpa.boot.internal.EntityManagerFactoryBuilderImpl.build(EntityManagerFactoryBuilderImpl.java:1517)
	at org.springframework.orm.jpa.vendor.SpringHibernateJpaPersistenceProvider.createContainerEntityManagerFactory(SpringHibernateJpaPersistenceProvider.java:66)
	at org.springframework.orm.jpa.LocalContainerEntityManagerFactoryBean.createNativeEntityManagerFactory(LocalContainerEntityManagerFactoryBean.java:390)
	at org.springframework.orm.jpa.AbstractEntityManagerFactoryBean.buildNativeEntityManagerFactory(AbstractEntityManagerFactoryBean.java:419)
	at org.springframework.orm.jpa.AbstractEntityManagerFactoryBean.afterPropertiesSet(AbstractEntityManagerFactoryBean.java:400)
	at org.springframework.orm.jpa.LocalContainerEntityManagerFactoryBean.afterPropertiesSet(LocalContainerEntityManagerFactoryBean.java:366)
	at org.springframework.beans.factory.support.AbstractAutowireCapableBeanFactory.invokeInitMethods(AbstractAutowireCapableBeanFactory.java:1873)
	at org.springframework.beans.factory.support.AbstractAutowireCapableBeanFactory.initializeBean(AbstractAutowireCapableBeanFactory.java:1822)
	at org.springframework.beans.factory.support.AbstractAutowireCapableBeanFactory.doCreateBean(AbstractAutowireCapableBeanFactory.java:607)
	at org.springframework.beans.factory.support.AbstractAutowireCapableBeanFactory.createBean(AbstractAutowireCapableBeanFactory.java:529)
	at org.springframework.beans.factory.support.AbstractBeanFactory.lambda$doGetBean$0(AbstractBeanFactory.java:339)
	at org.springframework.beans.factory.support.DefaultSingletonBeanRegistry.getSingleton(DefaultSingletonBeanRegistry.java:373)
	at org.springframework.beans.factory.support.AbstractBeanFactory.doGetBean(AbstractBeanFactory.java:337)
	at org.springframework.beans.factory.support.AbstractBeanFactory.getBean(AbstractBeanFactory.java:207)
	at org.springframework.context.support.AbstractApplicationContext.finishBeanFactoryInitialization(AbstractApplicationContext.java:970)
	at org.springframework.context.support.AbstractApplicationContext.refresh(AbstractApplicationContext.java:627)
	at org.springframework.boot.SpringApplication.refresh(SpringApplication.java:753)
	at org.springframework.boot.SpringApplication.refreshContext(SpringApplication.java:439)
	at org.springframework.boot.SpringApplication.run(SpringApplication.java:318)
	at org.springframework.boot.test.context.SpringBootContextLoader.lambda$loadContext$3(SpringBootContextLoader.java:144)
	at org.springframework.util.function.ThrowingSupplier.get(ThrowingSupplier.java:58)
	at org.springframework.util.function.ThrowingSupplier.get(ThrowingSupplier.java:46)
	at org.springframework.boot.SpringApplication.withHook(SpringApplication.java:1462)
	at org.springframework.boot.test.context.SpringBootContextLoader$ContextLoaderHook.run(SpringBootContextLoader.java:563)
	at org.springframework.boot.test.context.SpringBootContextLoader.loadContext(SpringBootContextLoader.java:144)
	at org.springframework.boot.test.context.SpringBootContextLoader.loadContext(SpringBootContextLoader.java:110)
	at org.springframework.test.context.cache.DefaultCacheAwareContextLoaderDelegate.loadContextInternal(DefaultCacheAwareContextLoaderDelegate.java:225)
	at org.springframework.test.context.cache.DefaultCacheAwareContextLoaderDelegate.loadContext(DefaultCacheAwareContextLoaderDelegate.java:152)
	at org.springframework.test.context.support.DefaultTestContext.getApplicationContext(DefaultTestContext.java:130)
	at org.springframework.test.context.web.ServletTestExecutionListener.setUpRequestContextIfNecessary(ServletTestExecutionListener.java:200)
	at org.springframework.test.context.web.ServletTestExecutionListener.prepareTestInstance(ServletTestExecutionListener.java:139)
	at org.springframework.test.context.TestContextManager.prepareTestInstance(TestContextManager.java:260)
	at org.springframework.test.context.junit.jupiter.SpringExtension.postProcessTestInstance(SpringExtension.java:159)
	at org.junit.jupiter.engine.descriptor.ClassBasedTestDescriptor.lambda$invokeTestInstancePostProcessors$10(ClassBasedTestDescriptor.java:383)
	at org.junit.jupiter.engine.descriptor.ClassBasedTestDescriptor.executeAndMaskThrowable(ClassBasedTestDescriptor.java:388)
	at org.junit.jupiter.engine.descriptor.ClassBasedTestDescriptor.lambda$invokeTestInstancePostProcessors$11(ClassBasedTestDescriptor.java:382)
	at java.base/java.util.stream.ForEachOps$ForEachOp$OfRef.accept(ForEachOps.java:184)
	at java.base/java.util.stream.ReferencePipeline$3$1.accept(ReferencePipeline.java:197)
	at java.base/java.util.stream.ReferencePipeline$2$1.accept(ReferencePipeline.java:179)
	at java.base/java.util.stream.ReferencePipeline$3$1.accept(ReferencePipeline.java:197)
	at java.base/java.util.ArrayList$ArrayListSpliterator.forEachRemaining(ArrayList.java:1708)
	at java.base/java.util.stream.AbstractPipeline.copyInto(AbstractPipeline.java:509)
	at java.base/java.util.stream.AbstractPipeline.wrapAndCopyInto(AbstractPipeline.java:499)
	at java.base/java.util.stream.ForEachOps$ForEachOp.evaluateSequential(ForEachOps.java:151)
	at java.base/java.util.stream.ForEachOps$ForEachOp$OfRef.evaluateSequential(ForEachOps.java:174)
	at java.base/java.util.stream.AbstractPipeline.evaluate(AbstractPipeline.java:234)
	at java.base/java.util.stream.ReferencePipeline.forEach(ReferencePipeline.java:596)
	at org.junit.jupiter.engine.descriptor.ClassBasedTestDescriptor.invokeTestInstancePostProcessors(ClassBasedTestDescriptor.java:382)
	at org.junit.jupiter.engine.descriptor.ClassBasedTestDescriptor.lambda$instantiateAndPostProcessTestInstance$6(ClassBasedTestDescriptor.java:293)
	at org.junit.platform.engine.support.hierarchical.ThrowableCollector.execute(ThrowableCollector.java:73)
	at org.junit.jupiter.engine.descriptor.ClassBasedTestDescriptor.instantiateAndPostProcessTestInstance(ClassBasedTestDescriptor.java:292)
	at org.junit.jupiter.engine.descriptor.ClassBasedTestDescriptor.lambda$testInstancesProvider$4(ClassBasedTestDescriptor.java:281)
	at java.base/java.util.Optional.orElseGet(Optional.java:364)
	at org.junit.jupiter.engine.descriptor.ClassBasedTestDescriptor.lambda$testInstancesProvider$5(ClassBasedTestDescriptor.java:280)
	at org.junit.jupiter.engine.execution.TestInstancesProvider.getTestInstances(TestInstancesProvider.java:27)
	at org.junit.jupiter.engine.descriptor.TestMethodTestDescriptor.lambda$prepare$0(TestMethodTestDescriptor.java:112)
	at org.junit.platform.engine.support.hierarchical.ThrowableCollector.execute(ThrowableCollector.java:73)
	at org.junit.jupiter.engine.descriptor.TestMethodTestDescriptor.prepare(TestMethodTestDescriptor.java:111)
	at org.junit.jupiter.engine.descriptor.TestMethodTestDescriptor.prepare(TestMethodTestDescriptor.java:69)
	at org.junit.platform.engine.support.hierarchical.NodeTestTask.lambda$prepare$2(NodeTestTask.java:128)
	at org.junit.platform.engine.support.hierarchical.ThrowableCollector.execute(ThrowableCollector.java:73)
	at org.junit.platform.engine.support.hierarchical.NodeTestTask.prepare(NodeTestTask.java:128)
	at org.junit.platform.engine.support.hierarchical.NodeTestTask.execute(NodeTestTask.java:95)
	at java.base/java.util.ArrayList.forEach(ArrayList.java:1596)
	at org.junit.platform.engine.support.hierarchical.SameThreadHierarchicalTestExecutorService.invokeAll(SameThreadHierarchicalTestExecutorService.java:41)
	at org.junit.platform.engine.support.hierarchical.NodeTestTask.lambda$executeRecursively$6(NodeTestTask.java:160)
	at org.junit.platform.engine.support.hierarchical.ThrowableCollector.execute(ThrowableCollector.java:73)
	at org.junit.platform.engine.support.hierarchical.NodeTestTask.lambda$executeRecursively$8(NodeTestTask.java:146)
	at org.junit.platform.engine.support.hierarchical.Node.around(Node.java:137)
	at org.junit.platform.engine.support.hierarchical.NodeTestTask.lambda$executeRecursively$9(NodeTestTask.java:144)
	at org.junit.platform.engine.support.hierarchical.ThrowableCollector.execute(ThrowableCollector.java:73)
	at org.junit.platform.engine.support.hierarchical.NodeTestTask.executeRecursively(NodeTestTask.java:143)
	at org.junit.platform.engine.support.hierarchical.NodeTestTask.execute(NodeTestTask.java:100)
	at java.base/java.util.ArrayList.forEach(ArrayList.java:1596)
	at org.junit.platform.engine.support.hierarchical.SameThreadHierarchicalTestExecutorService.invokeAll(SameThreadHierarchicalTestExecutorService.java:41)
	at org.junit.platform.engine.support.hierarchical.NodeTestTask.lambda$executeRecursively$6(NodeTestTask.java:160)
	at org.junit.platform.engine.support.hierarchical.ThrowableCollector.execute(ThrowableCollector.java:73)
	at org.junit.platform.engine.support.hierarchical.NodeTestTask.lambda$executeRecursively$8(NodeTestTask.java:146)
	at org.junit.platform.engine.support.hierarchical.Node.around(Node.java:137)
	at org.junit.platform.engine.support.hierarchical.NodeTestTask.lambda$executeRecursively$9(NodeTestTask.java:144)
	at org.junit.platform.engine.support.hierarchical.ThrowableCollector.execute(ThrowableCollector.java:73)
	at org.junit.platform.engine.support.hierarchical.NodeTestTask.executeRecursively(NodeTestTask.java:143)
	at org.junit.platform.engine.support.hierarchical.NodeTestTask.execute(NodeTestTask.java:100)
	at org.junit.platform.engine.support.hierarchical.SameThreadHierarchicalTestExecutorService.submit(SameThreadHierarchicalTestExecutorService.java:35)
	at org.junit.platform.engine.support.hierarchical.HierarchicalTestExecutor.execute(HierarchicalTestExecutor.java:57)
	at org.junit.platform.engine.support.hierarchical.HierarchicalTestEngine.execute(HierarchicalTestEngine.java:54)
	at org.junit.platform.launcher.core.EngineExecutionOrchestrator.execute(EngineExecutionOrchestrator.java:201)
	at org.junit.platform.launcher.core.EngineExecutionOrchestrator.execute(EngineExecutionOrchestrator.java:170)
	at org.junit.platform.launcher.core.EngineExecutionOrchestrator.execute(EngineExecutionOrchestrator.java:94)
	at org.junit.platform.launcher.core.EngineExecutionOrchestrator.lambda$execute$0(EngineExecutionOrchestrator.java:59)
	at org.junit.platform.launcher.core.EngineExecutionOrchestrator.withInterceptedStreams(EngineExecutionOrchestrator.java:142)
	at org.junit.platform.launcher.core.EngineExecutionOrchestrator.execute(EngineExecutionOrchestrator.java:58)
	at org.junit.platform.launcher.core.DefaultLauncher.execute(DefaultLauncher.java:103)
	at org.junit.platform.launcher.core.DefaultLauncher.execute(DefaultLauncher.java:85)
	at org.junit.platform.launcher.core.DelegatingLauncher.execute(DelegatingLauncher.java:47)
	at org.junit.platform.launcher.core.InterceptingLauncher.lambda$execute$1(InterceptingLauncher.java:39)
	at org.junit.platform.launcher.core.ClasspathAlignmentCheckingLauncherInterceptor.intercept(ClasspathAlignmentCheckingLauncherInterceptor.java:25)
	at org.junit.platform.launcher.core.InterceptingLauncher.execute(InterceptingLauncher.java:38)
	at org.junit.platform.launcher.core.DelegatingLauncher.execute(DelegatingLauncher.java:47)
	at org.gradle.api.internal.tasks.testing.junitplatform.JUnitPlatformTestClassProcessor$CollectAllTestClassesExecutor.processAllTestClasses(JUnitPlatformTestClassProcessor.java:124)
	at org.gradle.api.internal.tasks.testing.junitplatform.JUnitPlatformTestClassProcessor$CollectAllTestClassesExecutor.access$000(JUnitPlatformTestClassProcessor.java:99)
	at org.gradle.api.internal.tasks.testing.junitplatform.JUnitPlatformTestClassProcessor.stop(JUnitPlatformTestClassProcessor.java:94)
	at org.gradle.api.internal.tasks.testing.SuiteTestClassProcessor.stop(SuiteTestClassProcessor.java:63)
	at java.base/jdk.internal.reflect.DirectMethodHandleAccessor.invoke(DirectMethodHandleAccessor.java:103)
	at java.base/java.lang.reflect.Method.invoke(Method.java:580)
	at org.gradle.internal.dispatch.ReflectionDispatch.dispatch(ReflectionDispatch.java:36)
	at org.gradle.internal.dispatch.ReflectionDispatch.dispatch(ReflectionDispatch.java:24)
	at org.gradle.internal.dispatch.ContextClassLoaderDispatch.dispatch(ContextClassLoaderDispatch.java:33)
	at org.gradle.internal.dispatch.ProxyDispatchAdapter$DispatchingInvocationHandler.invoke(ProxyDispatchAdapter.java:92)
	at jdk.proxy1/jdk.proxy1.$Proxy4.stop(Unknown Source)
	at org.gradle.api.internal.tasks.testing.worker.TestWorker$3.run(TestWorker.java:200)
	at org.gradle.api.internal.tasks.testing.worker.TestWorker.executeAndMaintainThreadName(TestWorker.java:132)
	at org.gradle.api.internal.tasks.testing.worker.TestWorker.execute(TestWorker.java:103)
	at org.gradle.api.internal.tasks.testing.worker.TestWorker.execute(TestWorker.java:63)
	at org.gradle.process.internal.worker.child.ActionExecutionWorker.execute(ActionExecutionWorker.java:56)
	at org.gradle.process.internal.worker.child.SystemApplicationClassLoaderWorker.call(SystemApplicationClassLoaderWorker.java:121)
	at org.gradle.process.internal.worker.child.SystemApplicationClassLoaderWorker.call(SystemApplicationClassLoaderWorker.java:71)
	at worker.org.gradle.process.internal.worker.GradleWorkerMain.run(GradleWorkerMain.java:69)
	at worker.org.gradle.process.internal.worker.GradleWorkerMain.main(GradleWorkerMain.java:74)
Caused by: java.sql.SQLIntegrityConstraintViolationException: (conn=1611) Cannot add or update a child row: a foreign key constraint fails (`sanaspace`.`#sql-alter-16c4-64b`, CONSTRAINT `FKhkntdq6ujwdgqbx8iwffi2ffb` FOREIGN KEY (`insurance_id`) REFERENCES `insurances` (`id`))
	at org.mariadb.jdbc.export.ExceptionFactory.createException(ExceptionFactory.java:297)
	at org.mariadb.jdbc.export.ExceptionFactory.create(ExceptionFactory.java:378)
	at org.mariadb.jdbc.message.ClientMessage.readPacket(ClientMessage.java:187)
	at org.mariadb.jdbc.client.impl.StandardClient.readPacket(StandardClient.java:1364)
	at org.mariadb.jdbc.client.impl.StandardClient.readResults(StandardClient.java:1303)
	at org.mariadb.jdbc.client.impl.StandardClient.readResponse(StandardClient.java:1222)
	at org.mariadb.jdbc.client.impl.StandardClient.execute(StandardClient.java:1146)
	at org.mariadb.jdbc.Statement.executeInternal(Statement.java:1003)
	at org.mariadb.jdbc.Statement.execute(Statement.java:1132)
	at org.mariadb.jdbc.Statement.execute(Statement.java:471)
	at com.zaxxer.hikari.pool.ProxyStatement.execute(ProxyStatement.java:95)
	at com.zaxxer.hikari.pool.HikariProxyStatement.execute(HikariProxyStatement.java)
	at org.hibernate.tool.schema.internal.exec.GenerationTargetToDatabase.accept(GenerationTargetToDatabase.java:80)
	... 132 common frames omitted
2025-06-11 08:08:16 DEBUG org.hibernate.SQL - 
    alter table if exists prescriptions 
       add constraint FK957asorswh9j2ee6w6471j23o 
       foreign key (medication_id) 
       references medications (id)
2025-06-11 08:08:16 WARN  o.m.jdbc.message.server.ErrorPacket - Error: 1452-23000: Cannot add or update a child row: a foreign key constraint fails (`sanaspace`.`#sql-alter-16c4-64b`, CONSTRAINT `FK957asorswh9j2ee6w6471j23o` FOREIGN KEY (`medication_id`) REFERENCES `medications` (`id`))
2025-06-11 08:08:16 WARN  o.h.t.s.i.ExceptionHandlerLoggedImpl - GenerationTarget encountered exception accepting command : Error executing DDL "
    alter table if exists prescriptions 
       add constraint FK957asorswh9j2ee6w6471j23o 
       foreign key (medication_id) 
       references medications (id)" via JDBC [(conn=1611) Cannot add or update a child row: a foreign key constraint fails (`sanaspace`.`#sql-alter-16c4-64b`, CONSTRAINT `FK957asorswh9j2ee6w6471j23o` FOREIGN KEY (`medication_id`) REFERENCES `medications` (`id`))]
org.hibernate.tool.schema.spi.CommandAcceptanceException: Error executing DDL "
    alter table if exists prescriptions 
       add constraint FK957asorswh9j2ee6w6471j23o 
       foreign key (medication_id) 
       references medications (id)" via JDBC [(conn=1611) Cannot add or update a child row: a foreign key constraint fails (`sanaspace`.`#sql-alter-16c4-64b`, CONSTRAINT `FK957asorswh9j2ee6w6471j23o` FOREIGN KEY (`medication_id`) REFERENCES `medications` (`id`))]
	at org.hibernate.tool.schema.internal.exec.GenerationTargetToDatabase.accept(GenerationTargetToDatabase.java:94)
	at org.hibernate.tool.schema.internal.AbstractSchemaMigrator.applySqlString(AbstractSchemaMigrator.java:576)
	at org.hibernate.tool.schema.internal.AbstractSchemaMigrator.applySqlStrings(AbstractSchemaMigrator.java:516)
	at org.hibernate.tool.schema.internal.AbstractSchemaMigrator.applyForeignKeys(AbstractSchemaMigrator.java:448)
	at org.hibernate.tool.schema.internal.AbstractSchemaMigrator.performMigration(AbstractSchemaMigrator.java:269)
	at org.hibernate.tool.schema.internal.AbstractSchemaMigrator.doMigration(AbstractSchemaMigrator.java:112)
	at org.hibernate.tool.schema.spi.SchemaManagementToolCoordinator.performDatabaseAction(SchemaManagementToolCoordinator.java:280)
	at org.hibernate.tool.schema.spi.SchemaManagementToolCoordinator.lambda$process$5(SchemaManagementToolCoordinator.java:144)
	at java.base/java.util.HashMap.forEach(HashMap.java:1429)
	at org.hibernate.tool.schema.spi.SchemaManagementToolCoordinator.process(SchemaManagementToolCoordinator.java:141)
	at org.hibernate.boot.internal.SessionFactoryObserverForSchemaExport.sessionFactoryCreated(SessionFactoryObserverForSchemaExport.java:37)
	at org.hibernate.internal.SessionFactoryObserverChain.sessionFactoryCreated(SessionFactoryObserverChain.java:35)
	at org.hibernate.internal.SessionFactoryImpl.<init>(SessionFactoryImpl.java:324)
	at org.hibernate.boot.internal.SessionFactoryBuilderImpl.build(SessionFactoryBuilderImpl.java:463)
	at org.hibernate.jpa.boot.internal.EntityManagerFactoryBuilderImpl.build(EntityManagerFactoryBuilderImpl.java:1517)
	at org.springframework.orm.jpa.vendor.SpringHibernateJpaPersistenceProvider.createContainerEntityManagerFactory(SpringHibernateJpaPersistenceProvider.java:66)
	at org.springframework.orm.jpa.LocalContainerEntityManagerFactoryBean.createNativeEntityManagerFactory(LocalContainerEntityManagerFactoryBean.java:390)
	at org.springframework.orm.jpa.AbstractEntityManagerFactoryBean.buildNativeEntityManagerFactory(AbstractEntityManagerFactoryBean.java:419)
	at org.springframework.orm.jpa.AbstractEntityManagerFactoryBean.afterPropertiesSet(AbstractEntityManagerFactoryBean.java:400)
	at org.springframework.orm.jpa.LocalContainerEntityManagerFactoryBean.afterPropertiesSet(LocalContainerEntityManagerFactoryBean.java:366)
	at org.springframework.beans.factory.support.AbstractAutowireCapableBeanFactory.invokeInitMethods(AbstractAutowireCapableBeanFactory.java:1873)
	at org.springframework.beans.factory.support.AbstractAutowireCapableBeanFactory.initializeBean(AbstractAutowireCapableBeanFactory.java:1822)
	at org.springframework.beans.factory.support.AbstractAutowireCapableBeanFactory.doCreateBean(AbstractAutowireCapableBeanFactory.java:607)
	at org.springframework.beans.factory.support.AbstractAutowireCapableBeanFactory.createBean(AbstractAutowireCapableBeanFactory.java:529)
	at org.springframework.beans.factory.support.AbstractBeanFactory.lambda$doGetBean$0(AbstractBeanFactory.java:339)
	at org.springframework.beans.factory.support.DefaultSingletonBeanRegistry.getSingleton(DefaultSingletonBeanRegistry.java:373)
	at org.springframework.beans.factory.support.AbstractBeanFactory.doGetBean(AbstractBeanFactory.java:337)
	at org.springframework.beans.factory.support.AbstractBeanFactory.getBean(AbstractBeanFactory.java:207)
	at org.springframework.context.support.AbstractApplicationContext.finishBeanFactoryInitialization(AbstractApplicationContext.java:970)
	at org.springframework.context.support.AbstractApplicationContext.refresh(AbstractApplicationContext.java:627)
	at org.springframework.boot.SpringApplication.refresh(SpringApplication.java:753)
	at org.springframework.boot.SpringApplication.refreshContext(SpringApplication.java:439)
	at org.springframework.boot.SpringApplication.run(SpringApplication.java:318)
	at org.springframework.boot.test.context.SpringBootContextLoader.lambda$loadContext$3(SpringBootContextLoader.java:144)
	at org.springframework.util.function.ThrowingSupplier.get(ThrowingSupplier.java:58)
	at org.springframework.util.function.ThrowingSupplier.get(ThrowingSupplier.java:46)
	at org.springframework.boot.SpringApplication.withHook(SpringApplication.java:1462)
	at org.springframework.boot.test.context.SpringBootContextLoader$ContextLoaderHook.run(SpringBootContextLoader.java:563)
	at org.springframework.boot.test.context.SpringBootContextLoader.loadContext(SpringBootContextLoader.java:144)
	at org.springframework.boot.test.context.SpringBootContextLoader.loadContext(SpringBootContextLoader.java:110)
	at org.springframework.test.context.cache.DefaultCacheAwareContextLoaderDelegate.loadContextInternal(DefaultCacheAwareContextLoaderDelegate.java:225)
	at org.springframework.test.context.cache.DefaultCacheAwareContextLoaderDelegate.loadContext(DefaultCacheAwareContextLoaderDelegate.java:152)
	at org.springframework.test.context.support.DefaultTestContext.getApplicationContext(DefaultTestContext.java:130)
	at org.springframework.test.context.web.ServletTestExecutionListener.setUpRequestContextIfNecessary(ServletTestExecutionListener.java:200)
	at org.springframework.test.context.web.ServletTestExecutionListener.prepareTestInstance(ServletTestExecutionListener.java:139)
	at org.springframework.test.context.TestContextManager.prepareTestInstance(TestContextManager.java:260)
	at org.springframework.test.context.junit.jupiter.SpringExtension.postProcessTestInstance(SpringExtension.java:159)
	at org.junit.jupiter.engine.descriptor.ClassBasedTestDescriptor.lambda$invokeTestInstancePostProcessors$10(ClassBasedTestDescriptor.java:383)
	at org.junit.jupiter.engine.descriptor.ClassBasedTestDescriptor.executeAndMaskThrowable(ClassBasedTestDescriptor.java:388)
	at org.junit.jupiter.engine.descriptor.ClassBasedTestDescriptor.lambda$invokeTestInstancePostProcessors$11(ClassBasedTestDescriptor.java:382)
	at java.base/java.util.stream.ForEachOps$ForEachOp$OfRef.accept(ForEachOps.java:184)
	at java.base/java.util.stream.ReferencePipeline$3$1.accept(ReferencePipeline.java:197)
	at java.base/java.util.stream.ReferencePipeline$2$1.accept(ReferencePipeline.java:179)
	at java.base/java.util.stream.ReferencePipeline$3$1.accept(ReferencePipeline.java:197)
	at java.base/java.util.ArrayList$ArrayListSpliterator.forEachRemaining(ArrayList.java:1708)
	at java.base/java.util.stream.AbstractPipeline.copyInto(AbstractPipeline.java:509)
	at java.base/java.util.stream.AbstractPipeline.wrapAndCopyInto(AbstractPipeline.java:499)
	at java.base/java.util.stream.ForEachOps$ForEachOp.evaluateSequential(ForEachOps.java:151)
	at java.base/java.util.stream.ForEachOps$ForEachOp$OfRef.evaluateSequential(ForEachOps.java:174)
	at java.base/java.util.stream.AbstractPipeline.evaluate(AbstractPipeline.java:234)
	at java.base/java.util.stream.ReferencePipeline.forEach(ReferencePipeline.java:596)
	at org.junit.jupiter.engine.descriptor.ClassBasedTestDescriptor.invokeTestInstancePostProcessors(ClassBasedTestDescriptor.java:382)
	at org.junit.jupiter.engine.descriptor.ClassBasedTestDescriptor.lambda$instantiateAndPostProcessTestInstance$6(ClassBasedTestDescriptor.java:293)
	at org.junit.platform.engine.support.hierarchical.ThrowableCollector.execute(ThrowableCollector.java:73)
	at org.junit.jupiter.engine.descriptor.ClassBasedTestDescriptor.instantiateAndPostProcessTestInstance(ClassBasedTestDescriptor.java:292)
	at org.junit.jupiter.engine.descriptor.ClassBasedTestDescriptor.lambda$testInstancesProvider$4(ClassBasedTestDescriptor.java:281)
	at java.base/java.util.Optional.orElseGet(Optional.java:364)
	at org.junit.jupiter.engine.descriptor.ClassBasedTestDescriptor.lambda$testInstancesProvider$5(ClassBasedTestDescriptor.java:280)
	at org.junit.jupiter.engine.execution.TestInstancesProvider.getTestInstances(TestInstancesProvider.java:27)
	at org.junit.jupiter.engine.descriptor.TestMethodTestDescriptor.lambda$prepare$0(TestMethodTestDescriptor.java:112)
	at org.junit.platform.engine.support.hierarchical.ThrowableCollector.execute(ThrowableCollector.java:73)
	at org.junit.jupiter.engine.descriptor.TestMethodTestDescriptor.prepare(TestMethodTestDescriptor.java:111)
	at org.junit.jupiter.engine.descriptor.TestMethodTestDescriptor.prepare(TestMethodTestDescriptor.java:69)
	at org.junit.platform.engine.support.hierarchical.NodeTestTask.lambda$prepare$2(NodeTestTask.java:128)
	at org.junit.platform.engine.support.hierarchical.ThrowableCollector.execute(ThrowableCollector.java:73)
	at org.junit.platform.engine.support.hierarchical.NodeTestTask.prepare(NodeTestTask.java:128)
	at org.junit.platform.engine.support.hierarchical.NodeTestTask.execute(NodeTestTask.java:95)
	at java.base/java.util.ArrayList.forEach(ArrayList.java:1596)
	at org.junit.platform.engine.support.hierarchical.SameThreadHierarchicalTestExecutorService.invokeAll(SameThreadHierarchicalTestExecutorService.java:41)
	at org.junit.platform.engine.support.hierarchical.NodeTestTask.lambda$executeRecursively$6(NodeTestTask.java:160)
	at org.junit.platform.engine.support.hierarchical.ThrowableCollector.execute(ThrowableCollector.java:73)
	at org.junit.platform.engine.support.hierarchical.NodeTestTask.lambda$executeRecursively$8(NodeTestTask.java:146)
	at org.junit.platform.engine.support.hierarchical.Node.around(Node.java:137)
	at org.junit.platform.engine.support.hierarchical.NodeTestTask.lambda$executeRecursively$9(NodeTestTask.java:144)
	at org.junit.platform.engine.support.hierarchical.ThrowableCollector.execute(ThrowableCollector.java:73)
	at org.junit.platform.engine.support.hierarchical.NodeTestTask.executeRecursively(NodeTestTask.java:143)
	at org.junit.platform.engine.support.hierarchical.NodeTestTask.execute(NodeTestTask.java:100)
	at java.base/java.util.ArrayList.forEach(ArrayList.java:1596)
	at org.junit.platform.engine.support.hierarchical.SameThreadHierarchicalTestExecutorService.invokeAll(SameThreadHierarchicalTestExecutorService.java:41)
	at org.junit.platform.engine.support.hierarchical.NodeTestTask.lambda$executeRecursively$6(NodeTestTask.java:160)
	at org.junit.platform.engine.support.hierarchical.ThrowableCollector.execute(ThrowableCollector.java:73)
	at org.junit.platform.engine.support.hierarchical.NodeTestTask.lambda$executeRecursively$8(NodeTestTask.java:146)
	at org.junit.platform.engine.support.hierarchical.Node.around(Node.java:137)
	at org.junit.platform.engine.support.hierarchical.NodeTestTask.lambda$executeRecursively$9(NodeTestTask.java:144)
	at org.junit.platform.engine.support.hierarchical.ThrowableCollector.execute(ThrowableCollector.java:73)
	at org.junit.platform.engine.support.hierarchical.NodeTestTask.executeRecursively(NodeTestTask.java:143)
	at org.junit.platform.engine.support.hierarchical.NodeTestTask.execute(NodeTestTask.java:100)
	at org.junit.platform.engine.support.hierarchical.SameThreadHierarchicalTestExecutorService.submit(SameThreadHierarchicalTestExecutorService.java:35)
	at org.junit.platform.engine.support.hierarchical.HierarchicalTestExecutor.execute(HierarchicalTestExecutor.java:57)
	at org.junit.platform.engine.support.hierarchical.HierarchicalTestEngine.execute(HierarchicalTestEngine.java:54)
	at org.junit.platform.launcher.core.EngineExecutionOrchestrator.execute(EngineExecutionOrchestrator.java:201)
	at org.junit.platform.launcher.core.EngineExecutionOrchestrator.execute(EngineExecutionOrchestrator.java:170)
	at org.junit.platform.launcher.core.EngineExecutionOrchestrator.execute(EngineExecutionOrchestrator.java:94)
	at org.junit.platform.launcher.core.EngineExecutionOrchestrator.lambda$execute$0(EngineExecutionOrchestrator.java:59)
	at org.junit.platform.launcher.core.EngineExecutionOrchestrator.withInterceptedStreams(EngineExecutionOrchestrator.java:142)
	at org.junit.platform.launcher.core.EngineExecutionOrchestrator.execute(EngineExecutionOrchestrator.java:58)
	at org.junit.platform.launcher.core.DefaultLauncher.execute(DefaultLauncher.java:103)
	at org.junit.platform.launcher.core.DefaultLauncher.execute(DefaultLauncher.java:85)
	at org.junit.platform.launcher.core.DelegatingLauncher.execute(DelegatingLauncher.java:47)
	at org.junit.platform.launcher.core.InterceptingLauncher.lambda$execute$1(InterceptingLauncher.java:39)
	at org.junit.platform.launcher.core.ClasspathAlignmentCheckingLauncherInterceptor.intercept(ClasspathAlignmentCheckingLauncherInterceptor.java:25)
	at org.junit.platform.launcher.core.InterceptingLauncher.execute(InterceptingLauncher.java:38)
	at org.junit.platform.launcher.core.DelegatingLauncher.execute(DelegatingLauncher.java:47)
	at org.gradle.api.internal.tasks.testing.junitplatform.JUnitPlatformTestClassProcessor$CollectAllTestClassesExecutor.processAllTestClasses(JUnitPlatformTestClassProcessor.java:124)
	at org.gradle.api.internal.tasks.testing.junitplatform.JUnitPlatformTestClassProcessor$CollectAllTestClassesExecutor.access$000(JUnitPlatformTestClassProcessor.java:99)
	at org.gradle.api.internal.tasks.testing.junitplatform.JUnitPlatformTestClassProcessor.stop(JUnitPlatformTestClassProcessor.java:94)
	at org.gradle.api.internal.tasks.testing.SuiteTestClassProcessor.stop(SuiteTestClassProcessor.java:63)
	at java.base/jdk.internal.reflect.DirectMethodHandleAccessor.invoke(DirectMethodHandleAccessor.java:103)
	at java.base/java.lang.reflect.Method.invoke(Method.java:580)
	at org.gradle.internal.dispatch.ReflectionDispatch.dispatch(ReflectionDispatch.java:36)
	at org.gradle.internal.dispatch.ReflectionDispatch.dispatch(ReflectionDispatch.java:24)
	at org.gradle.internal.dispatch.ContextClassLoaderDispatch.dispatch(ContextClassLoaderDispatch.java:33)
	at org.gradle.internal.dispatch.ProxyDispatchAdapter$DispatchingInvocationHandler.invoke(ProxyDispatchAdapter.java:92)
	at jdk.proxy1/jdk.proxy1.$Proxy4.stop(Unknown Source)
	at org.gradle.api.internal.tasks.testing.worker.TestWorker$3.run(TestWorker.java:200)
	at org.gradle.api.internal.tasks.testing.worker.TestWorker.executeAndMaintainThreadName(TestWorker.java:132)
	at org.gradle.api.internal.tasks.testing.worker.TestWorker.execute(TestWorker.java:103)
	at org.gradle.api.internal.tasks.testing.worker.TestWorker.execute(TestWorker.java:63)
	at org.gradle.process.internal.worker.child.ActionExecutionWorker.execute(ActionExecutionWorker.java:56)
	at org.gradle.process.internal.worker.child.SystemApplicationClassLoaderWorker.call(SystemApplicationClassLoaderWorker.java:121)
	at org.gradle.process.internal.worker.child.SystemApplicationClassLoaderWorker.call(SystemApplicationClassLoaderWorker.java:71)
	at worker.org.gradle.process.internal.worker.GradleWorkerMain.run(GradleWorkerMain.java:69)
	at worker.org.gradle.process.internal.worker.GradleWorkerMain.main(GradleWorkerMain.java:74)
Caused by: java.sql.SQLIntegrityConstraintViolationException: (conn=1611) Cannot add or update a child row: a foreign key constraint fails (`sanaspace`.`#sql-alter-16c4-64b`, CONSTRAINT `FK957asorswh9j2ee6w6471j23o` FOREIGN KEY (`medication_id`) REFERENCES `medications` (`id`))
	at org.mariadb.jdbc.export.ExceptionFactory.createException(ExceptionFactory.java:297)
	at org.mariadb.jdbc.export.ExceptionFactory.create(ExceptionFactory.java:378)
	at org.mariadb.jdbc.message.ClientMessage.readPacket(ClientMessage.java:187)
	at org.mariadb.jdbc.client.impl.StandardClient.readPacket(StandardClient.java:1364)
	at org.mariadb.jdbc.client.impl.StandardClient.readResults(StandardClient.java:1303)
	at org.mariadb.jdbc.client.impl.StandardClient.readResponse(StandardClient.java:1222)
	at org.mariadb.jdbc.client.impl.StandardClient.execute(StandardClient.java:1146)
	at org.mariadb.jdbc.Statement.executeInternal(Statement.java:1003)
	at org.mariadb.jdbc.Statement.execute(Statement.java:1132)
	at org.mariadb.jdbc.Statement.execute(Statement.java:471)
	at com.zaxxer.hikari.pool.ProxyStatement.execute(ProxyStatement.java:95)
	at com.zaxxer.hikari.pool.HikariProxyStatement.execute(HikariProxyStatement.java)
	at org.hibernate.tool.schema.internal.exec.GenerationTargetToDatabase.accept(GenerationTargetToDatabase.java:80)
	... 132 common frames omitted
2025-06-11 08:08:16 INFO  o.s.o.j.LocalContainerEntityManagerFactoryBean - Initialized JPA EntityManagerFactory for persistence unit 'default'
2025-06-11 08:08:20 WARN  o.s.b.a.o.j.JpaBaseConfiguration$JpaWebConfiguration - spring.jpa.open-in-view is enabled by default. Therefore, database queries may be performed during view rendering. Explicitly configure spring.jpa.open-in-view to disable this warning
2025-06-11 08:08:21 INFO  o.s.b.a.w.s.WelcomePageHandlerMapping - Adding welcome page template: index
2025-06-11 08:08:26 INFO  o.s.b.t.m.w.SpringBootMockServletContext - Initializing Spring TestDispatcherServlet ''
2025-06-11 08:08:26 INFO  o.s.t.w.s.TestDispatcherServlet - Initializing Servlet ''
2025-06-11 08:08:26 INFO  o.s.b.a.e.web.EndpointLinksResolver - Exposing 1 endpoint beneath base path '/actuator'
2025-06-11 08:08:26 INFO  o.s.t.w.s.TestDispatcherServlet - Completed initialization in 156 ms
2025-06-11 08:08:26 INFO  i.g.m.s.files.DoctorControllerTests - Started DoctorControllerTests in 25.545 seconds (process running for 30.289)
2025-06-11 08:08:26 INFO  i.g.m.sanaspace.SanaspaceApplication - 🚀 Fetching database tables - {} - 2025-06-11T07:08:26.930544400Z
2025-06-11 08:08:26 INFO  i.g.m.sanaspace.SanaspaceApplication - 💡 Tables found in database:
2025-06-11 08:08:26 INFO  i.g.m.sanaspace.SanaspaceApplication - 💡  - doctors
2025-06-11 08:08:26 INFO  i.g.m.sanaspace.SanaspaceApplication - 💡  - insurances
2025-06-11 08:08:26 INFO  i.g.m.sanaspace.SanaspaceApplication - 💡  - medications
2025-06-11 08:08:26 INFO  i.g.m.sanaspace.SanaspaceApplication - 💡  - patients
2025-06-11 08:08:26 INFO  i.g.m.sanaspace.SanaspaceApplication - 💡  - prescriptions
2025-06-11 08:08:26 INFO  i.g.m.sanaspace.SanaspaceApplication - 💡  - visits
2025-06-11 08:08:26 INFO  i.g.m.sanaspace.SanaspaceApplication - ✅ Successfully fetched database tables - Took 30ms
2025-06-11 08:08:29 INFO  i.g.m.sanaspace.controllers.CDoctor - 🚀 Partially updating Doctor... - {method=PATCH, updates=[firstName, email], id=ff7c0432-89ab-40c5-bc50-f6b77439d9c6, uri=/api/doctors/ff7c0432-89ab-40c5-bc50-f6b77439d9c6} - 2025-06-11T07:08:29.232996700Z
2025-06-11 08:08:29 INFO  i.g.m.sanaspace.services.SDoctor - 🚀 Updating doctor fields... - {updates=[firstName, email], id=ff7c0432-89ab-40c5-bc50-f6b77439d9c6} - 2025-06-11T07:08:29.282389100Z
2025-06-11 08:08:29 DEBUG org.hibernate.SQL - 
    select
        d1_0.id,
        d1_0.address,
        d1_0.email,
        d1_0.experience,
        d1_0.first_name,
        d1_0.last_name,
        d1_0.specialization 
    from
        doctors d1_0 
    where
        d1_0.id=?
2025-06-11 08:08:29 ERROR i.g.m.sanaspace.services.SDoctor - ❌ ❌ Doctor not found with id: ff7c0432-89ab-40c5-bc50-f6b77439d9c6: Doctor not found with id: ff7c0432-89ab-40c5-bc50-f6b77439d9c6 - Request: partial update doctor - Took 280ms
Stack: io.github.matthewjacobsd.sanaspace.services.SDoctor.lambda$updateDoctorFields$7(SDoctor.java:97)
java.base/java.util.Optional.orElseThrow(Optional.java:403)
io.github.matthewjacobsd.sanaspace.services.SDoctor.lambda$updateDoctorFields$9(SDoctor.java:97)
2025-06-11 08:08:29 ERROR i.g.m.sanaspace.controllers.CDoctor - ❌ Failed to partially update doctor: Doctor not found with id: ff7c0432-89ab-40c5-bc50-f6b77439d9c6: Doctor not found with id: ff7c0432-89ab-40c5-bc50-f6b77439d9c6 - Request: /api/doctors/ff7c0432-89ab-40c5-bc50-f6b77439d9c6 - Took 344ms
Stack: io.github.matthewjacobsd.sanaspace.services.SDoctor.lambda$updateDoctorFields$7(SDoctor.java:97)
java.base/java.util.Optional.orElseThrow(Optional.java:403)
io.github.matthewjacobsd.sanaspace.services.SDoctor.lambda$updateDoctorFields$9(SDoctor.java:97)
2025-06-11 08:08:30 INFO  i.g.m.sanaspace.controllers.CDoctor - 🚀 Updating doctor... - {lastName=Smith, id=ff7c0432-89ab-40c5-bc50-f6b77439d9c6, firstName=Michael, method=PUT, uri=/api/doctors/ff7c0432-89ab-40c5-bc50-f6b77439d9c6} - 2025-06-11T07:08:30.125303700Z
2025-06-11 08:08:30 INFO  i.g.m.sanaspace.services.SDoctor - 🚀 Updating doctor... - {id=ff7c0432-89ab-40c5-bc50-f6b77439d9c6, firstName=Michael, lastName=Smith} - 2025-06-11T07:08:30.129871200Z
2025-06-11 08:08:30 DEBUG org.hibernate.SQL - 
    select
        d1_0.id,
        d1_0.address,
        d1_0.email,
        d1_0.experience,
        d1_0.first_name,
        d1_0.last_name,
        d1_0.specialization 
    from
        doctors d1_0 
    where
        d1_0.id=?
2025-06-11 08:08:30 ERROR i.g.m.sanaspace.services.SDoctor - ❌ ❌ Doctor not found with id: ff7c0432-89ab-40c5-bc50-f6b77439d9c6: Doctor not found with id: ff7c0432-89ab-40c5-bc50-f6b77439d9c6 - Request: update doctor - Took 15ms
Stack: io.github.matthewjacobsd.sanaspace.services.SDoctor.lambda$updateDoctor$5(SDoctor.java:76)
java.base/java.util.Optional.orElseThrow(Optional.java:403)
io.github.matthewjacobsd.sanaspace.services.SDoctor.lambda$updateDoctor$6(SDoctor.java:76)
2025-06-11 08:08:30 ERROR i.g.m.sanaspace.controllers.CDoctor - ❌ Failed to update doctor: Doctor not found with id: ff7c0432-89ab-40c5-bc50-f6b77439d9c6: Doctor not found with id: ff7c0432-89ab-40c5-bc50-f6b77439d9c6 - Request: /api/doctors/ff7c0432-89ab-40c5-bc50-f6b77439d9c6 - Took 40ms
Stack: io.github.matthewjacobsd.sanaspace.services.SDoctor.lambda$updateDoctor$5(SDoctor.java:76)
java.base/java.util.Optional.orElseThrow(Optional.java:403)
io.github.matthewjacobsd.sanaspace.services.SDoctor.lambda$updateDoctor$6(SDoctor.java:76)
2025-06-11 08:08:30 INFO  i.g.m.sanaspace.controllers.CDoctor - 🚀 Deleting doctor... - {uri=/api/doctors/ff7c0432-89ab-40c5-bc50-f6b77439d9c6, id=ff7c0432-89ab-40c5-bc50-f6b77439d9c6, method=DELETE} - 2025-06-11T07:08:30.380830600Z
2025-06-11 08:08:30 INFO  i.g.m.sanaspace.services.SDoctor - 🚀 Deleting doctor... - {id=ff7c0432-89ab-40c5-bc50-f6b77439d9c6} - 2025-06-11T07:08:30.393664800Z
2025-06-11 08:08:30 DEBUG org.hibernate.SQL - 
    select
        d1_0.id,
        d1_0.address,
        d1_0.email,
        d1_0.experience,
        d1_0.first_name,
        d1_0.last_name,
        d1_0.specialization 
    from
        doctors d1_0 
    where
        d1_0.id=?
2025-06-11 08:08:30 ERROR i.g.m.sanaspace.services.SDoctor - ❌ ❌ Doctor not found with id: ff7c0432-89ab-40c5-bc50-f6b77439d9c6: Doctor not found with id: ff7c0432-89ab-40c5-bc50-f6b77439d9c6 - Request: delete doctor - Took 10ms
Stack: io.github.matthewjacobsd.sanaspace.services.SDoctor.lambda$deleteDoctor$10(SDoctor.java:119)
java.base/java.util.Optional.orElseThrow(Optional.java:403)
io.github.matthewjacobsd.sanaspace.services.SDoctor.lambda$deleteDoctor$11(SDoctor.java:119)
2025-06-11 08:08:30 ERROR i.g.m.sanaspace.controllers.CDoctor - ❌ Failed to delete doctor: Doctor not found with id: ff7c0432-89ab-40c5-bc50-f6b77439d9c6: Doctor not found with id: ff7c0432-89ab-40c5-bc50-f6b77439d9c6 - Request: /api/doctors/ff7c0432-89ab-40c5-bc50-f6b77439d9c6 - Took 29ms
Stack: io.github.matthewjacobsd.sanaspace.services.SDoctor.lambda$deleteDoctor$10(SDoctor.java:119)
java.base/java.util.Optional.orElseThrow(Optional.java:403)
io.github.matthewjacobsd.sanaspace.services.SDoctor.lambda$deleteDoctor$11(SDoctor.java:119)
2025-06-11 08:08:30 INFO  i.g.m.sanaspace.controllers.CDoctor - 🚀 Fetching doctor by ID... - {uri=/api/doctors/ff7c0432-89ab-40c5-bc50-f6b77439d9c6, id=ff7c0432-89ab-40c5-bc50-f6b77439d9c6, method=GET} - 2025-06-11T07:08:30.514302400Z
2025-06-11 08:08:30 INFO  i.g.m.sanaspace.services.SDoctor - 🚀 Fetching single doctor... - {id=ff7c0432-89ab-40c5-bc50-f6b77439d9c6} - 2025-06-11T07:08:30.525388200Z
2025-06-11 08:08:30 DEBUG org.hibernate.SQL - 
    select
        d1_0.id,
        d1_0.address,
        d1_0.email,
        d1_0.experience,
        d1_0.first_name,
        d1_0.last_name,
        d1_0.specialization 
    from
        doctors d1_0 
    where
        d1_0.id=?
2025-06-11 08:08:30 ERROR i.g.m.sanaspace.services.SDoctor - ❌ ❌ Doctor not found with id: ff7c0432-89ab-40c5-bc50-f6b77439d9c6: Doctor not found with id: ff7c0432-89ab-40c5-bc50-f6b77439d9c6 - Request: fetch doctor by ID - Took 9ms
Stack: io.github.matthewjacobsd.sanaspace.services.SDoctor.lambda$fetchDoctorById$3(SDoctor.java:69)
java.base/java.util.Optional.orElseThrow(Optional.java:403)
io.github.matthewjacobsd.sanaspace.services.SDoctor.lambda$fetchDoctorById$4(SDoctor.java:69)
2025-06-11 08:08:30 ERROR i.g.m.sanaspace.controllers.CDoctor - ❌ Failed to fetch doctor: Doctor not found with id: ff7c0432-89ab-40c5-bc50-f6b77439d9c6: Doctor not found with id: ff7c0432-89ab-40c5-bc50-f6b77439d9c6 - Request: /api/doctors/ff7c0432-89ab-40c5-bc50-f6b77439d9c6 - Took 26ms
Stack: io.github.matthewjacobsd.sanaspace.services.SDoctor.lambda$fetchDoctorById$3(SDoctor.java:69)
java.base/java.util.Optional.orElseThrow(Optional.java:403)
io.github.matthewjacobsd.sanaspace.services.SDoctor.lambda$fetchDoctorById$4(SDoctor.java:69)
2025-06-11 08:08:30 INFO  i.g.m.sanaspace.controllers.CDoctor - 🚀 Fetching doctors... - {page=1, method=GET, limit=10, uri=/api/doctors} - 2025-06-11T07:08:30.647087Z
2025-06-11 08:08:30 INFO  i.g.m.sanaspace.services.SDoctor - 🚀 Fetching doctors... - {size=10, page=0} - 2025-06-11T07:08:30.654162200Z
2025-06-11 08:08:31 DEBUG org.hibernate.SQL - 
    /* <criteria> */ select
        d1_0.id,
        d1_0.address,
        d1_0.email,
        d1_0.experience,
        d1_0.first_name,
        d1_0.last_name,
        d1_0.specialization 
    from
        doctors d1_0 
    limit
        ?, ?
2025-06-11 08:08:31 DEBUG org.hibernate.SQL - 
    /* <criteria> */ select
        count(d1_0.id) 
    from
        doctors d1_0
2025-06-11 08:08:31 INFO  i.g.m.sanaspace.services.SDoctor - ✅ ✅ fetch all doctors - Took 651ms
2025-06-11 08:08:31 INFO  i.g.m.sanaspace.controllers.CDoctor - ✅ Doctors fetched successfully - Took 669ms
2025-06-11 08:08:31 INFO  i.g.m.sanaspace.controllers.CDoctor - 🚀 Saving doctor... - {lastName=Patel, method=POST, firstName=Amara, uri=/api/doctors} - 2025-06-11T07:08:31.461674900Z
2025-06-11 08:08:31 INFO  i.g.m.sanaspace.services.SDoctor - 🚀 Saving doctor... - {lastName=Patel, firstName=Amara} - 2025-06-11T07:08:31.465665200Z
2025-06-11 08:08:31 INFO  i.g.m.sanaspace.services.SDoctor - ✅ ✅ save doctor - Took 27ms
2025-06-11 08:08:31 DEBUG org.hibernate.SQL - 
    /* insert for
        io.github.matthewjacobsd.sanaspace.models.Doctor */insert 
    into
        doctors (address, email, experience, first_name, last_name, specialization, id) 
    values
        (?, ?, ?, ?, ?, ?, ?)
2025-06-11 08:08:31 INFO  i.g.m.sanaspace.controllers.CDoctor - ✅ Doctor saved successfully - Took 159ms
2025-06-11 08:08:31 INFO  o.s.o.j.LocalContainerEntityManagerFactoryBean - Closing JPA EntityManagerFactory for persistence unit 'default'
2025-06-11 08:08:31 INFO  com.zaxxer.hikari.HikariDataSource - HikariPool-1 - Shutdown initiated...
2025-06-11 08:08:31 INFO  com.zaxxer.hikari.HikariDataSource - HikariPool-1 - Shutdown completed.
2025-06-11 08:10:15 INFO  i.g.m.s.DoctorControllerTests - Starting DoctorControllerTests using Java 21.0.7 with PID 1792 (started by emerd in C:\Users\emerd\Code\sanaspace)
2025-06-11 08:10:15 INFO  i.g.m.s.DoctorControllerTests - No active profile set, falling back to 1 default profile: "default"
2025-06-11 08:10:18 INFO  o.s.d.r.c.RepositoryConfigurationDelegate - Bootstrapping Spring Data JPA repositories in DEFAULT mode.
2025-06-11 08:10:18 INFO  o.s.d.r.c.RepositoryConfigurationDelegate - Finished Spring Data repository scanning in 187 ms. Found 6 JPA repository interfaces.
2025-06-11 08:10:20 INFO  o.h.jpa.internal.util.LogHelper - HHH000204: Processing PersistenceUnitInfo [name: default]
2025-06-11 08:10:20 INFO  org.hibernate.Version - HHH000412: Hibernate ORM core version 6.6.15.Final
2025-06-11 08:10:20 INFO  o.h.c.i.RegionFactoryInitiator - HHH000026: Second-level cache disabled
2025-06-11 08:10:21 INFO  o.s.o.j.p.SpringPersistenceUnitInfo - No LoadTimeWeaver setup: ignoring JPA class transformer
2025-06-11 08:10:21 INFO  com.zaxxer.hikari.HikariDataSource - HikariPool-1 - Starting...
2025-06-11 08:10:21 INFO  com.zaxxer.hikari.pool.HikariPool - HikariPool-1 - Added connection org.mariadb.jdbc.Connection@b3004e
2025-06-11 08:10:21 INFO  com.zaxxer.hikari.HikariDataSource - HikariPool-1 - Start completed.
2025-06-11 08:10:21 INFO  o.hibernate.orm.connections.pooling - HHH10001005: Database info:
	Database JDBC URL [Connecting through datasource 'HikariDataSource (HikariPool-1)']
	Database driver: undefined/unknown
	Database version: 11.7.2
	Autocommit mode: undefined/unknown
	Isolation level: undefined/unknown
	Minimum pool size: undefined/unknown
	Maximum pool size: undefined/unknown
2025-06-11 08:10:23 INFO  o.h.e.t.j.p.i.JtaPlatformInitiator - HHH000489: No JTA platform available (set 'hibernate.transaction.jta.platform' to enable JTA platform integration)
2025-06-11 08:10:24 DEBUG org.hibernate.SQL - 
    alter table if exists visits 
       modify column symptoms varchar(50)
2025-06-11 08:10:24 WARN  o.m.jdbc.message.server.ErrorPacket - Error: 1406-22001: Data too long for column 'symptoms' at row 1
2025-06-11 08:10:24 WARN  o.h.t.s.i.ExceptionHandlerLoggedImpl - GenerationTarget encountered exception accepting command : Error executing DDL "
    alter table if exists visits 
       modify column symptoms varchar(50)" via JDBC [(conn=1625) Data too long for column 'symptoms' at row 1]
org.hibernate.tool.schema.spi.CommandAcceptanceException: Error executing DDL "
    alter table if exists visits 
       modify column symptoms varchar(50)" via JDBC [(conn=1625) Data too long for column 'symptoms' at row 1]
	at org.hibernate.tool.schema.internal.exec.GenerationTargetToDatabase.accept(GenerationTargetToDatabase.java:94)
	at org.hibernate.tool.schema.internal.AbstractSchemaMigrator.applySqlString(AbstractSchemaMigrator.java:576)
	at org.hibernate.tool.schema.internal.AbstractSchemaMigrator.applySqlStrings(AbstractSchemaMigrator.java:516)
	at org.hibernate.tool.schema.internal.AbstractSchemaMigrator.migrateTable(AbstractSchemaMigrator.java:334)
	at org.hibernate.tool.schema.internal.GroupedSchemaMigratorImpl.performTablesMigration(GroupedSchemaMigratorImpl.java:84)
	at org.hibernate.tool.schema.internal.AbstractSchemaMigrator.performMigration(AbstractSchemaMigrator.java:233)
	at org.hibernate.tool.schema.internal.AbstractSchemaMigrator.doMigration(AbstractSchemaMigrator.java:112)
	at org.hibernate.tool.schema.spi.SchemaManagementToolCoordinator.performDatabaseAction(SchemaManagementToolCoordinator.java:280)
	at org.hibernate.tool.schema.spi.SchemaManagementToolCoordinator.lambda$process$5(SchemaManagementToolCoordinator.java:144)
	at java.base/java.util.HashMap.forEach(HashMap.java:1429)
	at org.hibernate.tool.schema.spi.SchemaManagementToolCoordinator.process(SchemaManagementToolCoordinator.java:141)
	at org.hibernate.boot.internal.SessionFactoryObserverForSchemaExport.sessionFactoryCreated(SessionFactoryObserverForSchemaExport.java:37)
	at org.hibernate.internal.SessionFactoryObserverChain.sessionFactoryCreated(SessionFactoryObserverChain.java:35)
	at org.hibernate.internal.SessionFactoryImpl.<init>(SessionFactoryImpl.java:324)
	at org.hibernate.boot.internal.SessionFactoryBuilderImpl.build(SessionFactoryBuilderImpl.java:463)
	at org.hibernate.jpa.boot.internal.EntityManagerFactoryBuilderImpl.build(EntityManagerFactoryBuilderImpl.java:1517)
	at org.springframework.orm.jpa.vendor.SpringHibernateJpaPersistenceProvider.createContainerEntityManagerFactory(SpringHibernateJpaPersistenceProvider.java:66)
	at org.springframework.orm.jpa.LocalContainerEntityManagerFactoryBean.createNativeEntityManagerFactory(LocalContainerEntityManagerFactoryBean.java:390)
	at org.springframework.orm.jpa.AbstractEntityManagerFactoryBean.buildNativeEntityManagerFactory(AbstractEntityManagerFactoryBean.java:419)
	at org.springframework.orm.jpa.AbstractEntityManagerFactoryBean.afterPropertiesSet(AbstractEntityManagerFactoryBean.java:400)
	at org.springframework.orm.jpa.LocalContainerEntityManagerFactoryBean.afterPropertiesSet(LocalContainerEntityManagerFactoryBean.java:366)
	at org.springframework.beans.factory.support.AbstractAutowireCapableBeanFactory.invokeInitMethods(AbstractAutowireCapableBeanFactory.java:1873)
	at org.springframework.beans.factory.support.AbstractAutowireCapableBeanFactory.initializeBean(AbstractAutowireCapableBeanFactory.java:1822)
	at org.springframework.beans.factory.support.AbstractAutowireCapableBeanFactory.doCreateBean(AbstractAutowireCapableBeanFactory.java:607)
	at org.springframework.beans.factory.support.AbstractAutowireCapableBeanFactory.createBean(AbstractAutowireCapableBeanFactory.java:529)
	at org.springframework.beans.factory.support.AbstractBeanFactory.lambda$doGetBean$0(AbstractBeanFactory.java:339)
	at org.springframework.beans.factory.support.DefaultSingletonBeanRegistry.getSingleton(DefaultSingletonBeanRegistry.java:373)
	at org.springframework.beans.factory.support.AbstractBeanFactory.doGetBean(AbstractBeanFactory.java:337)
	at org.springframework.beans.factory.support.AbstractBeanFactory.getBean(AbstractBeanFactory.java:207)
	at org.springframework.context.support.AbstractApplicationContext.finishBeanFactoryInitialization(AbstractApplicationContext.java:970)
	at org.springframework.context.support.AbstractApplicationContext.refresh(AbstractApplicationContext.java:627)
	at org.springframework.boot.SpringApplication.refresh(SpringApplication.java:753)
	at org.springframework.boot.SpringApplication.refreshContext(SpringApplication.java:439)
	at org.springframework.boot.SpringApplication.run(SpringApplication.java:318)
	at org.springframework.boot.test.context.SpringBootContextLoader.lambda$loadContext$3(SpringBootContextLoader.java:144)
	at org.springframework.util.function.ThrowingSupplier.get(ThrowingSupplier.java:58)
	at org.springframework.util.function.ThrowingSupplier.get(ThrowingSupplier.java:46)
	at org.springframework.boot.SpringApplication.withHook(SpringApplication.java:1462)
	at org.springframework.boot.test.context.SpringBootContextLoader$ContextLoaderHook.run(SpringBootContextLoader.java:563)
	at org.springframework.boot.test.context.SpringBootContextLoader.loadContext(SpringBootContextLoader.java:144)
	at org.springframework.boot.test.context.SpringBootContextLoader.loadContext(SpringBootContextLoader.java:110)
	at org.springframework.test.context.cache.DefaultCacheAwareContextLoaderDelegate.loadContextInternal(DefaultCacheAwareContextLoaderDelegate.java:225)
	at org.springframework.test.context.cache.DefaultCacheAwareContextLoaderDelegate.loadContext(DefaultCacheAwareContextLoaderDelegate.java:152)
	at org.springframework.test.context.support.DefaultTestContext.getApplicationContext(DefaultTestContext.java:130)
	at org.springframework.test.context.web.ServletTestExecutionListener.setUpRequestContextIfNecessary(ServletTestExecutionListener.java:200)
	at org.springframework.test.context.web.ServletTestExecutionListener.prepareTestInstance(ServletTestExecutionListener.java:139)
	at org.springframework.test.context.TestContextManager.prepareTestInstance(TestContextManager.java:260)
	at org.springframework.test.context.junit.jupiter.SpringExtension.postProcessTestInstance(SpringExtension.java:159)
	at org.junit.jupiter.engine.descriptor.ClassBasedTestDescriptor.lambda$invokeTestInstancePostProcessors$10(ClassBasedTestDescriptor.java:383)
	at org.junit.jupiter.engine.descriptor.ClassBasedTestDescriptor.executeAndMaskThrowable(ClassBasedTestDescriptor.java:388)
	at org.junit.jupiter.engine.descriptor.ClassBasedTestDescriptor.lambda$invokeTestInstancePostProcessors$11(ClassBasedTestDescriptor.java:382)
	at java.base/java.util.stream.ForEachOps$ForEachOp$OfRef.accept(ForEachOps.java:184)
	at java.base/java.util.stream.ReferencePipeline$3$1.accept(ReferencePipeline.java:197)
	at java.base/java.util.stream.ReferencePipeline$2$1.accept(ReferencePipeline.java:179)
	at java.base/java.util.stream.ReferencePipeline$3$1.accept(ReferencePipeline.java:197)
	at java.base/java.util.ArrayList$ArrayListSpliterator.forEachRemaining(ArrayList.java:1708)
	at java.base/java.util.stream.AbstractPipeline.copyInto(AbstractPipeline.java:509)
	at java.base/java.util.stream.AbstractPipeline.wrapAndCopyInto(AbstractPipeline.java:499)
	at java.base/java.util.stream.ForEachOps$ForEachOp.evaluateSequential(ForEachOps.java:151)
	at java.base/java.util.stream.ForEachOps$ForEachOp$OfRef.evaluateSequential(ForEachOps.java:174)
	at java.base/java.util.stream.AbstractPipeline.evaluate(AbstractPipeline.java:234)
	at java.base/java.util.stream.ReferencePipeline.forEach(ReferencePipeline.java:596)
	at org.junit.jupiter.engine.descriptor.ClassBasedTestDescriptor.invokeTestInstancePostProcessors(ClassBasedTestDescriptor.java:382)
	at org.junit.jupiter.engine.descriptor.ClassBasedTestDescriptor.lambda$instantiateAndPostProcessTestInstance$6(ClassBasedTestDescriptor.java:293)
	at org.junit.platform.engine.support.hierarchical.ThrowableCollector.execute(ThrowableCollector.java:73)
	at org.junit.jupiter.engine.descriptor.ClassBasedTestDescriptor.instantiateAndPostProcessTestInstance(ClassBasedTestDescriptor.java:292)
	at org.junit.jupiter.engine.descriptor.ClassBasedTestDescriptor.lambda$testInstancesProvider$4(ClassBasedTestDescriptor.java:281)
	at java.base/java.util.Optional.orElseGet(Optional.java:364)
	at org.junit.jupiter.engine.descriptor.ClassBasedTestDescriptor.lambda$testInstancesProvider$5(ClassBasedTestDescriptor.java:280)
	at org.junit.jupiter.engine.execution.TestInstancesProvider.getTestInstances(TestInstancesProvider.java:27)
	at org.junit.jupiter.engine.descriptor.TestMethodTestDescriptor.lambda$prepare$0(TestMethodTestDescriptor.java:112)
	at org.junit.platform.engine.support.hierarchical.ThrowableCollector.execute(ThrowableCollector.java:73)
	at org.junit.jupiter.engine.descriptor.TestMethodTestDescriptor.prepare(TestMethodTestDescriptor.java:111)
	at org.junit.jupiter.engine.descriptor.TestMethodTestDescriptor.prepare(TestMethodTestDescriptor.java:69)
	at org.junit.platform.engine.support.hierarchical.NodeTestTask.lambda$prepare$2(NodeTestTask.java:128)
	at org.junit.platform.engine.support.hierarchical.ThrowableCollector.execute(ThrowableCollector.java:73)
	at org.junit.platform.engine.support.hierarchical.NodeTestTask.prepare(NodeTestTask.java:128)
	at org.junit.platform.engine.support.hierarchical.NodeTestTask.execute(NodeTestTask.java:95)
	at java.base/java.util.ArrayList.forEach(ArrayList.java:1596)
	at org.junit.platform.engine.support.hierarchical.SameThreadHierarchicalTestExecutorService.invokeAll(SameThreadHierarchicalTestExecutorService.java:41)
	at org.junit.platform.engine.support.hierarchical.NodeTestTask.lambda$executeRecursively$6(NodeTestTask.java:160)
	at org.junit.platform.engine.support.hierarchical.ThrowableCollector.execute(ThrowableCollector.java:73)
	at org.junit.platform.engine.support.hierarchical.NodeTestTask.lambda$executeRecursively$8(NodeTestTask.java:146)
	at org.junit.platform.engine.support.hierarchical.Node.around(Node.java:137)
	at org.junit.platform.engine.support.hierarchical.NodeTestTask.lambda$executeRecursively$9(NodeTestTask.java:144)
	at org.junit.platform.engine.support.hierarchical.ThrowableCollector.execute(ThrowableCollector.java:73)
	at org.junit.platform.engine.support.hierarchical.NodeTestTask.executeRecursively(NodeTestTask.java:143)
	at org.junit.platform.engine.support.hierarchical.NodeTestTask.execute(NodeTestTask.java:100)
	at java.base/java.util.ArrayList.forEach(ArrayList.java:1596)
	at org.junit.platform.engine.support.hierarchical.SameThreadHierarchicalTestExecutorService.invokeAll(SameThreadHierarchicalTestExecutorService.java:41)
	at org.junit.platform.engine.support.hierarchical.NodeTestTask.lambda$executeRecursively$6(NodeTestTask.java:160)
	at org.junit.platform.engine.support.hierarchical.ThrowableCollector.execute(ThrowableCollector.java:73)
	at org.junit.platform.engine.support.hierarchical.NodeTestTask.lambda$executeRecursively$8(NodeTestTask.java:146)
	at org.junit.platform.engine.support.hierarchical.Node.around(Node.java:137)
	at org.junit.platform.engine.support.hierarchical.NodeTestTask.lambda$executeRecursively$9(NodeTestTask.java:144)
	at org.junit.platform.engine.support.hierarchical.ThrowableCollector.execute(ThrowableCollector.java:73)
	at org.junit.platform.engine.support.hierarchical.NodeTestTask.executeRecursively(NodeTestTask.java:143)
	at org.junit.platform.engine.support.hierarchical.NodeTestTask.execute(NodeTestTask.java:100)
	at org.junit.platform.engine.support.hierarchical.SameThreadHierarchicalTestExecutorService.submit(SameThreadHierarchicalTestExecutorService.java:35)
	at org.junit.platform.engine.support.hierarchical.HierarchicalTestExecutor.execute(HierarchicalTestExecutor.java:57)
	at org.junit.platform.engine.support.hierarchical.HierarchicalTestEngine.execute(HierarchicalTestEngine.java:54)
	at org.junit.platform.launcher.core.EngineExecutionOrchestrator.execute(EngineExecutionOrchestrator.java:201)
	at org.junit.platform.launcher.core.EngineExecutionOrchestrator.execute(EngineExecutionOrchestrator.java:170)
	at org.junit.platform.launcher.core.EngineExecutionOrchestrator.execute(EngineExecutionOrchestrator.java:94)
	at org.junit.platform.launcher.core.EngineExecutionOrchestrator.lambda$execute$0(EngineExecutionOrchestrator.java:59)
	at org.junit.platform.launcher.core.EngineExecutionOrchestrator.withInterceptedStreams(EngineExecutionOrchestrator.java:142)
	at org.junit.platform.launcher.core.EngineExecutionOrchestrator.execute(EngineExecutionOrchestrator.java:58)
	at org.junit.platform.launcher.core.DefaultLauncher.execute(DefaultLauncher.java:103)
	at org.junit.platform.launcher.core.DefaultLauncher.execute(DefaultLauncher.java:85)
	at org.junit.platform.launcher.core.DelegatingLauncher.execute(DelegatingLauncher.java:47)
	at org.junit.platform.launcher.core.InterceptingLauncher.lambda$execute$1(InterceptingLauncher.java:39)
	at org.junit.platform.launcher.core.ClasspathAlignmentCheckingLauncherInterceptor.intercept(ClasspathAlignmentCheckingLauncherInterceptor.java:25)
	at org.junit.platform.launcher.core.InterceptingLauncher.execute(InterceptingLauncher.java:38)
	at org.junit.platform.launcher.core.DelegatingLauncher.execute(DelegatingLauncher.java:47)
	at org.gradle.api.internal.tasks.testing.junitplatform.JUnitPlatformTestClassProcessor$CollectAllTestClassesExecutor.processAllTestClasses(JUnitPlatformTestClassProcessor.java:124)
	at org.gradle.api.internal.tasks.testing.junitplatform.JUnitPlatformTestClassProcessor$CollectAllTestClassesExecutor.access$000(JUnitPlatformTestClassProcessor.java:99)
	at org.gradle.api.internal.tasks.testing.junitplatform.JUnitPlatformTestClassProcessor.stop(JUnitPlatformTestClassProcessor.java:94)
	at org.gradle.api.internal.tasks.testing.SuiteTestClassProcessor.stop(SuiteTestClassProcessor.java:63)
	at java.base/jdk.internal.reflect.DirectMethodHandleAccessor.invoke(DirectMethodHandleAccessor.java:103)
	at java.base/java.lang.reflect.Method.invoke(Method.java:580)
	at org.gradle.internal.dispatch.ReflectionDispatch.dispatch(ReflectionDispatch.java:36)
	at org.gradle.internal.dispatch.ReflectionDispatch.dispatch(ReflectionDispatch.java:24)
	at org.gradle.internal.dispatch.ContextClassLoaderDispatch.dispatch(ContextClassLoaderDispatch.java:33)
	at org.gradle.internal.dispatch.ProxyDispatchAdapter$DispatchingInvocationHandler.invoke(ProxyDispatchAdapter.java:92)
	at jdk.proxy1/jdk.proxy1.$Proxy4.stop(Unknown Source)
	at org.gradle.api.internal.tasks.testing.worker.TestWorker$3.run(TestWorker.java:200)
	at org.gradle.api.internal.tasks.testing.worker.TestWorker.executeAndMaintainThreadName(TestWorker.java:132)
	at org.gradle.api.internal.tasks.testing.worker.TestWorker.execute(TestWorker.java:103)
	at org.gradle.api.internal.tasks.testing.worker.TestWorker.execute(TestWorker.java:63)
	at org.gradle.process.internal.worker.child.ActionExecutionWorker.execute(ActionExecutionWorker.java:56)
	at org.gradle.process.internal.worker.child.SystemApplicationClassLoaderWorker.call(SystemApplicationClassLoaderWorker.java:121)
	at org.gradle.process.internal.worker.child.SystemApplicationClassLoaderWorker.call(SystemApplicationClassLoaderWorker.java:71)
	at worker.org.gradle.process.internal.worker.GradleWorkerMain.run(GradleWorkerMain.java:69)
	at worker.org.gradle.process.internal.worker.GradleWorkerMain.main(GradleWorkerMain.java:74)
Caused by: java.sql.SQLSyntaxErrorException: (conn=1625) Data too long for column 'symptoms' at row 1
	at org.mariadb.jdbc.export.ExceptionFactory.createException(ExceptionFactory.java:289)
	at org.mariadb.jdbc.export.ExceptionFactory.create(ExceptionFactory.java:378)
	at org.mariadb.jdbc.message.ClientMessage.readPacket(ClientMessage.java:187)
	at org.mariadb.jdbc.client.impl.StandardClient.readPacket(StandardClient.java:1364)
	at org.mariadb.jdbc.client.impl.StandardClient.readResults(StandardClient.java:1303)
	at org.mariadb.jdbc.client.impl.StandardClient.readResponse(StandardClient.java:1222)
	at org.mariadb.jdbc.client.impl.StandardClient.execute(StandardClient.java:1146)
	at org.mariadb.jdbc.Statement.executeInternal(Statement.java:1003)
	at org.mariadb.jdbc.Statement.execute(Statement.java:1132)
	at org.mariadb.jdbc.Statement.execute(Statement.java:471)
	at com.zaxxer.hikari.pool.ProxyStatement.execute(ProxyStatement.java:95)
	at com.zaxxer.hikari.pool.HikariProxyStatement.execute(HikariProxyStatement.java)
	at org.hibernate.tool.schema.internal.exec.GenerationTargetToDatabase.accept(GenerationTargetToDatabase.java:80)
	... 133 common frames omitted
2025-06-11 08:10:24 DEBUG org.hibernate.SQL - 
    alter table if exists patients 
       add constraint FKhkntdq6ujwdgqbx8iwffi2ffb 
       foreign key (insurance_id) 
       references insurances (id)
2025-06-11 08:10:24 WARN  o.m.jdbc.message.server.ErrorPacket - Error: 1452-23000: Cannot add or update a child row: a foreign key constraint fails (`sanaspace`.`#sql-alter-16c4-659`, CONSTRAINT `FKhkntdq6ujwdgqbx8iwffi2ffb` FOREIGN KEY (`insurance_id`) REFERENCES `insurances` (`id`))
2025-06-11 08:10:24 WARN  o.h.t.s.i.ExceptionHandlerLoggedImpl - GenerationTarget encountered exception accepting command : Error executing DDL "
    alter table if exists patients 
       add constraint FKhkntdq6ujwdgqbx8iwffi2ffb 
       foreign key (insurance_id) 
       references insurances (id)" via JDBC [(conn=1625) Cannot add or update a child row: a foreign key constraint fails (`sanaspace`.`#sql-alter-16c4-659`, CONSTRAINT `FKhkntdq6ujwdgqbx8iwffi2ffb` FOREIGN KEY (`insurance_id`) REFERENCES `insurances` (`id`))]
org.hibernate.tool.schema.spi.CommandAcceptanceException: Error executing DDL "
    alter table if exists patients 
       add constraint FKhkntdq6ujwdgqbx8iwffi2ffb 
       foreign key (insurance_id) 
       references insurances (id)" via JDBC [(conn=1625) Cannot add or update a child row: a foreign key constraint fails (`sanaspace`.`#sql-alter-16c4-659`, CONSTRAINT `FKhkntdq6ujwdgqbx8iwffi2ffb` FOREIGN KEY (`insurance_id`) REFERENCES `insurances` (`id`))]
	at org.hibernate.tool.schema.internal.exec.GenerationTargetToDatabase.accept(GenerationTargetToDatabase.java:94)
	at org.hibernate.tool.schema.internal.AbstractSchemaMigrator.applySqlString(AbstractSchemaMigrator.java:576)
	at org.hibernate.tool.schema.internal.AbstractSchemaMigrator.applySqlStrings(AbstractSchemaMigrator.java:516)
	at org.hibernate.tool.schema.internal.AbstractSchemaMigrator.applyForeignKeys(AbstractSchemaMigrator.java:448)
	at org.hibernate.tool.schema.internal.AbstractSchemaMigrator.performMigration(AbstractSchemaMigrator.java:269)
	at org.hibernate.tool.schema.internal.AbstractSchemaMigrator.doMigration(AbstractSchemaMigrator.java:112)
	at org.hibernate.tool.schema.spi.SchemaManagementToolCoordinator.performDatabaseAction(SchemaManagementToolCoordinator.java:280)
	at org.hibernate.tool.schema.spi.SchemaManagementToolCoordinator.lambda$process$5(SchemaManagementToolCoordinator.java:144)
	at java.base/java.util.HashMap.forEach(HashMap.java:1429)
	at org.hibernate.tool.schema.spi.SchemaManagementToolCoordinator.process(SchemaManagementToolCoordinator.java:141)
	at org.hibernate.boot.internal.SessionFactoryObserverForSchemaExport.sessionFactoryCreated(SessionFactoryObserverForSchemaExport.java:37)
	at org.hibernate.internal.SessionFactoryObserverChain.sessionFactoryCreated(SessionFactoryObserverChain.java:35)
	at org.hibernate.internal.SessionFactoryImpl.<init>(SessionFactoryImpl.java:324)
	at org.hibernate.boot.internal.SessionFactoryBuilderImpl.build(SessionFactoryBuilderImpl.java:463)
	at org.hibernate.jpa.boot.internal.EntityManagerFactoryBuilderImpl.build(EntityManagerFactoryBuilderImpl.java:1517)
	at org.springframework.orm.jpa.vendor.SpringHibernateJpaPersistenceProvider.createContainerEntityManagerFactory(SpringHibernateJpaPersistenceProvider.java:66)
	at org.springframework.orm.jpa.LocalContainerEntityManagerFactoryBean.createNativeEntityManagerFactory(LocalContainerEntityManagerFactoryBean.java:390)
	at org.springframework.orm.jpa.AbstractEntityManagerFactoryBean.buildNativeEntityManagerFactory(AbstractEntityManagerFactoryBean.java:419)
	at org.springframework.orm.jpa.AbstractEntityManagerFactoryBean.afterPropertiesSet(AbstractEntityManagerFactoryBean.java:400)
	at org.springframework.orm.jpa.LocalContainerEntityManagerFactoryBean.afterPropertiesSet(LocalContainerEntityManagerFactoryBean.java:366)
	at org.springframework.beans.factory.support.AbstractAutowireCapableBeanFactory.invokeInitMethods(AbstractAutowireCapableBeanFactory.java:1873)
	at org.springframework.beans.factory.support.AbstractAutowireCapableBeanFactory.initializeBean(AbstractAutowireCapableBeanFactory.java:1822)
	at org.springframework.beans.factory.support.AbstractAutowireCapableBeanFactory.doCreateBean(AbstractAutowireCapableBeanFactory.java:607)
	at org.springframework.beans.factory.support.AbstractAutowireCapableBeanFactory.createBean(AbstractAutowireCapableBeanFactory.java:529)
	at org.springframework.beans.factory.support.AbstractBeanFactory.lambda$doGetBean$0(AbstractBeanFactory.java:339)
	at org.springframework.beans.factory.support.DefaultSingletonBeanRegistry.getSingleton(DefaultSingletonBeanRegistry.java:373)
	at org.springframework.beans.factory.support.AbstractBeanFactory.doGetBean(AbstractBeanFactory.java:337)
	at org.springframework.beans.factory.support.AbstractBeanFactory.getBean(AbstractBeanFactory.java:207)
	at org.springframework.context.support.AbstractApplicationContext.finishBeanFactoryInitialization(AbstractApplicationContext.java:970)
	at org.springframework.context.support.AbstractApplicationContext.refresh(AbstractApplicationContext.java:627)
	at org.springframework.boot.SpringApplication.refresh(SpringApplication.java:753)
	at org.springframework.boot.SpringApplication.refreshContext(SpringApplication.java:439)
	at org.springframework.boot.SpringApplication.run(SpringApplication.java:318)
	at org.springframework.boot.test.context.SpringBootContextLoader.lambda$loadContext$3(SpringBootContextLoader.java:144)
	at org.springframework.util.function.ThrowingSupplier.get(ThrowingSupplier.java:58)
	at org.springframework.util.function.ThrowingSupplier.get(ThrowingSupplier.java:46)
	at org.springframework.boot.SpringApplication.withHook(SpringApplication.java:1462)
	at org.springframework.boot.test.context.SpringBootContextLoader$ContextLoaderHook.run(SpringBootContextLoader.java:563)
	at org.springframework.boot.test.context.SpringBootContextLoader.loadContext(SpringBootContextLoader.java:144)
	at org.springframework.boot.test.context.SpringBootContextLoader.loadContext(SpringBootContextLoader.java:110)
	at org.springframework.test.context.cache.DefaultCacheAwareContextLoaderDelegate.loadContextInternal(DefaultCacheAwareContextLoaderDelegate.java:225)
	at org.springframework.test.context.cache.DefaultCacheAwareContextLoaderDelegate.loadContext(DefaultCacheAwareContextLoaderDelegate.java:152)
	at org.springframework.test.context.support.DefaultTestContext.getApplicationContext(DefaultTestContext.java:130)
	at org.springframework.test.context.web.ServletTestExecutionListener.setUpRequestContextIfNecessary(ServletTestExecutionListener.java:200)
	at org.springframework.test.context.web.ServletTestExecutionListener.prepareTestInstance(ServletTestExecutionListener.java:139)
	at org.springframework.test.context.TestContextManager.prepareTestInstance(TestContextManager.java:260)
	at org.springframework.test.context.junit.jupiter.SpringExtension.postProcessTestInstance(SpringExtension.java:159)
	at org.junit.jupiter.engine.descriptor.ClassBasedTestDescriptor.lambda$invokeTestInstancePostProcessors$10(ClassBasedTestDescriptor.java:383)
	at org.junit.jupiter.engine.descriptor.ClassBasedTestDescriptor.executeAndMaskThrowable(ClassBasedTestDescriptor.java:388)
	at org.junit.jupiter.engine.descriptor.ClassBasedTestDescriptor.lambda$invokeTestInstancePostProcessors$11(ClassBasedTestDescriptor.java:382)
	at java.base/java.util.stream.ForEachOps$ForEachOp$OfRef.accept(ForEachOps.java:184)
	at java.base/java.util.stream.ReferencePipeline$3$1.accept(ReferencePipeline.java:197)
	at java.base/java.util.stream.ReferencePipeline$2$1.accept(ReferencePipeline.java:179)
	at java.base/java.util.stream.ReferencePipeline$3$1.accept(ReferencePipeline.java:197)
	at java.base/java.util.ArrayList$ArrayListSpliterator.forEachRemaining(ArrayList.java:1708)
	at java.base/java.util.stream.AbstractPipeline.copyInto(AbstractPipeline.java:509)
	at java.base/java.util.stream.AbstractPipeline.wrapAndCopyInto(AbstractPipeline.java:499)
	at java.base/java.util.stream.ForEachOps$ForEachOp.evaluateSequential(ForEachOps.java:151)
	at java.base/java.util.stream.ForEachOps$ForEachOp$OfRef.evaluateSequential(ForEachOps.java:174)
	at java.base/java.util.stream.AbstractPipeline.evaluate(AbstractPipeline.java:234)
	at java.base/java.util.stream.ReferencePipeline.forEach(ReferencePipeline.java:596)
	at org.junit.jupiter.engine.descriptor.ClassBasedTestDescriptor.invokeTestInstancePostProcessors(ClassBasedTestDescriptor.java:382)
	at org.junit.jupiter.engine.descriptor.ClassBasedTestDescriptor.lambda$instantiateAndPostProcessTestInstance$6(ClassBasedTestDescriptor.java:293)
	at org.junit.platform.engine.support.hierarchical.ThrowableCollector.execute(ThrowableCollector.java:73)
	at org.junit.jupiter.engine.descriptor.ClassBasedTestDescriptor.instantiateAndPostProcessTestInstance(ClassBasedTestDescriptor.java:292)
	at org.junit.jupiter.engine.descriptor.ClassBasedTestDescriptor.lambda$testInstancesProvider$4(ClassBasedTestDescriptor.java:281)
	at java.base/java.util.Optional.orElseGet(Optional.java:364)
	at org.junit.jupiter.engine.descriptor.ClassBasedTestDescriptor.lambda$testInstancesProvider$5(ClassBasedTestDescriptor.java:280)
	at org.junit.jupiter.engine.execution.TestInstancesProvider.getTestInstances(TestInstancesProvider.java:27)
	at org.junit.jupiter.engine.descriptor.TestMethodTestDescriptor.lambda$prepare$0(TestMethodTestDescriptor.java:112)
	at org.junit.platform.engine.support.hierarchical.ThrowableCollector.execute(ThrowableCollector.java:73)
	at org.junit.jupiter.engine.descriptor.TestMethodTestDescriptor.prepare(TestMethodTestDescriptor.java:111)
	at org.junit.jupiter.engine.descriptor.TestMethodTestDescriptor.prepare(TestMethodTestDescriptor.java:69)
	at org.junit.platform.engine.support.hierarchical.NodeTestTask.lambda$prepare$2(NodeTestTask.java:128)
	at org.junit.platform.engine.support.hierarchical.ThrowableCollector.execute(ThrowableCollector.java:73)
	at org.junit.platform.engine.support.hierarchical.NodeTestTask.prepare(NodeTestTask.java:128)
	at org.junit.platform.engine.support.hierarchical.NodeTestTask.execute(NodeTestTask.java:95)
	at java.base/java.util.ArrayList.forEach(ArrayList.java:1596)
	at org.junit.platform.engine.support.hierarchical.SameThreadHierarchicalTestExecutorService.invokeAll(SameThreadHierarchicalTestExecutorService.java:41)
	at org.junit.platform.engine.support.hierarchical.NodeTestTask.lambda$executeRecursively$6(NodeTestTask.java:160)
	at org.junit.platform.engine.support.hierarchical.ThrowableCollector.execute(ThrowableCollector.java:73)
	at org.junit.platform.engine.support.hierarchical.NodeTestTask.lambda$executeRecursively$8(NodeTestTask.java:146)
	at org.junit.platform.engine.support.hierarchical.Node.around(Node.java:137)
	at org.junit.platform.engine.support.hierarchical.NodeTestTask.lambda$executeRecursively$9(NodeTestTask.java:144)
	at org.junit.platform.engine.support.hierarchical.ThrowableCollector.execute(ThrowableCollector.java:73)
	at org.junit.platform.engine.support.hierarchical.NodeTestTask.executeRecursively(NodeTestTask.java:143)
	at org.junit.platform.engine.support.hierarchical.NodeTestTask.execute(NodeTestTask.java:100)
	at java.base/java.util.ArrayList.forEach(ArrayList.java:1596)
	at org.junit.platform.engine.support.hierarchical.SameThreadHierarchicalTestExecutorService.invokeAll(SameThreadHierarchicalTestExecutorService.java:41)
	at org.junit.platform.engine.support.hierarchical.NodeTestTask.lambda$executeRecursively$6(NodeTestTask.java:160)
	at org.junit.platform.engine.support.hierarchical.ThrowableCollector.execute(ThrowableCollector.java:73)
	at org.junit.platform.engine.support.hierarchical.NodeTestTask.lambda$executeRecursively$8(NodeTestTask.java:146)
	at org.junit.platform.engine.support.hierarchical.Node.around(Node.java:137)
	at org.junit.platform.engine.support.hierarchical.NodeTestTask.lambda$executeRecursively$9(NodeTestTask.java:144)
	at org.junit.platform.engine.support.hierarchical.ThrowableCollector.execute(ThrowableCollector.java:73)
	at org.junit.platform.engine.support.hierarchical.NodeTestTask.executeRecursively(NodeTestTask.java:143)
	at org.junit.platform.engine.support.hierarchical.NodeTestTask.execute(NodeTestTask.java:100)
	at org.junit.platform.engine.support.hierarchical.SameThreadHierarchicalTestExecutorService.submit(SameThreadHierarchicalTestExecutorService.java:35)
	at org.junit.platform.engine.support.hierarchical.HierarchicalTestExecutor.execute(HierarchicalTestExecutor.java:57)
	at org.junit.platform.engine.support.hierarchical.HierarchicalTestEngine.execute(HierarchicalTestEngine.java:54)
	at org.junit.platform.launcher.core.EngineExecutionOrchestrator.execute(EngineExecutionOrchestrator.java:201)
	at org.junit.platform.launcher.core.EngineExecutionOrchestrator.execute(EngineExecutionOrchestrator.java:170)
	at org.junit.platform.launcher.core.EngineExecutionOrchestrator.execute(EngineExecutionOrchestrator.java:94)
	at org.junit.platform.launcher.core.EngineExecutionOrchestrator.lambda$execute$0(EngineExecutionOrchestrator.java:59)
	at org.junit.platform.launcher.core.EngineExecutionOrchestrator.withInterceptedStreams(EngineExecutionOrchestrator.java:142)
	at org.junit.platform.launcher.core.EngineExecutionOrchestrator.execute(EngineExecutionOrchestrator.java:58)
	at org.junit.platform.launcher.core.DefaultLauncher.execute(DefaultLauncher.java:103)
	at org.junit.platform.launcher.core.DefaultLauncher.execute(DefaultLauncher.java:85)
	at org.junit.platform.launcher.core.DelegatingLauncher.execute(DelegatingLauncher.java:47)
	at org.junit.platform.launcher.core.InterceptingLauncher.lambda$execute$1(InterceptingLauncher.java:39)
	at org.junit.platform.launcher.core.ClasspathAlignmentCheckingLauncherInterceptor.intercept(ClasspathAlignmentCheckingLauncherInterceptor.java:25)
	at org.junit.platform.launcher.core.InterceptingLauncher.execute(InterceptingLauncher.java:38)
	at org.junit.platform.launcher.core.DelegatingLauncher.execute(DelegatingLauncher.java:47)
	at org.gradle.api.internal.tasks.testing.junitplatform.JUnitPlatformTestClassProcessor$CollectAllTestClassesExecutor.processAllTestClasses(JUnitPlatformTestClassProcessor.java:124)
	at org.gradle.api.internal.tasks.testing.junitplatform.JUnitPlatformTestClassProcessor$CollectAllTestClassesExecutor.access$000(JUnitPlatformTestClassProcessor.java:99)
	at org.gradle.api.internal.tasks.testing.junitplatform.JUnitPlatformTestClassProcessor.stop(JUnitPlatformTestClassProcessor.java:94)
	at org.gradle.api.internal.tasks.testing.SuiteTestClassProcessor.stop(SuiteTestClassProcessor.java:63)
	at java.base/jdk.internal.reflect.DirectMethodHandleAccessor.invoke(DirectMethodHandleAccessor.java:103)
	at java.base/java.lang.reflect.Method.invoke(Method.java:580)
	at org.gradle.internal.dispatch.ReflectionDispatch.dispatch(ReflectionDispatch.java:36)
	at org.gradle.internal.dispatch.ReflectionDispatch.dispatch(ReflectionDispatch.java:24)
	at org.gradle.internal.dispatch.ContextClassLoaderDispatch.dispatch(ContextClassLoaderDispatch.java:33)
	at org.gradle.internal.dispatch.ProxyDispatchAdapter$DispatchingInvocationHandler.invoke(ProxyDispatchAdapter.java:92)
	at jdk.proxy1/jdk.proxy1.$Proxy4.stop(Unknown Source)
	at org.gradle.api.internal.tasks.testing.worker.TestWorker$3.run(TestWorker.java:200)
	at org.gradle.api.internal.tasks.testing.worker.TestWorker.executeAndMaintainThreadName(TestWorker.java:132)
	at org.gradle.api.internal.tasks.testing.worker.TestWorker.execute(TestWorker.java:103)
	at org.gradle.api.internal.tasks.testing.worker.TestWorker.execute(TestWorker.java:63)
	at org.gradle.process.internal.worker.child.ActionExecutionWorker.execute(ActionExecutionWorker.java:56)
	at org.gradle.process.internal.worker.child.SystemApplicationClassLoaderWorker.call(SystemApplicationClassLoaderWorker.java:121)
	at org.gradle.process.internal.worker.child.SystemApplicationClassLoaderWorker.call(SystemApplicationClassLoaderWorker.java:71)
	at worker.org.gradle.process.internal.worker.GradleWorkerMain.run(GradleWorkerMain.java:69)
	at worker.org.gradle.process.internal.worker.GradleWorkerMain.main(GradleWorkerMain.java:74)
Caused by: java.sql.SQLIntegrityConstraintViolationException: (conn=1625) Cannot add or update a child row: a foreign key constraint fails (`sanaspace`.`#sql-alter-16c4-659`, CONSTRAINT `FKhkntdq6ujwdgqbx8iwffi2ffb` FOREIGN KEY (`insurance_id`) REFERENCES `insurances` (`id`))
	at org.mariadb.jdbc.export.ExceptionFactory.createException(ExceptionFactory.java:297)
	at org.mariadb.jdbc.export.ExceptionFactory.create(ExceptionFactory.java:378)
	at org.mariadb.jdbc.message.ClientMessage.readPacket(ClientMessage.java:187)
	at org.mariadb.jdbc.client.impl.StandardClient.readPacket(StandardClient.java:1364)
	at org.mariadb.jdbc.client.impl.StandardClient.readResults(StandardClient.java:1303)
	at org.mariadb.jdbc.client.impl.StandardClient.readResponse(StandardClient.java:1222)
	at org.mariadb.jdbc.client.impl.StandardClient.execute(StandardClient.java:1146)
	at org.mariadb.jdbc.Statement.executeInternal(Statement.java:1003)
	at org.mariadb.jdbc.Statement.execute(Statement.java:1132)
	at org.mariadb.jdbc.Statement.execute(Statement.java:471)
	at com.zaxxer.hikari.pool.ProxyStatement.execute(ProxyStatement.java:95)
	at com.zaxxer.hikari.pool.HikariProxyStatement.execute(HikariProxyStatement.java)
	at org.hibernate.tool.schema.internal.exec.GenerationTargetToDatabase.accept(GenerationTargetToDatabase.java:80)
	... 132 common frames omitted
2025-06-11 08:10:24 DEBUG org.hibernate.SQL - 
    alter table if exists prescriptions 
       add constraint FK957asorswh9j2ee6w6471j23o 
       foreign key (medication_id) 
       references medications (id)
2025-06-11 08:10:24 WARN  o.m.jdbc.message.server.ErrorPacket - Error: 1452-23000: Cannot add or update a child row: a foreign key constraint fails (`sanaspace`.`#sql-alter-16c4-659`, CONSTRAINT `FK957asorswh9j2ee6w6471j23o` FOREIGN KEY (`medication_id`) REFERENCES `medications` (`id`))
2025-06-11 08:10:24 WARN  o.h.t.s.i.ExceptionHandlerLoggedImpl - GenerationTarget encountered exception accepting command : Error executing DDL "
    alter table if exists prescriptions 
       add constraint FK957asorswh9j2ee6w6471j23o 
       foreign key (medication_id) 
       references medications (id)" via JDBC [(conn=1625) Cannot add or update a child row: a foreign key constraint fails (`sanaspace`.`#sql-alter-16c4-659`, CONSTRAINT `FK957asorswh9j2ee6w6471j23o` FOREIGN KEY (`medication_id`) REFERENCES `medications` (`id`))]
org.hibernate.tool.schema.spi.CommandAcceptanceException: Error executing DDL "
    alter table if exists prescriptions 
       add constraint FK957asorswh9j2ee6w6471j23o 
       foreign key (medication_id) 
       references medications (id)" via JDBC [(conn=1625) Cannot add or update a child row: a foreign key constraint fails (`sanaspace`.`#sql-alter-16c4-659`, CONSTRAINT `FK957asorswh9j2ee6w6471j23o` FOREIGN KEY (`medication_id`) REFERENCES `medications` (`id`))]
	at org.hibernate.tool.schema.internal.exec.GenerationTargetToDatabase.accept(GenerationTargetToDatabase.java:94)
	at org.hibernate.tool.schema.internal.AbstractSchemaMigrator.applySqlString(AbstractSchemaMigrator.java:576)
	at org.hibernate.tool.schema.internal.AbstractSchemaMigrator.applySqlStrings(AbstractSchemaMigrator.java:516)
	at org.hibernate.tool.schema.internal.AbstractSchemaMigrator.applyForeignKeys(AbstractSchemaMigrator.java:448)
	at org.hibernate.tool.schema.internal.AbstractSchemaMigrator.performMigration(AbstractSchemaMigrator.java:269)
	at org.hibernate.tool.schema.internal.AbstractSchemaMigrator.doMigration(AbstractSchemaMigrator.java:112)
	at org.hibernate.tool.schema.spi.SchemaManagementToolCoordinator.performDatabaseAction(SchemaManagementToolCoordinator.java:280)
	at org.hibernate.tool.schema.spi.SchemaManagementToolCoordinator.lambda$process$5(SchemaManagementToolCoordinator.java:144)
	at java.base/java.util.HashMap.forEach(HashMap.java:1429)
	at org.hibernate.tool.schema.spi.SchemaManagementToolCoordinator.process(SchemaManagementToolCoordinator.java:141)
	at org.hibernate.boot.internal.SessionFactoryObserverForSchemaExport.sessionFactoryCreated(SessionFactoryObserverForSchemaExport.java:37)
	at org.hibernate.internal.SessionFactoryObserverChain.sessionFactoryCreated(SessionFactoryObserverChain.java:35)
	at org.hibernate.internal.SessionFactoryImpl.<init>(SessionFactoryImpl.java:324)
	at org.hibernate.boot.internal.SessionFactoryBuilderImpl.build(SessionFactoryBuilderImpl.java:463)
	at org.hibernate.jpa.boot.internal.EntityManagerFactoryBuilderImpl.build(EntityManagerFactoryBuilderImpl.java:1517)
	at org.springframework.orm.jpa.vendor.SpringHibernateJpaPersistenceProvider.createContainerEntityManagerFactory(SpringHibernateJpaPersistenceProvider.java:66)
	at org.springframework.orm.jpa.LocalContainerEntityManagerFactoryBean.createNativeEntityManagerFactory(LocalContainerEntityManagerFactoryBean.java:390)
	at org.springframework.orm.jpa.AbstractEntityManagerFactoryBean.buildNativeEntityManagerFactory(AbstractEntityManagerFactoryBean.java:419)
	at org.springframework.orm.jpa.AbstractEntityManagerFactoryBean.afterPropertiesSet(AbstractEntityManagerFactoryBean.java:400)
	at org.springframework.orm.jpa.LocalContainerEntityManagerFactoryBean.afterPropertiesSet(LocalContainerEntityManagerFactoryBean.java:366)
	at org.springframework.beans.factory.support.AbstractAutowireCapableBeanFactory.invokeInitMethods(AbstractAutowireCapableBeanFactory.java:1873)
	at org.springframework.beans.factory.support.AbstractAutowireCapableBeanFactory.initializeBean(AbstractAutowireCapableBeanFactory.java:1822)
	at org.springframework.beans.factory.support.AbstractAutowireCapableBeanFactory.doCreateBean(AbstractAutowireCapableBeanFactory.java:607)
	at org.springframework.beans.factory.support.AbstractAutowireCapableBeanFactory.createBean(AbstractAutowireCapableBeanFactory.java:529)
	at org.springframework.beans.factory.support.AbstractBeanFactory.lambda$doGetBean$0(AbstractBeanFactory.java:339)
	at org.springframework.beans.factory.support.DefaultSingletonBeanRegistry.getSingleton(DefaultSingletonBeanRegistry.java:373)
	at org.springframework.beans.factory.support.AbstractBeanFactory.doGetBean(AbstractBeanFactory.java:337)
	at org.springframework.beans.factory.support.AbstractBeanFactory.getBean(AbstractBeanFactory.java:207)
	at org.springframework.context.support.AbstractApplicationContext.finishBeanFactoryInitialization(AbstractApplicationContext.java:970)
	at org.springframework.context.support.AbstractApplicationContext.refresh(AbstractApplicationContext.java:627)
	at org.springframework.boot.SpringApplication.refresh(SpringApplication.java:753)
	at org.springframework.boot.SpringApplication.refreshContext(SpringApplication.java:439)
	at org.springframework.boot.SpringApplication.run(SpringApplication.java:318)
	at org.springframework.boot.test.context.SpringBootContextLoader.lambda$loadContext$3(SpringBootContextLoader.java:144)
	at org.springframework.util.function.ThrowingSupplier.get(ThrowingSupplier.java:58)
	at org.springframework.util.function.ThrowingSupplier.get(ThrowingSupplier.java:46)
	at org.springframework.boot.SpringApplication.withHook(SpringApplication.java:1462)
	at org.springframework.boot.test.context.SpringBootContextLoader$ContextLoaderHook.run(SpringBootContextLoader.java:563)
	at org.springframework.boot.test.context.SpringBootContextLoader.loadContext(SpringBootContextLoader.java:144)
	at org.springframework.boot.test.context.SpringBootContextLoader.loadContext(SpringBootContextLoader.java:110)
	at org.springframework.test.context.cache.DefaultCacheAwareContextLoaderDelegate.loadContextInternal(DefaultCacheAwareContextLoaderDelegate.java:225)
	at org.springframework.test.context.cache.DefaultCacheAwareContextLoaderDelegate.loadContext(DefaultCacheAwareContextLoaderDelegate.java:152)
	at org.springframework.test.context.support.DefaultTestContext.getApplicationContext(DefaultTestContext.java:130)
	at org.springframework.test.context.web.ServletTestExecutionListener.setUpRequestContextIfNecessary(ServletTestExecutionListener.java:200)
	at org.springframework.test.context.web.ServletTestExecutionListener.prepareTestInstance(ServletTestExecutionListener.java:139)
	at org.springframework.test.context.TestContextManager.prepareTestInstance(TestContextManager.java:260)
	at org.springframework.test.context.junit.jupiter.SpringExtension.postProcessTestInstance(SpringExtension.java:159)
	at org.junit.jupiter.engine.descriptor.ClassBasedTestDescriptor.lambda$invokeTestInstancePostProcessors$10(ClassBasedTestDescriptor.java:383)
	at org.junit.jupiter.engine.descriptor.ClassBasedTestDescriptor.executeAndMaskThrowable(ClassBasedTestDescriptor.java:388)
	at org.junit.jupiter.engine.descriptor.ClassBasedTestDescriptor.lambda$invokeTestInstancePostProcessors$11(ClassBasedTestDescriptor.java:382)
	at java.base/java.util.stream.ForEachOps$ForEachOp$OfRef.accept(ForEachOps.java:184)
	at java.base/java.util.stream.ReferencePipeline$3$1.accept(ReferencePipeline.java:197)
	at java.base/java.util.stream.ReferencePipeline$2$1.accept(ReferencePipeline.java:179)
	at java.base/java.util.stream.ReferencePipeline$3$1.accept(ReferencePipeline.java:197)
	at java.base/java.util.ArrayList$ArrayListSpliterator.forEachRemaining(ArrayList.java:1708)
	at java.base/java.util.stream.AbstractPipeline.copyInto(AbstractPipeline.java:509)
	at java.base/java.util.stream.AbstractPipeline.wrapAndCopyInto(AbstractPipeline.java:499)
	at java.base/java.util.stream.ForEachOps$ForEachOp.evaluateSequential(ForEachOps.java:151)
	at java.base/java.util.stream.ForEachOps$ForEachOp$OfRef.evaluateSequential(ForEachOps.java:174)
	at java.base/java.util.stream.AbstractPipeline.evaluate(AbstractPipeline.java:234)
	at java.base/java.util.stream.ReferencePipeline.forEach(ReferencePipeline.java:596)
	at org.junit.jupiter.engine.descriptor.ClassBasedTestDescriptor.invokeTestInstancePostProcessors(ClassBasedTestDescriptor.java:382)
	at org.junit.jupiter.engine.descriptor.ClassBasedTestDescriptor.lambda$instantiateAndPostProcessTestInstance$6(ClassBasedTestDescriptor.java:293)
	at org.junit.platform.engine.support.hierarchical.ThrowableCollector.execute(ThrowableCollector.java:73)
	at org.junit.jupiter.engine.descriptor.ClassBasedTestDescriptor.instantiateAndPostProcessTestInstance(ClassBasedTestDescriptor.java:292)
	at org.junit.jupiter.engine.descriptor.ClassBasedTestDescriptor.lambda$testInstancesProvider$4(ClassBasedTestDescriptor.java:281)
	at java.base/java.util.Optional.orElseGet(Optional.java:364)
	at org.junit.jupiter.engine.descriptor.ClassBasedTestDescriptor.lambda$testInstancesProvider$5(ClassBasedTestDescriptor.java:280)
	at org.junit.jupiter.engine.execution.TestInstancesProvider.getTestInstances(TestInstancesProvider.java:27)
	at org.junit.jupiter.engine.descriptor.TestMethodTestDescriptor.lambda$prepare$0(TestMethodTestDescriptor.java:112)
	at org.junit.platform.engine.support.hierarchical.ThrowableCollector.execute(ThrowableCollector.java:73)
	at org.junit.jupiter.engine.descriptor.TestMethodTestDescriptor.prepare(TestMethodTestDescriptor.java:111)
	at org.junit.jupiter.engine.descriptor.TestMethodTestDescriptor.prepare(TestMethodTestDescriptor.java:69)
	at org.junit.platform.engine.support.hierarchical.NodeTestTask.lambda$prepare$2(NodeTestTask.java:128)
	at org.junit.platform.engine.support.hierarchical.ThrowableCollector.execute(ThrowableCollector.java:73)
	at org.junit.platform.engine.support.hierarchical.NodeTestTask.prepare(NodeTestTask.java:128)
	at org.junit.platform.engine.support.hierarchical.NodeTestTask.execute(NodeTestTask.java:95)
	at java.base/java.util.ArrayList.forEach(ArrayList.java:1596)
	at org.junit.platform.engine.support.hierarchical.SameThreadHierarchicalTestExecutorService.invokeAll(SameThreadHierarchicalTestExecutorService.java:41)
	at org.junit.platform.engine.support.hierarchical.NodeTestTask.lambda$executeRecursively$6(NodeTestTask.java:160)
	at org.junit.platform.engine.support.hierarchical.ThrowableCollector.execute(ThrowableCollector.java:73)
	at org.junit.platform.engine.support.hierarchical.NodeTestTask.lambda$executeRecursively$8(NodeTestTask.java:146)
	at org.junit.platform.engine.support.hierarchical.Node.around(Node.java:137)
	at org.junit.platform.engine.support.hierarchical.NodeTestTask.lambda$executeRecursively$9(NodeTestTask.java:144)
	at org.junit.platform.engine.support.hierarchical.ThrowableCollector.execute(ThrowableCollector.java:73)
	at org.junit.platform.engine.support.hierarchical.NodeTestTask.executeRecursively(NodeTestTask.java:143)
	at org.junit.platform.engine.support.hierarchical.NodeTestTask.execute(NodeTestTask.java:100)
	at java.base/java.util.ArrayList.forEach(ArrayList.java:1596)
	at org.junit.platform.engine.support.hierarchical.SameThreadHierarchicalTestExecutorService.invokeAll(SameThreadHierarchicalTestExecutorService.java:41)
	at org.junit.platform.engine.support.hierarchical.NodeTestTask.lambda$executeRecursively$6(NodeTestTask.java:160)
	at org.junit.platform.engine.support.hierarchical.ThrowableCollector.execute(ThrowableCollector.java:73)
	at org.junit.platform.engine.support.hierarchical.NodeTestTask.lambda$executeRecursively$8(NodeTestTask.java:146)
	at org.junit.platform.engine.support.hierarchical.Node.around(Node.java:137)
	at org.junit.platform.engine.support.hierarchical.NodeTestTask.lambda$executeRecursively$9(NodeTestTask.java:144)
	at org.junit.platform.engine.support.hierarchical.ThrowableCollector.execute(ThrowableCollector.java:73)
	at org.junit.platform.engine.support.hierarchical.NodeTestTask.executeRecursively(NodeTestTask.java:143)
	at org.junit.platform.engine.support.hierarchical.NodeTestTask.execute(NodeTestTask.java:100)
	at org.junit.platform.engine.support.hierarchical.SameThreadHierarchicalTestExecutorService.submit(SameThreadHierarchicalTestExecutorService.java:35)
	at org.junit.platform.engine.support.hierarchical.HierarchicalTestExecutor.execute(HierarchicalTestExecutor.java:57)
	at org.junit.platform.engine.support.hierarchical.HierarchicalTestEngine.execute(HierarchicalTestEngine.java:54)
	at org.junit.platform.launcher.core.EngineExecutionOrchestrator.execute(EngineExecutionOrchestrator.java:201)
	at org.junit.platform.launcher.core.EngineExecutionOrchestrator.execute(EngineExecutionOrchestrator.java:170)
	at org.junit.platform.launcher.core.EngineExecutionOrchestrator.execute(EngineExecutionOrchestrator.java:94)
	at org.junit.platform.launcher.core.EngineExecutionOrchestrator.lambda$execute$0(EngineExecutionOrchestrator.java:59)
	at org.junit.platform.launcher.core.EngineExecutionOrchestrator.withInterceptedStreams(EngineExecutionOrchestrator.java:142)
	at org.junit.platform.launcher.core.EngineExecutionOrchestrator.execute(EngineExecutionOrchestrator.java:58)
	at org.junit.platform.launcher.core.DefaultLauncher.execute(DefaultLauncher.java:103)
	at org.junit.platform.launcher.core.DefaultLauncher.execute(DefaultLauncher.java:85)
	at org.junit.platform.launcher.core.DelegatingLauncher.execute(DelegatingLauncher.java:47)
	at org.junit.platform.launcher.core.InterceptingLauncher.lambda$execute$1(InterceptingLauncher.java:39)
	at org.junit.platform.launcher.core.ClasspathAlignmentCheckingLauncherInterceptor.intercept(ClasspathAlignmentCheckingLauncherInterceptor.java:25)
	at org.junit.platform.launcher.core.InterceptingLauncher.execute(InterceptingLauncher.java:38)
	at org.junit.platform.launcher.core.DelegatingLauncher.execute(DelegatingLauncher.java:47)
	at org.gradle.api.internal.tasks.testing.junitplatform.JUnitPlatformTestClassProcessor$CollectAllTestClassesExecutor.processAllTestClasses(JUnitPlatformTestClassProcessor.java:124)
	at org.gradle.api.internal.tasks.testing.junitplatform.JUnitPlatformTestClassProcessor$CollectAllTestClassesExecutor.access$000(JUnitPlatformTestClassProcessor.java:99)
	at org.gradle.api.internal.tasks.testing.junitplatform.JUnitPlatformTestClassProcessor.stop(JUnitPlatformTestClassProcessor.java:94)
	at org.gradle.api.internal.tasks.testing.SuiteTestClassProcessor.stop(SuiteTestClassProcessor.java:63)
	at java.base/jdk.internal.reflect.DirectMethodHandleAccessor.invoke(DirectMethodHandleAccessor.java:103)
	at java.base/java.lang.reflect.Method.invoke(Method.java:580)
	at org.gradle.internal.dispatch.ReflectionDispatch.dispatch(ReflectionDispatch.java:36)
	at org.gradle.internal.dispatch.ReflectionDispatch.dispatch(ReflectionDispatch.java:24)
	at org.gradle.internal.dispatch.ContextClassLoaderDispatch.dispatch(ContextClassLoaderDispatch.java:33)
	at org.gradle.internal.dispatch.ProxyDispatchAdapter$DispatchingInvocationHandler.invoke(ProxyDispatchAdapter.java:92)
	at jdk.proxy1/jdk.proxy1.$Proxy4.stop(Unknown Source)
	at org.gradle.api.internal.tasks.testing.worker.TestWorker$3.run(TestWorker.java:200)
	at org.gradle.api.internal.tasks.testing.worker.TestWorker.executeAndMaintainThreadName(TestWorker.java:132)
	at org.gradle.api.internal.tasks.testing.worker.TestWorker.execute(TestWorker.java:103)
	at org.gradle.api.internal.tasks.testing.worker.TestWorker.execute(TestWorker.java:63)
	at org.gradle.process.internal.worker.child.ActionExecutionWorker.execute(ActionExecutionWorker.java:56)
	at org.gradle.process.internal.worker.child.SystemApplicationClassLoaderWorker.call(SystemApplicationClassLoaderWorker.java:121)
	at org.gradle.process.internal.worker.child.SystemApplicationClassLoaderWorker.call(SystemApplicationClassLoaderWorker.java:71)
	at worker.org.gradle.process.internal.worker.GradleWorkerMain.run(GradleWorkerMain.java:69)
	at worker.org.gradle.process.internal.worker.GradleWorkerMain.main(GradleWorkerMain.java:74)
Caused by: java.sql.SQLIntegrityConstraintViolationException: (conn=1625) Cannot add or update a child row: a foreign key constraint fails (`sanaspace`.`#sql-alter-16c4-659`, CONSTRAINT `FK957asorswh9j2ee6w6471j23o` FOREIGN KEY (`medication_id`) REFERENCES `medications` (`id`))
	at org.mariadb.jdbc.export.ExceptionFactory.createException(ExceptionFactory.java:297)
	at org.mariadb.jdbc.export.ExceptionFactory.create(ExceptionFactory.java:378)
	at org.mariadb.jdbc.message.ClientMessage.readPacket(ClientMessage.java:187)
	at org.mariadb.jdbc.client.impl.StandardClient.readPacket(StandardClient.java:1364)
	at org.mariadb.jdbc.client.impl.StandardClient.readResults(StandardClient.java:1303)
	at org.mariadb.jdbc.client.impl.StandardClient.readResponse(StandardClient.java:1222)
	at org.mariadb.jdbc.client.impl.StandardClient.execute(StandardClient.java:1146)
	at org.mariadb.jdbc.Statement.executeInternal(Statement.java:1003)
	at org.mariadb.jdbc.Statement.execute(Statement.java:1132)
	at org.mariadb.jdbc.Statement.execute(Statement.java:471)
	at com.zaxxer.hikari.pool.ProxyStatement.execute(ProxyStatement.java:95)
	at com.zaxxer.hikari.pool.HikariProxyStatement.execute(HikariProxyStatement.java)
	at org.hibernate.tool.schema.internal.exec.GenerationTargetToDatabase.accept(GenerationTargetToDatabase.java:80)
	... 132 common frames omitted
2025-06-11 08:10:24 INFO  o.s.o.j.LocalContainerEntityManagerFactoryBean - Initialized JPA EntityManagerFactory for persistence unit 'default'
2025-06-11 08:10:27 WARN  o.s.b.a.o.j.JpaBaseConfiguration$JpaWebConfiguration - spring.jpa.open-in-view is enabled by default. Therefore, database queries may be performed during view rendering. Explicitly configure spring.jpa.open-in-view to disable this warning
2025-06-11 08:10:27 INFO  o.s.b.a.w.s.WelcomePageHandlerMapping - Adding welcome page template: index
2025-06-11 08:10:30 INFO  o.s.b.t.m.w.SpringBootMockServletContext - Initializing Spring TestDispatcherServlet ''
2025-06-11 08:10:30 INFO  o.s.t.w.s.TestDispatcherServlet - Initializing Servlet ''
2025-06-11 08:10:30 INFO  o.s.b.a.e.web.EndpointLinksResolver - Exposing 1 endpoint beneath base path '/actuator'
2025-06-11 08:10:30 INFO  o.s.t.w.s.TestDispatcherServlet - Completed initialization in 91 ms
2025-06-11 08:10:30 INFO  i.g.m.s.DoctorControllerTests - Started DoctorControllerTests in 17.533 seconds (process running for 22.401)
2025-06-11 08:10:31 INFO  i.g.m.sanaspace.SanaspaceApplication - 🚀 Fetching database tables - {} - 2025-06-11T07:10:31.098816100Z
2025-06-11 08:10:31 INFO  i.g.m.sanaspace.SanaspaceApplication - 💡 Tables found in database:
2025-06-11 08:10:31 INFO  i.g.m.sanaspace.SanaspaceApplication - 💡  - doctors
2025-06-11 08:10:31 INFO  i.g.m.sanaspace.SanaspaceApplication - 💡  - insurances
2025-06-11 08:10:31 INFO  i.g.m.sanaspace.SanaspaceApplication - 💡  - medications
2025-06-11 08:10:31 INFO  i.g.m.sanaspace.SanaspaceApplication - 💡  - patients
2025-06-11 08:10:31 INFO  i.g.m.sanaspace.SanaspaceApplication - 💡  - prescriptions
2025-06-11 08:10:31 INFO  i.g.m.sanaspace.SanaspaceApplication - 💡  - visits
2025-06-11 08:10:31 INFO  i.g.m.sanaspace.SanaspaceApplication - ✅ Successfully fetched database tables - Took 26ms
2025-06-11 08:10:32 INFO  i.g.m.sanaspace.controllers.CDoctor - 🚀 Partially updating Doctor... - {method=PATCH, updates=[firstName, email], id=ff7c0432-89ab-40c5-bc50-f6b77439d9c6, uri=/api/doctors/ff7c0432-89ab-40c5-bc50-f6b77439d9c6} - 2025-06-11T07:10:32.026344500Z
2025-06-11 08:10:32 INFO  i.g.m.sanaspace.services.SDoctor - 🚀 Updating doctor fields... - {updates=[firstName, email], id=ff7c0432-89ab-40c5-bc50-f6b77439d9c6} - 2025-06-11T07:10:32.049454600Z
2025-06-11 08:10:32 DEBUG org.hibernate.SQL - 
    select
        d1_0.id,
        d1_0.address,
        d1_0.email,
        d1_0.experience,
        d1_0.first_name,
        d1_0.last_name,
        d1_0.specialization 
    from
        doctors d1_0 
    where
        d1_0.id=?
2025-06-11 08:10:32 ERROR i.g.m.sanaspace.services.SDoctor - ❌ ❌ Doctor not found with id: ff7c0432-89ab-40c5-bc50-f6b77439d9c6: Doctor not found with id: ff7c0432-89ab-40c5-bc50-f6b77439d9c6 - Request: partial update doctor - Took 137ms
Stack: io.github.matthewjacobsd.sanaspace.services.SDoctor.lambda$updateDoctorFields$7(SDoctor.java:97)
java.base/java.util.Optional.orElseThrow(Optional.java:403)
io.github.matthewjacobsd.sanaspace.services.SDoctor.lambda$updateDoctorFields$9(SDoctor.java:97)
2025-06-11 08:10:32 ERROR i.g.m.sanaspace.controllers.CDoctor - ❌ Failed to partially update doctor: Doctor not found with id: ff7c0432-89ab-40c5-bc50-f6b77439d9c6: Doctor not found with id: ff7c0432-89ab-40c5-bc50-f6b77439d9c6 - Request: /api/doctors/ff7c0432-89ab-40c5-bc50-f6b77439d9c6 - Took 175ms
Stack: io.github.matthewjacobsd.sanaspace.services.SDoctor.lambda$updateDoctorFields$7(SDoctor.java:97)
java.base/java.util.Optional.orElseThrow(Optional.java:403)
io.github.matthewjacobsd.sanaspace.services.SDoctor.lambda$updateDoctorFields$9(SDoctor.java:97)
2025-06-11 08:10:32 INFO  i.g.m.sanaspace.controllers.CDoctor - 🚀 Updating doctor... - {lastName=Smith, id=ff7c0432-89ab-40c5-bc50-f6b77439d9c6, firstName=Michael, method=PUT, uri=/api/doctors/ff7c0432-89ab-40c5-bc50-f6b77439d9c6} - 2025-06-11T07:10:32.629681600Z
2025-06-11 08:10:32 INFO  i.g.m.sanaspace.services.SDoctor - 🚀 Updating doctor... - {id=ff7c0432-89ab-40c5-bc50-f6b77439d9c6, firstName=Michael, lastName=Smith} - 2025-06-11T07:10:32.632679400Z
2025-06-11 08:10:32 DEBUG org.hibernate.SQL - 
    select
        d1_0.id,
        d1_0.address,
        d1_0.email,
        d1_0.experience,
        d1_0.first_name,
        d1_0.last_name,
        d1_0.specialization 
    from
        doctors d1_0 
    where
        d1_0.id=?
2025-06-11 08:10:32 ERROR i.g.m.sanaspace.services.SDoctor - ❌ ❌ Doctor not found with id: ff7c0432-89ab-40c5-bc50-f6b77439d9c6: Doctor not found with id: ff7c0432-89ab-40c5-bc50-f6b77439d9c6 - Request: update doctor - Took 12ms
Stack: io.github.matthewjacobsd.sanaspace.services.SDoctor.lambda$updateDoctor$5(SDoctor.java:76)
java.base/java.util.Optional.orElseThrow(Optional.java:403)
io.github.matthewjacobsd.sanaspace.services.SDoctor.lambda$updateDoctor$6(SDoctor.java:76)
2025-06-11 08:10:32 ERROR i.g.m.sanaspace.controllers.CDoctor - ❌ Failed to update doctor: Doctor not found with id: ff7c0432-89ab-40c5-bc50-f6b77439d9c6: Doctor not found with id: ff7c0432-89ab-40c5-bc50-f6b77439d9c6 - Request: /api/doctors/ff7c0432-89ab-40c5-bc50-f6b77439d9c6 - Took 20ms
Stack: io.github.matthewjacobsd.sanaspace.services.SDoctor.lambda$updateDoctor$5(SDoctor.java:76)
java.base/java.util.Optional.orElseThrow(Optional.java:403)
io.github.matthewjacobsd.sanaspace.services.SDoctor.lambda$updateDoctor$6(SDoctor.java:76)
2025-06-11 08:10:32 INFO  i.g.m.sanaspace.controllers.CDoctor - 🚀 Deleting doctor... - {uri=/api/doctors/ff7c0432-89ab-40c5-bc50-f6b77439d9c6, id=ff7c0432-89ab-40c5-bc50-f6b77439d9c6, method=DELETE} - 2025-06-11T07:10:32.746787400Z
2025-06-11 08:10:32 INFO  i.g.m.sanaspace.services.SDoctor - 🚀 Deleting doctor... - {id=ff7c0432-89ab-40c5-bc50-f6b77439d9c6} - 2025-06-11T07:10:32.750857800Z
2025-06-11 08:10:32 DEBUG org.hibernate.SQL - 
    select
        d1_0.id,
        d1_0.address,
        d1_0.email,
        d1_0.experience,
        d1_0.first_name,
        d1_0.last_name,
        d1_0.specialization 
    from
        doctors d1_0 
    where
        d1_0.id=?
2025-06-11 08:10:32 ERROR i.g.m.sanaspace.services.SDoctor - ❌ ❌ Doctor not found with id: ff7c0432-89ab-40c5-bc50-f6b77439d9c6: Doctor not found with id: ff7c0432-89ab-40c5-bc50-f6b77439d9c6 - Request: delete doctor - Took 14ms
Stack: io.github.matthewjacobsd.sanaspace.services.SDoctor.lambda$deleteDoctor$10(SDoctor.java:119)
java.base/java.util.Optional.orElseThrow(Optional.java:403)
io.github.matthewjacobsd.sanaspace.services.SDoctor.lambda$deleteDoctor$11(SDoctor.java:119)
2025-06-11 08:10:32 ERROR i.g.m.sanaspace.controllers.CDoctor - ❌ Failed to delete doctor: Doctor not found with id: ff7c0432-89ab-40c5-bc50-f6b77439d9c6: Doctor not found with id: ff7c0432-89ab-40c5-bc50-f6b77439d9c6 - Request: /api/doctors/ff7c0432-89ab-40c5-bc50-f6b77439d9c6 - Took 29ms
Stack: io.github.matthewjacobsd.sanaspace.services.SDoctor.lambda$deleteDoctor$10(SDoctor.java:119)
java.base/java.util.Optional.orElseThrow(Optional.java:403)
io.github.matthewjacobsd.sanaspace.services.SDoctor.lambda$deleteDoctor$11(SDoctor.java:119)
2025-06-11 08:10:32 INFO  i.g.m.sanaspace.controllers.CDoctor - 🚀 Fetching doctor by ID... - {uri=/api/doctors/ff7c0432-89ab-40c5-bc50-f6b77439d9c6, id=ff7c0432-89ab-40c5-bc50-f6b77439d9c6, method=GET} - 2025-06-11T07:10:32.843853600Z
2025-06-11 08:10:32 INFO  i.g.m.sanaspace.services.SDoctor - 🚀 Fetching single doctor... - {id=ff7c0432-89ab-40c5-bc50-f6b77439d9c6} - 2025-06-11T07:10:32.849400300Z
2025-06-11 08:10:32 DEBUG org.hibernate.SQL - 
    select
        d1_0.id,
        d1_0.address,
        d1_0.email,
        d1_0.experience,
        d1_0.first_name,
        d1_0.last_name,
        d1_0.specialization 
    from
        doctors d1_0 
    where
        d1_0.id=?
2025-06-11 08:10:32 ERROR i.g.m.sanaspace.services.SDoctor - ❌ ❌ Doctor not found with id: ff7c0432-89ab-40c5-bc50-f6b77439d9c6: Doctor not found with id: ff7c0432-89ab-40c5-bc50-f6b77439d9c6 - Request: fetch doctor by ID - Took 14ms
Stack: io.github.matthewjacobsd.sanaspace.services.SDoctor.lambda$fetchDoctorById$3(SDoctor.java:69)
java.base/java.util.Optional.orElseThrow(Optional.java:403)
io.github.matthewjacobsd.sanaspace.services.SDoctor.lambda$fetchDoctorById$4(SDoctor.java:69)
2025-06-11 08:10:32 ERROR i.g.m.sanaspace.controllers.CDoctor - ❌ Failed to fetch doctor: Doctor not found with id: ff7c0432-89ab-40c5-bc50-f6b77439d9c6: Doctor not found with id: ff7c0432-89ab-40c5-bc50-f6b77439d9c6 - Request: /api/doctors/ff7c0432-89ab-40c5-bc50-f6b77439d9c6 - Took 33ms
Stack: io.github.matthewjacobsd.sanaspace.services.SDoctor.lambda$fetchDoctorById$3(SDoctor.java:69)
java.base/java.util.Optional.orElseThrow(Optional.java:403)
io.github.matthewjacobsd.sanaspace.services.SDoctor.lambda$fetchDoctorById$4(SDoctor.java:69)
2025-06-11 08:10:32 INFO  i.g.m.sanaspace.controllers.CDoctor - 🚀 Fetching doctors... - {method=GET, limit=10, uri=/api/doctors, page=1} - 2025-06-11T07:10:32.951382900Z
2025-06-11 08:10:32 INFO  i.g.m.sanaspace.services.SDoctor - 🚀 Fetching doctors... - {size=10, page=0} - 2025-06-11T07:10:32.959986400Z
2025-06-11 08:10:33 DEBUG org.hibernate.SQL - 
    /* <criteria> */ select
        d1_0.id,
        d1_0.address,
        d1_0.email,
        d1_0.experience,
        d1_0.first_name,
        d1_0.last_name,
        d1_0.specialization 
    from
        doctors d1_0 
    limit
        ?, ?
2025-06-11 08:10:33 DEBUG org.hibernate.SQL - 
    /* <criteria> */ select
        count(d1_0.id) 
    from
        doctors d1_0
2025-06-11 08:10:33 INFO  i.g.m.sanaspace.services.SDoctor - ✅ ✅ fetch all doctors - Took 360ms
2025-06-11 08:10:33 INFO  i.g.m.sanaspace.controllers.CDoctor - ✅ Doctors fetched successfully - Took 381ms
2025-06-11 08:10:33 INFO  i.g.m.sanaspace.controllers.CDoctor - 🚀 Saving doctor... - {lastName=Patel, method=POST, firstName=Amara, uri=/api/doctors} - 2025-06-11T07:10:33.402022300Z
2025-06-11 08:10:33 INFO  i.g.m.sanaspace.services.SDoctor - 🚀 Saving doctor... - {lastName=Patel, firstName=Amara} - 2025-06-11T07:10:33.414640Z
2025-06-11 08:10:33 INFO  i.g.m.sanaspace.services.SDoctor - ✅ ✅ save doctor - Took 46ms
2025-06-11 08:10:33 DEBUG org.hibernate.SQL - 
    /* insert for
        io.github.matthewjacobsd.sanaspace.models.Doctor */insert 
    into
        doctors (address, email, experience, first_name, last_name, specialization, id) 
    values
        (?, ?, ?, ?, ?, ?, ?)
2025-06-11 08:10:33 INFO  i.g.m.sanaspace.controllers.CDoctor - ✅ Doctor saved successfully - Took 115ms
2025-06-11 08:10:33 INFO  o.s.o.j.LocalContainerEntityManagerFactoryBean - Closing JPA EntityManagerFactory for persistence unit 'default'
2025-06-11 08:10:33 INFO  com.zaxxer.hikari.HikariDataSource - HikariPool-1 - Shutdown initiated...
2025-06-11 08:10:33 INFO  com.zaxxer.hikari.HikariDataSource - HikariPool-1 - Shutdown completed.
2025-06-11 08:13:27 INFO  i.g.m.s.DoctorControllerTests - Starting DoctorControllerTests using Java 21.0.7 with PID 3560 (started by emerd in C:\Users\emerd\Code\sanaspace)
2025-06-11 08:13:27 INFO  i.g.m.s.DoctorControllerTests - No active profile set, falling back to 1 default profile: "default"
2025-06-11 08:13:32 INFO  o.s.d.r.c.RepositoryConfigurationDelegate - Bootstrapping Spring Data JPA repositories in DEFAULT mode.
2025-06-11 08:13:33 INFO  o.s.d.r.c.RepositoryConfigurationDelegate - Finished Spring Data repository scanning in 272 ms. Found 6 JPA repository interfaces.
2025-06-11 08:13:36 INFO  o.h.jpa.internal.util.LogHelper - HHH000204: Processing PersistenceUnitInfo [name: default]
2025-06-11 08:13:36 INFO  org.hibernate.Version - HHH000412: Hibernate ORM core version 6.6.15.Final
2025-06-11 08:13:36 INFO  o.h.c.i.RegionFactoryInitiator - HHH000026: Second-level cache disabled
2025-06-11 08:13:37 INFO  o.s.o.j.p.SpringPersistenceUnitInfo - No LoadTimeWeaver setup: ignoring JPA class transformer
2025-06-11 08:13:38 INFO  com.zaxxer.hikari.HikariDataSource - HikariPool-1 - Starting...
2025-06-11 08:13:38 INFO  com.zaxxer.hikari.pool.HikariPool - HikariPool-1 - Added connection org.mariadb.jdbc.Connection@43e7f104
2025-06-11 08:13:38 INFO  com.zaxxer.hikari.HikariDataSource - HikariPool-1 - Start completed.
2025-06-11 08:13:38 INFO  o.hibernate.orm.connections.pooling - HHH10001005: Database info:
	Database JDBC URL [Connecting through datasource 'HikariDataSource (HikariPool-1)']
	Database driver: undefined/unknown
	Database version: 11.7.2
	Autocommit mode: undefined/unknown
	Isolation level: undefined/unknown
	Minimum pool size: undefined/unknown
	Maximum pool size: undefined/unknown
2025-06-11 08:13:43 INFO  o.h.e.t.j.p.i.JtaPlatformInitiator - HHH000489: No JTA platform available (set 'hibernate.transaction.jta.platform' to enable JTA platform integration)
2025-06-11 08:13:43 DEBUG org.hibernate.SQL - 
    alter table if exists visits 
       modify column symptoms varchar(50)
2025-06-11 08:13:43 WARN  o.m.jdbc.message.server.ErrorPacket - Error: 1406-22001: Data too long for column 'symptoms' at row 1
2025-06-11 08:13:43 WARN  o.h.t.s.i.ExceptionHandlerLoggedImpl - GenerationTarget encountered exception accepting command : Error executing DDL "
    alter table if exists visits 
       modify column symptoms varchar(50)" via JDBC [(conn=1638) Data too long for column 'symptoms' at row 1]
org.hibernate.tool.schema.spi.CommandAcceptanceException: Error executing DDL "
    alter table if exists visits 
       modify column symptoms varchar(50)" via JDBC [(conn=1638) Data too long for column 'symptoms' at row 1]
	at org.hibernate.tool.schema.internal.exec.GenerationTargetToDatabase.accept(GenerationTargetToDatabase.java:94)
	at org.hibernate.tool.schema.internal.AbstractSchemaMigrator.applySqlString(AbstractSchemaMigrator.java:576)
	at org.hibernate.tool.schema.internal.AbstractSchemaMigrator.applySqlStrings(AbstractSchemaMigrator.java:516)
	at org.hibernate.tool.schema.internal.AbstractSchemaMigrator.migrateTable(AbstractSchemaMigrator.java:334)
	at org.hibernate.tool.schema.internal.GroupedSchemaMigratorImpl.performTablesMigration(GroupedSchemaMigratorImpl.java:84)
	at org.hibernate.tool.schema.internal.AbstractSchemaMigrator.performMigration(AbstractSchemaMigrator.java:233)
	at org.hibernate.tool.schema.internal.AbstractSchemaMigrator.doMigration(AbstractSchemaMigrator.java:112)
	at org.hibernate.tool.schema.spi.SchemaManagementToolCoordinator.performDatabaseAction(SchemaManagementToolCoordinator.java:280)
	at org.hibernate.tool.schema.spi.SchemaManagementToolCoordinator.lambda$process$5(SchemaManagementToolCoordinator.java:144)
	at java.base/java.util.HashMap.forEach(HashMap.java:1429)
	at org.hibernate.tool.schema.spi.SchemaManagementToolCoordinator.process(SchemaManagementToolCoordinator.java:141)
	at org.hibernate.boot.internal.SessionFactoryObserverForSchemaExport.sessionFactoryCreated(SessionFactoryObserverForSchemaExport.java:37)
	at org.hibernate.internal.SessionFactoryObserverChain.sessionFactoryCreated(SessionFactoryObserverChain.java:35)
	at org.hibernate.internal.SessionFactoryImpl.<init>(SessionFactoryImpl.java:324)
	at org.hibernate.boot.internal.SessionFactoryBuilderImpl.build(SessionFactoryBuilderImpl.java:463)
	at org.hibernate.jpa.boot.internal.EntityManagerFactoryBuilderImpl.build(EntityManagerFactoryBuilderImpl.java:1517)
	at org.springframework.orm.jpa.vendor.SpringHibernateJpaPersistenceProvider.createContainerEntityManagerFactory(SpringHibernateJpaPersistenceProvider.java:66)
	at org.springframework.orm.jpa.LocalContainerEntityManagerFactoryBean.createNativeEntityManagerFactory(LocalContainerEntityManagerFactoryBean.java:390)
	at org.springframework.orm.jpa.AbstractEntityManagerFactoryBean.buildNativeEntityManagerFactory(AbstractEntityManagerFactoryBean.java:419)
	at org.springframework.orm.jpa.AbstractEntityManagerFactoryBean.afterPropertiesSet(AbstractEntityManagerFactoryBean.java:400)
	at org.springframework.orm.jpa.LocalContainerEntityManagerFactoryBean.afterPropertiesSet(LocalContainerEntityManagerFactoryBean.java:366)
	at org.springframework.beans.factory.support.AbstractAutowireCapableBeanFactory.invokeInitMethods(AbstractAutowireCapableBeanFactory.java:1873)
	at org.springframework.beans.factory.support.AbstractAutowireCapableBeanFactory.initializeBean(AbstractAutowireCapableBeanFactory.java:1822)
	at org.springframework.beans.factory.support.AbstractAutowireCapableBeanFactory.doCreateBean(AbstractAutowireCapableBeanFactory.java:607)
	at org.springframework.beans.factory.support.AbstractAutowireCapableBeanFactory.createBean(AbstractAutowireCapableBeanFactory.java:529)
	at org.springframework.beans.factory.support.AbstractBeanFactory.lambda$doGetBean$0(AbstractBeanFactory.java:339)
	at org.springframework.beans.factory.support.DefaultSingletonBeanRegistry.getSingleton(DefaultSingletonBeanRegistry.java:373)
	at org.springframework.beans.factory.support.AbstractBeanFactory.doGetBean(AbstractBeanFactory.java:337)
	at org.springframework.beans.factory.support.AbstractBeanFactory.getBean(AbstractBeanFactory.java:207)
	at org.springframework.context.support.AbstractApplicationContext.finishBeanFactoryInitialization(AbstractApplicationContext.java:970)
	at org.springframework.context.support.AbstractApplicationContext.refresh(AbstractApplicationContext.java:627)
	at org.springframework.boot.SpringApplication.refresh(SpringApplication.java:753)
	at org.springframework.boot.SpringApplication.refreshContext(SpringApplication.java:439)
	at org.springframework.boot.SpringApplication.run(SpringApplication.java:318)
	at org.springframework.boot.test.context.SpringBootContextLoader.lambda$loadContext$3(SpringBootContextLoader.java:144)
	at org.springframework.util.function.ThrowingSupplier.get(ThrowingSupplier.java:58)
	at org.springframework.util.function.ThrowingSupplier.get(ThrowingSupplier.java:46)
	at org.springframework.boot.SpringApplication.withHook(SpringApplication.java:1462)
	at org.springframework.boot.test.context.SpringBootContextLoader$ContextLoaderHook.run(SpringBootContextLoader.java:563)
	at org.springframework.boot.test.context.SpringBootContextLoader.loadContext(SpringBootContextLoader.java:144)
	at org.springframework.boot.test.context.SpringBootContextLoader.loadContext(SpringBootContextLoader.java:110)
	at org.springframework.test.context.cache.DefaultCacheAwareContextLoaderDelegate.loadContextInternal(DefaultCacheAwareContextLoaderDelegate.java:225)
	at org.springframework.test.context.cache.DefaultCacheAwareContextLoaderDelegate.loadContext(DefaultCacheAwareContextLoaderDelegate.java:152)
	at org.springframework.test.context.support.DefaultTestContext.getApplicationContext(DefaultTestContext.java:130)
	at org.springframework.test.context.web.ServletTestExecutionListener.setUpRequestContextIfNecessary(ServletTestExecutionListener.java:200)
	at org.springframework.test.context.web.ServletTestExecutionListener.prepareTestInstance(ServletTestExecutionListener.java:139)
	at org.springframework.test.context.TestContextManager.prepareTestInstance(TestContextManager.java:260)
	at org.springframework.test.context.junit.jupiter.SpringExtension.postProcessTestInstance(SpringExtension.java:159)
	at org.junit.jupiter.engine.descriptor.ClassBasedTestDescriptor.lambda$invokeTestInstancePostProcessors$10(ClassBasedTestDescriptor.java:383)
	at org.junit.jupiter.engine.descriptor.ClassBasedTestDescriptor.executeAndMaskThrowable(ClassBasedTestDescriptor.java:388)
	at org.junit.jupiter.engine.descriptor.ClassBasedTestDescriptor.lambda$invokeTestInstancePostProcessors$11(ClassBasedTestDescriptor.java:382)
	at java.base/java.util.stream.ForEachOps$ForEachOp$OfRef.accept(ForEachOps.java:184)
	at java.base/java.util.stream.ReferencePipeline$3$1.accept(ReferencePipeline.java:197)
	at java.base/java.util.stream.ReferencePipeline$2$1.accept(ReferencePipeline.java:179)
	at java.base/java.util.stream.ReferencePipeline$3$1.accept(ReferencePipeline.java:197)
	at java.base/java.util.ArrayList$ArrayListSpliterator.forEachRemaining(ArrayList.java:1708)
	at java.base/java.util.stream.AbstractPipeline.copyInto(AbstractPipeline.java:509)
	at java.base/java.util.stream.AbstractPipeline.wrapAndCopyInto(AbstractPipeline.java:499)
	at java.base/java.util.stream.ForEachOps$ForEachOp.evaluateSequential(ForEachOps.java:151)
	at java.base/java.util.stream.ForEachOps$ForEachOp$OfRef.evaluateSequential(ForEachOps.java:174)
	at java.base/java.util.stream.AbstractPipeline.evaluate(AbstractPipeline.java:234)
	at java.base/java.util.stream.ReferencePipeline.forEach(ReferencePipeline.java:596)
	at org.junit.jupiter.engine.descriptor.ClassBasedTestDescriptor.invokeTestInstancePostProcessors(ClassBasedTestDescriptor.java:382)
	at org.junit.jupiter.engine.descriptor.ClassBasedTestDescriptor.lambda$instantiateAndPostProcessTestInstance$6(ClassBasedTestDescriptor.java:293)
	at org.junit.platform.engine.support.hierarchical.ThrowableCollector.execute(ThrowableCollector.java:73)
	at org.junit.jupiter.engine.descriptor.ClassBasedTestDescriptor.instantiateAndPostProcessTestInstance(ClassBasedTestDescriptor.java:292)
	at org.junit.jupiter.engine.descriptor.ClassBasedTestDescriptor.lambda$testInstancesProvider$4(ClassBasedTestDescriptor.java:281)
	at java.base/java.util.Optional.orElseGet(Optional.java:364)
	at org.junit.jupiter.engine.descriptor.ClassBasedTestDescriptor.lambda$testInstancesProvider$5(ClassBasedTestDescriptor.java:280)
	at org.junit.jupiter.engine.execution.TestInstancesProvider.getTestInstances(TestInstancesProvider.java:27)
	at org.junit.jupiter.engine.descriptor.TestMethodTestDescriptor.lambda$prepare$0(TestMethodTestDescriptor.java:112)
	at org.junit.platform.engine.support.hierarchical.ThrowableCollector.execute(ThrowableCollector.java:73)
	at org.junit.jupiter.engine.descriptor.TestMethodTestDescriptor.prepare(TestMethodTestDescriptor.java:111)
	at org.junit.jupiter.engine.descriptor.TestMethodTestDescriptor.prepare(TestMethodTestDescriptor.java:69)
	at org.junit.platform.engine.support.hierarchical.NodeTestTask.lambda$prepare$2(NodeTestTask.java:128)
	at org.junit.platform.engine.support.hierarchical.ThrowableCollector.execute(ThrowableCollector.java:73)
	at org.junit.platform.engine.support.hierarchical.NodeTestTask.prepare(NodeTestTask.java:128)
	at org.junit.platform.engine.support.hierarchical.NodeTestTask.execute(NodeTestTask.java:95)
	at java.base/java.util.ArrayList.forEach(ArrayList.java:1596)
	at org.junit.platform.engine.support.hierarchical.SameThreadHierarchicalTestExecutorService.invokeAll(SameThreadHierarchicalTestExecutorService.java:41)
	at org.junit.platform.engine.support.hierarchical.NodeTestTask.lambda$executeRecursively$6(NodeTestTask.java:160)
	at org.junit.platform.engine.support.hierarchical.ThrowableCollector.execute(ThrowableCollector.java:73)
	at org.junit.platform.engine.support.hierarchical.NodeTestTask.lambda$executeRecursively$8(NodeTestTask.java:146)
	at org.junit.platform.engine.support.hierarchical.Node.around(Node.java:137)
	at org.junit.platform.engine.support.hierarchical.NodeTestTask.lambda$executeRecursively$9(NodeTestTask.java:144)
	at org.junit.platform.engine.support.hierarchical.ThrowableCollector.execute(ThrowableCollector.java:73)
	at org.junit.platform.engine.support.hierarchical.NodeTestTask.executeRecursively(NodeTestTask.java:143)
	at org.junit.platform.engine.support.hierarchical.NodeTestTask.execute(NodeTestTask.java:100)
	at java.base/java.util.ArrayList.forEach(ArrayList.java:1596)
	at org.junit.platform.engine.support.hierarchical.SameThreadHierarchicalTestExecutorService.invokeAll(SameThreadHierarchicalTestExecutorService.java:41)
	at org.junit.platform.engine.support.hierarchical.NodeTestTask.lambda$executeRecursively$6(NodeTestTask.java:160)
	at org.junit.platform.engine.support.hierarchical.ThrowableCollector.execute(ThrowableCollector.java:73)
	at org.junit.platform.engine.support.hierarchical.NodeTestTask.lambda$executeRecursively$8(NodeTestTask.java:146)
	at org.junit.platform.engine.support.hierarchical.Node.around(Node.java:137)
	at org.junit.platform.engine.support.hierarchical.NodeTestTask.lambda$executeRecursively$9(NodeTestTask.java:144)
	at org.junit.platform.engine.support.hierarchical.ThrowableCollector.execute(ThrowableCollector.java:73)
	at org.junit.platform.engine.support.hierarchical.NodeTestTask.executeRecursively(NodeTestTask.java:143)
	at org.junit.platform.engine.support.hierarchical.NodeTestTask.execute(NodeTestTask.java:100)
	at org.junit.platform.engine.support.hierarchical.SameThreadHierarchicalTestExecutorService.submit(SameThreadHierarchicalTestExecutorService.java:35)
	at org.junit.platform.engine.support.hierarchical.HierarchicalTestExecutor.execute(HierarchicalTestExecutor.java:57)
	at org.junit.platform.engine.support.hierarchical.HierarchicalTestEngine.execute(HierarchicalTestEngine.java:54)
	at org.junit.platform.launcher.core.EngineExecutionOrchestrator.execute(EngineExecutionOrchestrator.java:201)
	at org.junit.platform.launcher.core.EngineExecutionOrchestrator.execute(EngineExecutionOrchestrator.java:170)
	at org.junit.platform.launcher.core.EngineExecutionOrchestrator.execute(EngineExecutionOrchestrator.java:94)
	at org.junit.platform.launcher.core.EngineExecutionOrchestrator.lambda$execute$0(EngineExecutionOrchestrator.java:59)
	at org.junit.platform.launcher.core.EngineExecutionOrchestrator.withInterceptedStreams(EngineExecutionOrchestrator.java:142)
	at org.junit.platform.launcher.core.EngineExecutionOrchestrator.execute(EngineExecutionOrchestrator.java:58)
	at org.junit.platform.launcher.core.DefaultLauncher.execute(DefaultLauncher.java:103)
	at org.junit.platform.launcher.core.DefaultLauncher.execute(DefaultLauncher.java:85)
	at org.junit.platform.launcher.core.DelegatingLauncher.execute(DelegatingLauncher.java:47)
	at org.junit.platform.launcher.core.InterceptingLauncher.lambda$execute$1(InterceptingLauncher.java:39)
	at org.junit.platform.launcher.core.ClasspathAlignmentCheckingLauncherInterceptor.intercept(ClasspathAlignmentCheckingLauncherInterceptor.java:25)
	at org.junit.platform.launcher.core.InterceptingLauncher.execute(InterceptingLauncher.java:38)
	at org.junit.platform.launcher.core.DelegatingLauncher.execute(DelegatingLauncher.java:47)
	at org.gradle.api.internal.tasks.testing.junitplatform.JUnitPlatformTestClassProcessor$CollectAllTestClassesExecutor.processAllTestClasses(JUnitPlatformTestClassProcessor.java:124)
	at org.gradle.api.internal.tasks.testing.junitplatform.JUnitPlatformTestClassProcessor$CollectAllTestClassesExecutor.access$000(JUnitPlatformTestClassProcessor.java:99)
	at org.gradle.api.internal.tasks.testing.junitplatform.JUnitPlatformTestClassProcessor.stop(JUnitPlatformTestClassProcessor.java:94)
	at org.gradle.api.internal.tasks.testing.SuiteTestClassProcessor.stop(SuiteTestClassProcessor.java:63)
	at java.base/jdk.internal.reflect.DirectMethodHandleAccessor.invoke(DirectMethodHandleAccessor.java:103)
	at java.base/java.lang.reflect.Method.invoke(Method.java:580)
	at org.gradle.internal.dispatch.ReflectionDispatch.dispatch(ReflectionDispatch.java:36)
	at org.gradle.internal.dispatch.ReflectionDispatch.dispatch(ReflectionDispatch.java:24)
	at org.gradle.internal.dispatch.ContextClassLoaderDispatch.dispatch(ContextClassLoaderDispatch.java:33)
	at org.gradle.internal.dispatch.ProxyDispatchAdapter$DispatchingInvocationHandler.invoke(ProxyDispatchAdapter.java:92)
	at jdk.proxy1/jdk.proxy1.$Proxy4.stop(Unknown Source)
	at org.gradle.api.internal.tasks.testing.worker.TestWorker$3.run(TestWorker.java:200)
	at org.gradle.api.internal.tasks.testing.worker.TestWorker.executeAndMaintainThreadName(TestWorker.java:132)
	at org.gradle.api.internal.tasks.testing.worker.TestWorker.execute(TestWorker.java:103)
	at org.gradle.api.internal.tasks.testing.worker.TestWorker.execute(TestWorker.java:63)
	at org.gradle.process.internal.worker.child.ActionExecutionWorker.execute(ActionExecutionWorker.java:56)
	at org.gradle.process.internal.worker.child.SystemApplicationClassLoaderWorker.call(SystemApplicationClassLoaderWorker.java:121)
	at org.gradle.process.internal.worker.child.SystemApplicationClassLoaderWorker.call(SystemApplicationClassLoaderWorker.java:71)
	at worker.org.gradle.process.internal.worker.GradleWorkerMain.run(GradleWorkerMain.java:69)
	at worker.org.gradle.process.internal.worker.GradleWorkerMain.main(GradleWorkerMain.java:74)
Caused by: java.sql.SQLSyntaxErrorException: (conn=1638) Data too long for column 'symptoms' at row 1
	at org.mariadb.jdbc.export.ExceptionFactory.createException(ExceptionFactory.java:289)
	at org.mariadb.jdbc.export.ExceptionFactory.create(ExceptionFactory.java:378)
	at org.mariadb.jdbc.message.ClientMessage.readPacket(ClientMessage.java:187)
	at org.mariadb.jdbc.client.impl.StandardClient.readPacket(StandardClient.java:1364)
	at org.mariadb.jdbc.client.impl.StandardClient.readResults(StandardClient.java:1303)
	at org.mariadb.jdbc.client.impl.StandardClient.readResponse(StandardClient.java:1222)
	at org.mariadb.jdbc.client.impl.StandardClient.execute(StandardClient.java:1146)
	at org.mariadb.jdbc.Statement.executeInternal(Statement.java:1003)
	at org.mariadb.jdbc.Statement.execute(Statement.java:1132)
	at org.mariadb.jdbc.Statement.execute(Statement.java:471)
	at com.zaxxer.hikari.pool.ProxyStatement.execute(ProxyStatement.java:95)
	at com.zaxxer.hikari.pool.HikariProxyStatement.execute(HikariProxyStatement.java)
	at org.hibernate.tool.schema.internal.exec.GenerationTargetToDatabase.accept(GenerationTargetToDatabase.java:80)
	... 133 common frames omitted
2025-06-11 08:13:43 DEBUG org.hibernate.SQL - 
    alter table if exists patients 
       add constraint FKhkntdq6ujwdgqbx8iwffi2ffb 
       foreign key (insurance_id) 
       references insurances (id)
2025-06-11 08:13:43 WARN  o.m.jdbc.message.server.ErrorPacket - Error: 1452-23000: Cannot add or update a child row: a foreign key constraint fails (`sanaspace`.`#sql-alter-16c4-666`, CONSTRAINT `FKhkntdq6ujwdgqbx8iwffi2ffb` FOREIGN KEY (`insurance_id`) REFERENCES `insurances` (`id`))
2025-06-11 08:13:43 WARN  o.h.t.s.i.ExceptionHandlerLoggedImpl - GenerationTarget encountered exception accepting command : Error executing DDL "
    alter table if exists patients 
       add constraint FKhkntdq6ujwdgqbx8iwffi2ffb 
       foreign key (insurance_id) 
       references insurances (id)" via JDBC [(conn=1638) Cannot add or update a child row: a foreign key constraint fails (`sanaspace`.`#sql-alter-16c4-666`, CONSTRAINT `FKhkntdq6ujwdgqbx8iwffi2ffb` FOREIGN KEY (`insurance_id`) REFERENCES `insurances` (`id`))]
org.hibernate.tool.schema.spi.CommandAcceptanceException: Error executing DDL "
    alter table if exists patients 
       add constraint FKhkntdq6ujwdgqbx8iwffi2ffb 
       foreign key (insurance_id) 
       references insurances (id)" via JDBC [(conn=1638) Cannot add or update a child row: a foreign key constraint fails (`sanaspace`.`#sql-alter-16c4-666`, CONSTRAINT `FKhkntdq6ujwdgqbx8iwffi2ffb` FOREIGN KEY (`insurance_id`) REFERENCES `insurances` (`id`))]
	at org.hibernate.tool.schema.internal.exec.GenerationTargetToDatabase.accept(GenerationTargetToDatabase.java:94)
	at org.hibernate.tool.schema.internal.AbstractSchemaMigrator.applySqlString(AbstractSchemaMigrator.java:576)
	at org.hibernate.tool.schema.internal.AbstractSchemaMigrator.applySqlStrings(AbstractSchemaMigrator.java:516)
	at org.hibernate.tool.schema.internal.AbstractSchemaMigrator.applyForeignKeys(AbstractSchemaMigrator.java:448)
	at org.hibernate.tool.schema.internal.AbstractSchemaMigrator.performMigration(AbstractSchemaMigrator.java:269)
	at org.hibernate.tool.schema.internal.AbstractSchemaMigrator.doMigration(AbstractSchemaMigrator.java:112)
	at org.hibernate.tool.schema.spi.SchemaManagementToolCoordinator.performDatabaseAction(SchemaManagementToolCoordinator.java:280)
	at org.hibernate.tool.schema.spi.SchemaManagementToolCoordinator.lambda$process$5(SchemaManagementToolCoordinator.java:144)
	at java.base/java.util.HashMap.forEach(HashMap.java:1429)
	at org.hibernate.tool.schema.spi.SchemaManagementToolCoordinator.process(SchemaManagementToolCoordinator.java:141)
	at org.hibernate.boot.internal.SessionFactoryObserverForSchemaExport.sessionFactoryCreated(SessionFactoryObserverForSchemaExport.java:37)
	at org.hibernate.internal.SessionFactoryObserverChain.sessionFactoryCreated(SessionFactoryObserverChain.java:35)
	at org.hibernate.internal.SessionFactoryImpl.<init>(SessionFactoryImpl.java:324)
	at org.hibernate.boot.internal.SessionFactoryBuilderImpl.build(SessionFactoryBuilderImpl.java:463)
	at org.hibernate.jpa.boot.internal.EntityManagerFactoryBuilderImpl.build(EntityManagerFactoryBuilderImpl.java:1517)
	at org.springframework.orm.jpa.vendor.SpringHibernateJpaPersistenceProvider.createContainerEntityManagerFactory(SpringHibernateJpaPersistenceProvider.java:66)
	at org.springframework.orm.jpa.LocalContainerEntityManagerFactoryBean.createNativeEntityManagerFactory(LocalContainerEntityManagerFactoryBean.java:390)
	at org.springframework.orm.jpa.AbstractEntityManagerFactoryBean.buildNativeEntityManagerFactory(AbstractEntityManagerFactoryBean.java:419)
	at org.springframework.orm.jpa.AbstractEntityManagerFactoryBean.afterPropertiesSet(AbstractEntityManagerFactoryBean.java:400)
	at org.springframework.orm.jpa.LocalContainerEntityManagerFactoryBean.afterPropertiesSet(LocalContainerEntityManagerFactoryBean.java:366)
	at org.springframework.beans.factory.support.AbstractAutowireCapableBeanFactory.invokeInitMethods(AbstractAutowireCapableBeanFactory.java:1873)
	at org.springframework.beans.factory.support.AbstractAutowireCapableBeanFactory.initializeBean(AbstractAutowireCapableBeanFactory.java:1822)
	at org.springframework.beans.factory.support.AbstractAutowireCapableBeanFactory.doCreateBean(AbstractAutowireCapableBeanFactory.java:607)
	at org.springframework.beans.factory.support.AbstractAutowireCapableBeanFactory.createBean(AbstractAutowireCapableBeanFactory.java:529)
	at org.springframework.beans.factory.support.AbstractBeanFactory.lambda$doGetBean$0(AbstractBeanFactory.java:339)
	at org.springframework.beans.factory.support.DefaultSingletonBeanRegistry.getSingleton(DefaultSingletonBeanRegistry.java:373)
	at org.springframework.beans.factory.support.AbstractBeanFactory.doGetBean(AbstractBeanFactory.java:337)
	at org.springframework.beans.factory.support.AbstractBeanFactory.getBean(AbstractBeanFactory.java:207)
	at org.springframework.context.support.AbstractApplicationContext.finishBeanFactoryInitialization(AbstractApplicationContext.java:970)
	at org.springframework.context.support.AbstractApplicationContext.refresh(AbstractApplicationContext.java:627)
	at org.springframework.boot.SpringApplication.refresh(SpringApplication.java:753)
	at org.springframework.boot.SpringApplication.refreshContext(SpringApplication.java:439)
	at org.springframework.boot.SpringApplication.run(SpringApplication.java:318)
	at org.springframework.boot.test.context.SpringBootContextLoader.lambda$loadContext$3(SpringBootContextLoader.java:144)
	at org.springframework.util.function.ThrowingSupplier.get(ThrowingSupplier.java:58)
	at org.springframework.util.function.ThrowingSupplier.get(ThrowingSupplier.java:46)
	at org.springframework.boot.SpringApplication.withHook(SpringApplication.java:1462)
	at org.springframework.boot.test.context.SpringBootContextLoader$ContextLoaderHook.run(SpringBootContextLoader.java:563)
	at org.springframework.boot.test.context.SpringBootContextLoader.loadContext(SpringBootContextLoader.java:144)
	at org.springframework.boot.test.context.SpringBootContextLoader.loadContext(SpringBootContextLoader.java:110)
	at org.springframework.test.context.cache.DefaultCacheAwareContextLoaderDelegate.loadContextInternal(DefaultCacheAwareContextLoaderDelegate.java:225)
	at org.springframework.test.context.cache.DefaultCacheAwareContextLoaderDelegate.loadContext(DefaultCacheAwareContextLoaderDelegate.java:152)
	at org.springframework.test.context.support.DefaultTestContext.getApplicationContext(DefaultTestContext.java:130)
	at org.springframework.test.context.web.ServletTestExecutionListener.setUpRequestContextIfNecessary(ServletTestExecutionListener.java:200)
	at org.springframework.test.context.web.ServletTestExecutionListener.prepareTestInstance(ServletTestExecutionListener.java:139)
	at org.springframework.test.context.TestContextManager.prepareTestInstance(TestContextManager.java:260)
	at org.springframework.test.context.junit.jupiter.SpringExtension.postProcessTestInstance(SpringExtension.java:159)
	at org.junit.jupiter.engine.descriptor.ClassBasedTestDescriptor.lambda$invokeTestInstancePostProcessors$10(ClassBasedTestDescriptor.java:383)
	at org.junit.jupiter.engine.descriptor.ClassBasedTestDescriptor.executeAndMaskThrowable(ClassBasedTestDescriptor.java:388)
	at org.junit.jupiter.engine.descriptor.ClassBasedTestDescriptor.lambda$invokeTestInstancePostProcessors$11(ClassBasedTestDescriptor.java:382)
	at java.base/java.util.stream.ForEachOps$ForEachOp$OfRef.accept(ForEachOps.java:184)
	at java.base/java.util.stream.ReferencePipeline$3$1.accept(ReferencePipeline.java:197)
	at java.base/java.util.stream.ReferencePipeline$2$1.accept(ReferencePipeline.java:179)
	at java.base/java.util.stream.ReferencePipeline$3$1.accept(ReferencePipeline.java:197)
	at java.base/java.util.ArrayList$ArrayListSpliterator.forEachRemaining(ArrayList.java:1708)
	at java.base/java.util.stream.AbstractPipeline.copyInto(AbstractPipeline.java:509)
	at java.base/java.util.stream.AbstractPipeline.wrapAndCopyInto(AbstractPipeline.java:499)
	at java.base/java.util.stream.ForEachOps$ForEachOp.evaluateSequential(ForEachOps.java:151)
	at java.base/java.util.stream.ForEachOps$ForEachOp$OfRef.evaluateSequential(ForEachOps.java:174)
	at java.base/java.util.stream.AbstractPipeline.evaluate(AbstractPipeline.java:234)
	at java.base/java.util.stream.ReferencePipeline.forEach(ReferencePipeline.java:596)
	at org.junit.jupiter.engine.descriptor.ClassBasedTestDescriptor.invokeTestInstancePostProcessors(ClassBasedTestDescriptor.java:382)
	at org.junit.jupiter.engine.descriptor.ClassBasedTestDescriptor.lambda$instantiateAndPostProcessTestInstance$6(ClassBasedTestDescriptor.java:293)
	at org.junit.platform.engine.support.hierarchical.ThrowableCollector.execute(ThrowableCollector.java:73)
	at org.junit.jupiter.engine.descriptor.ClassBasedTestDescriptor.instantiateAndPostProcessTestInstance(ClassBasedTestDescriptor.java:292)
	at org.junit.jupiter.engine.descriptor.ClassBasedTestDescriptor.lambda$testInstancesProvider$4(ClassBasedTestDescriptor.java:281)
	at java.base/java.util.Optional.orElseGet(Optional.java:364)
	at org.junit.jupiter.engine.descriptor.ClassBasedTestDescriptor.lambda$testInstancesProvider$5(ClassBasedTestDescriptor.java:280)
	at org.junit.jupiter.engine.execution.TestInstancesProvider.getTestInstances(TestInstancesProvider.java:27)
	at org.junit.jupiter.engine.descriptor.TestMethodTestDescriptor.lambda$prepare$0(TestMethodTestDescriptor.java:112)
	at org.junit.platform.engine.support.hierarchical.ThrowableCollector.execute(ThrowableCollector.java:73)
	at org.junit.jupiter.engine.descriptor.TestMethodTestDescriptor.prepare(TestMethodTestDescriptor.java:111)
	at org.junit.jupiter.engine.descriptor.TestMethodTestDescriptor.prepare(TestMethodTestDescriptor.java:69)
	at org.junit.platform.engine.support.hierarchical.NodeTestTask.lambda$prepare$2(NodeTestTask.java:128)
	at org.junit.platform.engine.support.hierarchical.ThrowableCollector.execute(ThrowableCollector.java:73)
	at org.junit.platform.engine.support.hierarchical.NodeTestTask.prepare(NodeTestTask.java:128)
	at org.junit.platform.engine.support.hierarchical.NodeTestTask.execute(NodeTestTask.java:95)
	at java.base/java.util.ArrayList.forEach(ArrayList.java:1596)
	at org.junit.platform.engine.support.hierarchical.SameThreadHierarchicalTestExecutorService.invokeAll(SameThreadHierarchicalTestExecutorService.java:41)
	at org.junit.platform.engine.support.hierarchical.NodeTestTask.lambda$executeRecursively$6(NodeTestTask.java:160)
	at org.junit.platform.engine.support.hierarchical.ThrowableCollector.execute(ThrowableCollector.java:73)
	at org.junit.platform.engine.support.hierarchical.NodeTestTask.lambda$executeRecursively$8(NodeTestTask.java:146)
	at org.junit.platform.engine.support.hierarchical.Node.around(Node.java:137)
	at org.junit.platform.engine.support.hierarchical.NodeTestTask.lambda$executeRecursively$9(NodeTestTask.java:144)
	at org.junit.platform.engine.support.hierarchical.ThrowableCollector.execute(ThrowableCollector.java:73)
	at org.junit.platform.engine.support.hierarchical.NodeTestTask.executeRecursively(NodeTestTask.java:143)
	at org.junit.platform.engine.support.hierarchical.NodeTestTask.execute(NodeTestTask.java:100)
	at java.base/java.util.ArrayList.forEach(ArrayList.java:1596)
	at org.junit.platform.engine.support.hierarchical.SameThreadHierarchicalTestExecutorService.invokeAll(SameThreadHierarchicalTestExecutorService.java:41)
	at org.junit.platform.engine.support.hierarchical.NodeTestTask.lambda$executeRecursively$6(NodeTestTask.java:160)
	at org.junit.platform.engine.support.hierarchical.ThrowableCollector.execute(ThrowableCollector.java:73)
	at org.junit.platform.engine.support.hierarchical.NodeTestTask.lambda$executeRecursively$8(NodeTestTask.java:146)
	at org.junit.platform.engine.support.hierarchical.Node.around(Node.java:137)
	at org.junit.platform.engine.support.hierarchical.NodeTestTask.lambda$executeRecursively$9(NodeTestTask.java:144)
	at org.junit.platform.engine.support.hierarchical.ThrowableCollector.execute(ThrowableCollector.java:73)
	at org.junit.platform.engine.support.hierarchical.NodeTestTask.executeRecursively(NodeTestTask.java:143)
	at org.junit.platform.engine.support.hierarchical.NodeTestTask.execute(NodeTestTask.java:100)
	at org.junit.platform.engine.support.hierarchical.SameThreadHierarchicalTestExecutorService.submit(SameThreadHierarchicalTestExecutorService.java:35)
	at org.junit.platform.engine.support.hierarchical.HierarchicalTestExecutor.execute(HierarchicalTestExecutor.java:57)
	at org.junit.platform.engine.support.hierarchical.HierarchicalTestEngine.execute(HierarchicalTestEngine.java:54)
	at org.junit.platform.launcher.core.EngineExecutionOrchestrator.execute(EngineExecutionOrchestrator.java:201)
	at org.junit.platform.launcher.core.EngineExecutionOrchestrator.execute(EngineExecutionOrchestrator.java:170)
	at org.junit.platform.launcher.core.EngineExecutionOrchestrator.execute(EngineExecutionOrchestrator.java:94)
	at org.junit.platform.launcher.core.EngineExecutionOrchestrator.lambda$execute$0(EngineExecutionOrchestrator.java:59)
	at org.junit.platform.launcher.core.EngineExecutionOrchestrator.withInterceptedStreams(EngineExecutionOrchestrator.java:142)
	at org.junit.platform.launcher.core.EngineExecutionOrchestrator.execute(EngineExecutionOrchestrator.java:58)
	at org.junit.platform.launcher.core.DefaultLauncher.execute(DefaultLauncher.java:103)
	at org.junit.platform.launcher.core.DefaultLauncher.execute(DefaultLauncher.java:85)
	at org.junit.platform.launcher.core.DelegatingLauncher.execute(DelegatingLauncher.java:47)
	at org.junit.platform.launcher.core.InterceptingLauncher.lambda$execute$1(InterceptingLauncher.java:39)
	at org.junit.platform.launcher.core.ClasspathAlignmentCheckingLauncherInterceptor.intercept(ClasspathAlignmentCheckingLauncherInterceptor.java:25)
	at org.junit.platform.launcher.core.InterceptingLauncher.execute(InterceptingLauncher.java:38)
	at org.junit.platform.launcher.core.DelegatingLauncher.execute(DelegatingLauncher.java:47)
	at org.gradle.api.internal.tasks.testing.junitplatform.JUnitPlatformTestClassProcessor$CollectAllTestClassesExecutor.processAllTestClasses(JUnitPlatformTestClassProcessor.java:124)
	at org.gradle.api.internal.tasks.testing.junitplatform.JUnitPlatformTestClassProcessor$CollectAllTestClassesExecutor.access$000(JUnitPlatformTestClassProcessor.java:99)
	at org.gradle.api.internal.tasks.testing.junitplatform.JUnitPlatformTestClassProcessor.stop(JUnitPlatformTestClassProcessor.java:94)
	at org.gradle.api.internal.tasks.testing.SuiteTestClassProcessor.stop(SuiteTestClassProcessor.java:63)
	at java.base/jdk.internal.reflect.DirectMethodHandleAccessor.invoke(DirectMethodHandleAccessor.java:103)
	at java.base/java.lang.reflect.Method.invoke(Method.java:580)
	at org.gradle.internal.dispatch.ReflectionDispatch.dispatch(ReflectionDispatch.java:36)
	at org.gradle.internal.dispatch.ReflectionDispatch.dispatch(ReflectionDispatch.java:24)
	at org.gradle.internal.dispatch.ContextClassLoaderDispatch.dispatch(ContextClassLoaderDispatch.java:33)
	at org.gradle.internal.dispatch.ProxyDispatchAdapter$DispatchingInvocationHandler.invoke(ProxyDispatchAdapter.java:92)
	at jdk.proxy1/jdk.proxy1.$Proxy4.stop(Unknown Source)
	at org.gradle.api.internal.tasks.testing.worker.TestWorker$3.run(TestWorker.java:200)
	at org.gradle.api.internal.tasks.testing.worker.TestWorker.executeAndMaintainThreadName(TestWorker.java:132)
	at org.gradle.api.internal.tasks.testing.worker.TestWorker.execute(TestWorker.java:103)
	at org.gradle.api.internal.tasks.testing.worker.TestWorker.execute(TestWorker.java:63)
	at org.gradle.process.internal.worker.child.ActionExecutionWorker.execute(ActionExecutionWorker.java:56)
	at org.gradle.process.internal.worker.child.SystemApplicationClassLoaderWorker.call(SystemApplicationClassLoaderWorker.java:121)
	at org.gradle.process.internal.worker.child.SystemApplicationClassLoaderWorker.call(SystemApplicationClassLoaderWorker.java:71)
	at worker.org.gradle.process.internal.worker.GradleWorkerMain.run(GradleWorkerMain.java:69)
	at worker.org.gradle.process.internal.worker.GradleWorkerMain.main(GradleWorkerMain.java:74)
Caused by: java.sql.SQLIntegrityConstraintViolationException: (conn=1638) Cannot add or update a child row: a foreign key constraint fails (`sanaspace`.`#sql-alter-16c4-666`, CONSTRAINT `FKhkntdq6ujwdgqbx8iwffi2ffb` FOREIGN KEY (`insurance_id`) REFERENCES `insurances` (`id`))
	at org.mariadb.jdbc.export.ExceptionFactory.createException(ExceptionFactory.java:297)
	at org.mariadb.jdbc.export.ExceptionFactory.create(ExceptionFactory.java:378)
	at org.mariadb.jdbc.message.ClientMessage.readPacket(ClientMessage.java:187)
	at org.mariadb.jdbc.client.impl.StandardClient.readPacket(StandardClient.java:1364)
	at org.mariadb.jdbc.client.impl.StandardClient.readResults(StandardClient.java:1303)
	at org.mariadb.jdbc.client.impl.StandardClient.readResponse(StandardClient.java:1222)
	at org.mariadb.jdbc.client.impl.StandardClient.execute(StandardClient.java:1146)
	at org.mariadb.jdbc.Statement.executeInternal(Statement.java:1003)
	at org.mariadb.jdbc.Statement.execute(Statement.java:1132)
	at org.mariadb.jdbc.Statement.execute(Statement.java:471)
	at com.zaxxer.hikari.pool.ProxyStatement.execute(ProxyStatement.java:95)
	at com.zaxxer.hikari.pool.HikariProxyStatement.execute(HikariProxyStatement.java)
	at org.hibernate.tool.schema.internal.exec.GenerationTargetToDatabase.accept(GenerationTargetToDatabase.java:80)
	... 132 common frames omitted
2025-06-11 08:13:43 DEBUG org.hibernate.SQL - 
    alter table if exists prescriptions 
       add constraint FK957asorswh9j2ee6w6471j23o 
       foreign key (medication_id) 
       references medications (id)
2025-06-11 08:13:43 WARN  o.m.jdbc.message.server.ErrorPacket - Error: 1452-23000: Cannot add or update a child row: a foreign key constraint fails (`sanaspace`.`#sql-alter-16c4-666`, CONSTRAINT `FK957asorswh9j2ee6w6471j23o` FOREIGN KEY (`medication_id`) REFERENCES `medications` (`id`))
2025-06-11 08:13:43 WARN  o.h.t.s.i.ExceptionHandlerLoggedImpl - GenerationTarget encountered exception accepting command : Error executing DDL "
    alter table if exists prescriptions 
       add constraint FK957asorswh9j2ee6w6471j23o 
       foreign key (medication_id) 
       references medications (id)" via JDBC [(conn=1638) Cannot add or update a child row: a foreign key constraint fails (`sanaspace`.`#sql-alter-16c4-666`, CONSTRAINT `FK957asorswh9j2ee6w6471j23o` FOREIGN KEY (`medication_id`) REFERENCES `medications` (`id`))]
org.hibernate.tool.schema.spi.CommandAcceptanceException: Error executing DDL "
    alter table if exists prescriptions 
       add constraint FK957asorswh9j2ee6w6471j23o 
       foreign key (medication_id) 
       references medications (id)" via JDBC [(conn=1638) Cannot add or update a child row: a foreign key constraint fails (`sanaspace`.`#sql-alter-16c4-666`, CONSTRAINT `FK957asorswh9j2ee6w6471j23o` FOREIGN KEY (`medication_id`) REFERENCES `medications` (`id`))]
	at org.hibernate.tool.schema.internal.exec.GenerationTargetToDatabase.accept(GenerationTargetToDatabase.java:94)
	at org.hibernate.tool.schema.internal.AbstractSchemaMigrator.applySqlString(AbstractSchemaMigrator.java:576)
	at org.hibernate.tool.schema.internal.AbstractSchemaMigrator.applySqlStrings(AbstractSchemaMigrator.java:516)
	at org.hibernate.tool.schema.internal.AbstractSchemaMigrator.applyForeignKeys(AbstractSchemaMigrator.java:448)
	at org.hibernate.tool.schema.internal.AbstractSchemaMigrator.performMigration(AbstractSchemaMigrator.java:269)
	at org.hibernate.tool.schema.internal.AbstractSchemaMigrator.doMigration(AbstractSchemaMigrator.java:112)
	at org.hibernate.tool.schema.spi.SchemaManagementToolCoordinator.performDatabaseAction(SchemaManagementToolCoordinator.java:280)
	at org.hibernate.tool.schema.spi.SchemaManagementToolCoordinator.lambda$process$5(SchemaManagementToolCoordinator.java:144)
	at java.base/java.util.HashMap.forEach(HashMap.java:1429)
	at org.hibernate.tool.schema.spi.SchemaManagementToolCoordinator.process(SchemaManagementToolCoordinator.java:141)
	at org.hibernate.boot.internal.SessionFactoryObserverForSchemaExport.sessionFactoryCreated(SessionFactoryObserverForSchemaExport.java:37)
	at org.hibernate.internal.SessionFactoryObserverChain.sessionFactoryCreated(SessionFactoryObserverChain.java:35)
	at org.hibernate.internal.SessionFactoryImpl.<init>(SessionFactoryImpl.java:324)
	at org.hibernate.boot.internal.SessionFactoryBuilderImpl.build(SessionFactoryBuilderImpl.java:463)
	at org.hibernate.jpa.boot.internal.EntityManagerFactoryBuilderImpl.build(EntityManagerFactoryBuilderImpl.java:1517)
	at org.springframework.orm.jpa.vendor.SpringHibernateJpaPersistenceProvider.createContainerEntityManagerFactory(SpringHibernateJpaPersistenceProvider.java:66)
	at org.springframework.orm.jpa.LocalContainerEntityManagerFactoryBean.createNativeEntityManagerFactory(LocalContainerEntityManagerFactoryBean.java:390)
	at org.springframework.orm.jpa.AbstractEntityManagerFactoryBean.buildNativeEntityManagerFactory(AbstractEntityManagerFactoryBean.java:419)
	at org.springframework.orm.jpa.AbstractEntityManagerFactoryBean.afterPropertiesSet(AbstractEntityManagerFactoryBean.java:400)
	at org.springframework.orm.jpa.LocalContainerEntityManagerFactoryBean.afterPropertiesSet(LocalContainerEntityManagerFactoryBean.java:366)
	at org.springframework.beans.factory.support.AbstractAutowireCapableBeanFactory.invokeInitMethods(AbstractAutowireCapableBeanFactory.java:1873)
	at org.springframework.beans.factory.support.AbstractAutowireCapableBeanFactory.initializeBean(AbstractAutowireCapableBeanFactory.java:1822)
	at org.springframework.beans.factory.support.AbstractAutowireCapableBeanFactory.doCreateBean(AbstractAutowireCapableBeanFactory.java:607)
	at org.springframework.beans.factory.support.AbstractAutowireCapableBeanFactory.createBean(AbstractAutowireCapableBeanFactory.java:529)
	at org.springframework.beans.factory.support.AbstractBeanFactory.lambda$doGetBean$0(AbstractBeanFactory.java:339)
	at org.springframework.beans.factory.support.DefaultSingletonBeanRegistry.getSingleton(DefaultSingletonBeanRegistry.java:373)
	at org.springframework.beans.factory.support.AbstractBeanFactory.doGetBean(AbstractBeanFactory.java:337)
	at org.springframework.beans.factory.support.AbstractBeanFactory.getBean(AbstractBeanFactory.java:207)
	at org.springframework.context.support.AbstractApplicationContext.finishBeanFactoryInitialization(AbstractApplicationContext.java:970)
	at org.springframework.context.support.AbstractApplicationContext.refresh(AbstractApplicationContext.java:627)
	at org.springframework.boot.SpringApplication.refresh(SpringApplication.java:753)
	at org.springframework.boot.SpringApplication.refreshContext(SpringApplication.java:439)
	at org.springframework.boot.SpringApplication.run(SpringApplication.java:318)
	at org.springframework.boot.test.context.SpringBootContextLoader.lambda$loadContext$3(SpringBootContextLoader.java:144)
	at org.springframework.util.function.ThrowingSupplier.get(ThrowingSupplier.java:58)
	at org.springframework.util.function.ThrowingSupplier.get(ThrowingSupplier.java:46)
	at org.springframework.boot.SpringApplication.withHook(SpringApplication.java:1462)
	at org.springframework.boot.test.context.SpringBootContextLoader$ContextLoaderHook.run(SpringBootContextLoader.java:563)
	at org.springframework.boot.test.context.SpringBootContextLoader.loadContext(SpringBootContextLoader.java:144)
	at org.springframework.boot.test.context.SpringBootContextLoader.loadContext(SpringBootContextLoader.java:110)
	at org.springframework.test.context.cache.DefaultCacheAwareContextLoaderDelegate.loadContextInternal(DefaultCacheAwareContextLoaderDelegate.java:225)
	at org.springframework.test.context.cache.DefaultCacheAwareContextLoaderDelegate.loadContext(DefaultCacheAwareContextLoaderDelegate.java:152)
	at org.springframework.test.context.support.DefaultTestContext.getApplicationContext(DefaultTestContext.java:130)
	at org.springframework.test.context.web.ServletTestExecutionListener.setUpRequestContextIfNecessary(ServletTestExecutionListener.java:200)
	at org.springframework.test.context.web.ServletTestExecutionListener.prepareTestInstance(ServletTestExecutionListener.java:139)
	at org.springframework.test.context.TestContextManager.prepareTestInstance(TestContextManager.java:260)
	at org.springframework.test.context.junit.jupiter.SpringExtension.postProcessTestInstance(SpringExtension.java:159)
	at org.junit.jupiter.engine.descriptor.ClassBasedTestDescriptor.lambda$invokeTestInstancePostProcessors$10(ClassBasedTestDescriptor.java:383)
	at org.junit.jupiter.engine.descriptor.ClassBasedTestDescriptor.executeAndMaskThrowable(ClassBasedTestDescriptor.java:388)
	at org.junit.jupiter.engine.descriptor.ClassBasedTestDescriptor.lambda$invokeTestInstancePostProcessors$11(ClassBasedTestDescriptor.java:382)
	at java.base/java.util.stream.ForEachOps$ForEachOp$OfRef.accept(ForEachOps.java:184)
	at java.base/java.util.stream.ReferencePipeline$3$1.accept(ReferencePipeline.java:197)
	at java.base/java.util.stream.ReferencePipeline$2$1.accept(ReferencePipeline.java:179)
	at java.base/java.util.stream.ReferencePipeline$3$1.accept(ReferencePipeline.java:197)
	at java.base/java.util.ArrayList$ArrayListSpliterator.forEachRemaining(ArrayList.java:1708)
	at java.base/java.util.stream.AbstractPipeline.copyInto(AbstractPipeline.java:509)
	at java.base/java.util.stream.AbstractPipeline.wrapAndCopyInto(AbstractPipeline.java:499)
	at java.base/java.util.stream.ForEachOps$ForEachOp.evaluateSequential(ForEachOps.java:151)
	at java.base/java.util.stream.ForEachOps$ForEachOp$OfRef.evaluateSequential(ForEachOps.java:174)
	at java.base/java.util.stream.AbstractPipeline.evaluate(AbstractPipeline.java:234)
	at java.base/java.util.stream.ReferencePipeline.forEach(ReferencePipeline.java:596)
	at org.junit.jupiter.engine.descriptor.ClassBasedTestDescriptor.invokeTestInstancePostProcessors(ClassBasedTestDescriptor.java:382)
	at org.junit.jupiter.engine.descriptor.ClassBasedTestDescriptor.lambda$instantiateAndPostProcessTestInstance$6(ClassBasedTestDescriptor.java:293)
	at org.junit.platform.engine.support.hierarchical.ThrowableCollector.execute(ThrowableCollector.java:73)
	at org.junit.jupiter.engine.descriptor.ClassBasedTestDescriptor.instantiateAndPostProcessTestInstance(ClassBasedTestDescriptor.java:292)
	at org.junit.jupiter.engine.descriptor.ClassBasedTestDescriptor.lambda$testInstancesProvider$4(ClassBasedTestDescriptor.java:281)
	at java.base/java.util.Optional.orElseGet(Optional.java:364)
	at org.junit.jupiter.engine.descriptor.ClassBasedTestDescriptor.lambda$testInstancesProvider$5(ClassBasedTestDescriptor.java:280)
	at org.junit.jupiter.engine.execution.TestInstancesProvider.getTestInstances(TestInstancesProvider.java:27)
	at org.junit.jupiter.engine.descriptor.TestMethodTestDescriptor.lambda$prepare$0(TestMethodTestDescriptor.java:112)
	at org.junit.platform.engine.support.hierarchical.ThrowableCollector.execute(ThrowableCollector.java:73)
	at org.junit.jupiter.engine.descriptor.TestMethodTestDescriptor.prepare(TestMethodTestDescriptor.java:111)
	at org.junit.jupiter.engine.descriptor.TestMethodTestDescriptor.prepare(TestMethodTestDescriptor.java:69)
	at org.junit.platform.engine.support.hierarchical.NodeTestTask.lambda$prepare$2(NodeTestTask.java:128)
	at org.junit.platform.engine.support.hierarchical.ThrowableCollector.execute(ThrowableCollector.java:73)
	at org.junit.platform.engine.support.hierarchical.NodeTestTask.prepare(NodeTestTask.java:128)
	at org.junit.platform.engine.support.hierarchical.NodeTestTask.execute(NodeTestTask.java:95)
	at java.base/java.util.ArrayList.forEach(ArrayList.java:1596)
	at org.junit.platform.engine.support.hierarchical.SameThreadHierarchicalTestExecutorService.invokeAll(SameThreadHierarchicalTestExecutorService.java:41)
	at org.junit.platform.engine.support.hierarchical.NodeTestTask.lambda$executeRecursively$6(NodeTestTask.java:160)
	at org.junit.platform.engine.support.hierarchical.ThrowableCollector.execute(ThrowableCollector.java:73)
	at org.junit.platform.engine.support.hierarchical.NodeTestTask.lambda$executeRecursively$8(NodeTestTask.java:146)
	at org.junit.platform.engine.support.hierarchical.Node.around(Node.java:137)
	at org.junit.platform.engine.support.hierarchical.NodeTestTask.lambda$executeRecursively$9(NodeTestTask.java:144)
	at org.junit.platform.engine.support.hierarchical.ThrowableCollector.execute(ThrowableCollector.java:73)
	at org.junit.platform.engine.support.hierarchical.NodeTestTask.executeRecursively(NodeTestTask.java:143)
	at org.junit.platform.engine.support.hierarchical.NodeTestTask.execute(NodeTestTask.java:100)
	at java.base/java.util.ArrayList.forEach(ArrayList.java:1596)
	at org.junit.platform.engine.support.hierarchical.SameThreadHierarchicalTestExecutorService.invokeAll(SameThreadHierarchicalTestExecutorService.java:41)
	at org.junit.platform.engine.support.hierarchical.NodeTestTask.lambda$executeRecursively$6(NodeTestTask.java:160)
	at org.junit.platform.engine.support.hierarchical.ThrowableCollector.execute(ThrowableCollector.java:73)
	at org.junit.platform.engine.support.hierarchical.NodeTestTask.lambda$executeRecursively$8(NodeTestTask.java:146)
	at org.junit.platform.engine.support.hierarchical.Node.around(Node.java:137)
	at org.junit.platform.engine.support.hierarchical.NodeTestTask.lambda$executeRecursively$9(NodeTestTask.java:144)
	at org.junit.platform.engine.support.hierarchical.ThrowableCollector.execute(ThrowableCollector.java:73)
	at org.junit.platform.engine.support.hierarchical.NodeTestTask.executeRecursively(NodeTestTask.java:143)
	at org.junit.platform.engine.support.hierarchical.NodeTestTask.execute(NodeTestTask.java:100)
	at org.junit.platform.engine.support.hierarchical.SameThreadHierarchicalTestExecutorService.submit(SameThreadHierarchicalTestExecutorService.java:35)
	at org.junit.platform.engine.support.hierarchical.HierarchicalTestExecutor.execute(HierarchicalTestExecutor.java:57)
	at org.junit.platform.engine.support.hierarchical.HierarchicalTestEngine.execute(HierarchicalTestEngine.java:54)
	at org.junit.platform.launcher.core.EngineExecutionOrchestrator.execute(EngineExecutionOrchestrator.java:201)
	at org.junit.platform.launcher.core.EngineExecutionOrchestrator.execute(EngineExecutionOrchestrator.java:170)
	at org.junit.platform.launcher.core.EngineExecutionOrchestrator.execute(EngineExecutionOrchestrator.java:94)
	at org.junit.platform.launcher.core.EngineExecutionOrchestrator.lambda$execute$0(EngineExecutionOrchestrator.java:59)
	at org.junit.platform.launcher.core.EngineExecutionOrchestrator.withInterceptedStreams(EngineExecutionOrchestrator.java:142)
	at org.junit.platform.launcher.core.EngineExecutionOrchestrator.execute(EngineExecutionOrchestrator.java:58)
	at org.junit.platform.launcher.core.DefaultLauncher.execute(DefaultLauncher.java:103)
	at org.junit.platform.launcher.core.DefaultLauncher.execute(DefaultLauncher.java:85)
	at org.junit.platform.launcher.core.DelegatingLauncher.execute(DelegatingLauncher.java:47)
	at org.junit.platform.launcher.core.InterceptingLauncher.lambda$execute$1(InterceptingLauncher.java:39)
	at org.junit.platform.launcher.core.ClasspathAlignmentCheckingLauncherInterceptor.intercept(ClasspathAlignmentCheckingLauncherInterceptor.java:25)
	at org.junit.platform.launcher.core.InterceptingLauncher.execute(InterceptingLauncher.java:38)
	at org.junit.platform.launcher.core.DelegatingLauncher.execute(DelegatingLauncher.java:47)
	at org.gradle.api.internal.tasks.testing.junitplatform.JUnitPlatformTestClassProcessor$CollectAllTestClassesExecutor.processAllTestClasses(JUnitPlatformTestClassProcessor.java:124)
	at org.gradle.api.internal.tasks.testing.junitplatform.JUnitPlatformTestClassProcessor$CollectAllTestClassesExecutor.access$000(JUnitPlatformTestClassProcessor.java:99)
	at org.gradle.api.internal.tasks.testing.junitplatform.JUnitPlatformTestClassProcessor.stop(JUnitPlatformTestClassProcessor.java:94)
	at org.gradle.api.internal.tasks.testing.SuiteTestClassProcessor.stop(SuiteTestClassProcessor.java:63)
	at java.base/jdk.internal.reflect.DirectMethodHandleAccessor.invoke(DirectMethodHandleAccessor.java:103)
	at java.base/java.lang.reflect.Method.invoke(Method.java:580)
	at org.gradle.internal.dispatch.ReflectionDispatch.dispatch(ReflectionDispatch.java:36)
	at org.gradle.internal.dispatch.ReflectionDispatch.dispatch(ReflectionDispatch.java:24)
	at org.gradle.internal.dispatch.ContextClassLoaderDispatch.dispatch(ContextClassLoaderDispatch.java:33)
	at org.gradle.internal.dispatch.ProxyDispatchAdapter$DispatchingInvocationHandler.invoke(ProxyDispatchAdapter.java:92)
	at jdk.proxy1/jdk.proxy1.$Proxy4.stop(Unknown Source)
	at org.gradle.api.internal.tasks.testing.worker.TestWorker$3.run(TestWorker.java:200)
	at org.gradle.api.internal.tasks.testing.worker.TestWorker.executeAndMaintainThreadName(TestWorker.java:132)
	at org.gradle.api.internal.tasks.testing.worker.TestWorker.execute(TestWorker.java:103)
	at org.gradle.api.internal.tasks.testing.worker.TestWorker.execute(TestWorker.java:63)
	at org.gradle.process.internal.worker.child.ActionExecutionWorker.execute(ActionExecutionWorker.java:56)
	at org.gradle.process.internal.worker.child.SystemApplicationClassLoaderWorker.call(SystemApplicationClassLoaderWorker.java:121)
	at org.gradle.process.internal.worker.child.SystemApplicationClassLoaderWorker.call(SystemApplicationClassLoaderWorker.java:71)
	at worker.org.gradle.process.internal.worker.GradleWorkerMain.run(GradleWorkerMain.java:69)
	at worker.org.gradle.process.internal.worker.GradleWorkerMain.main(GradleWorkerMain.java:74)
Caused by: java.sql.SQLIntegrityConstraintViolationException: (conn=1638) Cannot add or update a child row: a foreign key constraint fails (`sanaspace`.`#sql-alter-16c4-666`, CONSTRAINT `FK957asorswh9j2ee6w6471j23o` FOREIGN KEY (`medication_id`) REFERENCES `medications` (`id`))
	at org.mariadb.jdbc.export.ExceptionFactory.createException(ExceptionFactory.java:297)
	at org.mariadb.jdbc.export.ExceptionFactory.create(ExceptionFactory.java:378)
	at org.mariadb.jdbc.message.ClientMessage.readPacket(ClientMessage.java:187)
	at org.mariadb.jdbc.client.impl.StandardClient.readPacket(StandardClient.java:1364)
	at org.mariadb.jdbc.client.impl.StandardClient.readResults(StandardClient.java:1303)
	at org.mariadb.jdbc.client.impl.StandardClient.readResponse(StandardClient.java:1222)
	at org.mariadb.jdbc.client.impl.StandardClient.execute(StandardClient.java:1146)
	at org.mariadb.jdbc.Statement.executeInternal(Statement.java:1003)
	at org.mariadb.jdbc.Statement.execute(Statement.java:1132)
	at org.mariadb.jdbc.Statement.execute(Statement.java:471)
	at com.zaxxer.hikari.pool.ProxyStatement.execute(ProxyStatement.java:95)
	at com.zaxxer.hikari.pool.HikariProxyStatement.execute(HikariProxyStatement.java)
	at org.hibernate.tool.schema.internal.exec.GenerationTargetToDatabase.accept(GenerationTargetToDatabase.java:80)
	... 132 common frames omitted
2025-06-11 08:13:43 INFO  o.s.o.j.LocalContainerEntityManagerFactoryBean - Initialized JPA EntityManagerFactory for persistence unit 'default'
2025-06-11 08:13:47 WARN  o.s.b.a.o.j.JpaBaseConfiguration$JpaWebConfiguration - spring.jpa.open-in-view is enabled by default. Therefore, database queries may be performed during view rendering. Explicitly configure spring.jpa.open-in-view to disable this warning
2025-06-11 08:13:47 INFO  o.s.b.a.w.s.WelcomePageHandlerMapping - Adding welcome page template: index
2025-06-11 08:13:51 INFO  o.s.b.t.m.w.SpringBootMockServletContext - Initializing Spring TestDispatcherServlet ''
2025-06-11 08:13:51 INFO  o.s.t.w.s.TestDispatcherServlet - Initializing Servlet ''
2025-06-11 08:13:51 INFO  o.s.b.a.e.web.EndpointLinksResolver - Exposing 1 endpoint beneath base path '/actuator'
2025-06-11 08:13:51 INFO  o.s.t.w.s.TestDispatcherServlet - Completed initialization in 66 ms
2025-06-11 08:13:52 INFO  i.g.m.s.DoctorControllerTests - Started DoctorControllerTests in 25.483 seconds (process running for 31.059)
2025-06-11 08:13:52 INFO  i.g.m.sanaspace.SanaspaceApplication - 🚀 Fetching database tables - {} - 2025-06-11T07:13:52.452534300Z
2025-06-11 08:13:52 INFO  i.g.m.sanaspace.SanaspaceApplication - 💡 Tables found in database:
2025-06-11 08:13:52 INFO  i.g.m.sanaspace.SanaspaceApplication - 💡  - doctors
2025-06-11 08:13:52 INFO  i.g.m.sanaspace.SanaspaceApplication - 💡  - insurances
2025-06-11 08:13:52 INFO  i.g.m.sanaspace.SanaspaceApplication - 💡  - medications
2025-06-11 08:13:52 INFO  i.g.m.sanaspace.SanaspaceApplication - 💡  - patients
2025-06-11 08:13:52 INFO  i.g.m.sanaspace.SanaspaceApplication - 💡  - prescriptions
2025-06-11 08:13:52 INFO  i.g.m.sanaspace.SanaspaceApplication - 💡  - visits
2025-06-11 08:13:52 INFO  i.g.m.sanaspace.SanaspaceApplication - ✅ Successfully fetched database tables - Took 41ms
2025-06-11 08:13:53 INFO  i.g.m.sanaspace.controllers.CDoctor - 🚀 Partially updating Doctor... - {updates=[firstName, email], method=PATCH, uri=/api/doctors/ff7c0432-89ab-40c5-bc50-f6b77439d9c6, id=ff7c0432-89ab-40c5-bc50-f6b77439d9c6} - 2025-06-11T07:13:53.738125400Z
2025-06-11 08:13:53 INFO  i.g.m.sanaspace.services.SDoctor - 🚀 Updating doctor fields... - {id=ff7c0432-89ab-40c5-bc50-f6b77439d9c6, updates=[firstName, email]} - 2025-06-11T07:13:53.771404Z
2025-06-11 08:13:53 DEBUG org.hibernate.SQL - 
    select
        d1_0.id,
        d1_0.address,
        d1_0.email,
        d1_0.experience,
        d1_0.first_name,
        d1_0.last_name,
        d1_0.specialization 
    from
        doctors d1_0 
    where
        d1_0.id=?
2025-06-11 08:13:53 ERROR i.g.m.sanaspace.services.SDoctor - ❌ ❌ Doctor not found with id: ff7c0432-89ab-40c5-bc50-f6b77439d9c6: Doctor not found with id: ff7c0432-89ab-40c5-bc50-f6b77439d9c6 - Request: partial update doctor - Took 154ms
Stack: io.github.matthewjacobsd.sanaspace.services.SDoctor.lambda$updateDoctorFields$7(SDoctor.java:97)
java.base/java.util.Optional.orElseThrow(Optional.java:403)
io.github.matthewjacobsd.sanaspace.services.SDoctor.lambda$updateDoctorFields$9(SDoctor.java:97)
2025-06-11 08:13:53 ERROR i.g.m.sanaspace.controllers.CDoctor - ❌ Failed to partially update doctor: Doctor not found with id: ff7c0432-89ab-40c5-bc50-f6b77439d9c6: Doctor not found with id: ff7c0432-89ab-40c5-bc50-f6b77439d9c6 - Request: /api/doctors/ff7c0432-89ab-40c5-bc50-f6b77439d9c6 - Took 193ms
Stack: io.github.matthewjacobsd.sanaspace.services.SDoctor.lambda$updateDoctorFields$7(SDoctor.java:97)
java.base/java.util.Optional.orElseThrow(Optional.java:403)
io.github.matthewjacobsd.sanaspace.services.SDoctor.lambda$updateDoctorFields$9(SDoctor.java:97)
2025-06-11 08:13:54 INFO  i.g.m.sanaspace.controllers.CDoctor - 🚀 Updating doctor... - {lastName=Smith, uri=/api/doctors/ff7c0432-89ab-40c5-bc50-f6b77439d9c6, method=PUT, firstName=Michael, id=ff7c0432-89ab-40c5-bc50-f6b77439d9c6} - 2025-06-11T07:13:54.416119900Z
2025-06-11 08:13:54 INFO  i.g.m.sanaspace.services.SDoctor - 🚀 Updating doctor... - {id=ff7c0432-89ab-40c5-bc50-f6b77439d9c6, lastName=Smith, firstName=Michael} - 2025-06-11T07:13:54.423905600Z
2025-06-11 08:13:54 DEBUG org.hibernate.SQL - 
    select
        d1_0.id,
        d1_0.address,
        d1_0.email,
        d1_0.experience,
        d1_0.first_name,
        d1_0.last_name,
        d1_0.specialization 
    from
        doctors d1_0 
    where
        d1_0.id=?
2025-06-11 08:13:54 ERROR i.g.m.sanaspace.services.SDoctor - ❌ ❌ Doctor not found with id: ff7c0432-89ab-40c5-bc50-f6b77439d9c6: Doctor not found with id: ff7c0432-89ab-40c5-bc50-f6b77439d9c6 - Request: update doctor - Took 13ms
Stack: io.github.matthewjacobsd.sanaspace.services.SDoctor.lambda$updateDoctor$5(SDoctor.java:76)
java.base/java.util.Optional.orElseThrow(Optional.java:403)
io.github.matthewjacobsd.sanaspace.services.SDoctor.lambda$updateDoctor$6(SDoctor.java:76)
2025-06-11 08:13:54 ERROR i.g.m.sanaspace.controllers.CDoctor - ❌ Failed to update doctor: Doctor not found with id: ff7c0432-89ab-40c5-bc50-f6b77439d9c6: Doctor not found with id: ff7c0432-89ab-40c5-bc50-f6b77439d9c6 - Request: /api/doctors/ff7c0432-89ab-40c5-bc50-f6b77439d9c6 - Took 25ms
Stack: io.github.matthewjacobsd.sanaspace.services.SDoctor.lambda$updateDoctor$5(SDoctor.java:76)
java.base/java.util.Optional.orElseThrow(Optional.java:403)
io.github.matthewjacobsd.sanaspace.services.SDoctor.lambda$updateDoctor$6(SDoctor.java:76)
2025-06-11 08:13:54 INFO  i.g.m.sanaspace.controllers.CDoctor - 🚀 Deleting doctor... - {id=ff7c0432-89ab-40c5-bc50-f6b77439d9c6, uri=/api/doctors/ff7c0432-89ab-40c5-bc50-f6b77439d9c6, method=DELETE} - 2025-06-11T07:13:54.538314Z
2025-06-11 08:13:54 INFO  i.g.m.sanaspace.services.SDoctor - 🚀 Deleting doctor... - {id=ff7c0432-89ab-40c5-bc50-f6b77439d9c6} - 2025-06-11T07:13:54.541336400Z
2025-06-11 08:13:54 DEBUG org.hibernate.SQL - 
    select
        d1_0.id,
        d1_0.address,
        d1_0.email,
        d1_0.experience,
        d1_0.first_name,
        d1_0.last_name,
        d1_0.specialization 
    from
        doctors d1_0 
    where
        d1_0.id=?
2025-06-11 08:13:54 ERROR i.g.m.sanaspace.services.SDoctor - ❌ ❌ Doctor not found with id: ff7c0432-89ab-40c5-bc50-f6b77439d9c6: Doctor not found with id: ff7c0432-89ab-40c5-bc50-f6b77439d9c6 - Request: delete doctor - Took 12ms
Stack: io.github.matthewjacobsd.sanaspace.services.SDoctor.lambda$deleteDoctor$10(SDoctor.java:119)
java.base/java.util.Optional.orElseThrow(Optional.java:403)
io.github.matthewjacobsd.sanaspace.services.SDoctor.lambda$deleteDoctor$11(SDoctor.java:119)
2025-06-11 08:13:54 ERROR i.g.m.sanaspace.controllers.CDoctor - ❌ Failed to delete doctor: Doctor not found with id: ff7c0432-89ab-40c5-bc50-f6b77439d9c6: Doctor not found with id: ff7c0432-89ab-40c5-bc50-f6b77439d9c6 - Request: /api/doctors/ff7c0432-89ab-40c5-bc50-f6b77439d9c6 - Took 18ms
Stack: io.github.matthewjacobsd.sanaspace.services.SDoctor.lambda$deleteDoctor$10(SDoctor.java:119)
java.base/java.util.Optional.orElseThrow(Optional.java:403)
io.github.matthewjacobsd.sanaspace.services.SDoctor.lambda$deleteDoctor$11(SDoctor.java:119)
2025-06-11 08:13:54 INFO  i.g.m.sanaspace.controllers.CDoctor - 🚀 Fetching doctor by ID... - {id=ff7c0432-89ab-40c5-bc50-f6b77439d9c6, uri=/api/doctors/ff7c0432-89ab-40c5-bc50-f6b77439d9c6, method=GET} - 2025-06-11T07:13:54.679501500Z
2025-06-11 08:13:54 INFO  i.g.m.sanaspace.services.SDoctor - 🚀 Fetching single doctor... - {id=ff7c0432-89ab-40c5-bc50-f6b77439d9c6} - 2025-06-11T07:13:54.688829300Z
2025-06-11 08:13:54 DEBUG org.hibernate.SQL - 
    select
        d1_0.id,
        d1_0.address,
        d1_0.email,
        d1_0.experience,
        d1_0.first_name,
        d1_0.last_name,
        d1_0.specialization 
    from
        doctors d1_0 
    where
        d1_0.id=?
2025-06-11 08:13:54 ERROR i.g.m.sanaspace.services.SDoctor - ❌ ❌ Doctor not found with id: ff7c0432-89ab-40c5-bc50-f6b77439d9c6: Doctor not found with id: ff7c0432-89ab-40c5-bc50-f6b77439d9c6 - Request: fetch doctor by ID - Took 21ms
Stack: io.github.matthewjacobsd.sanaspace.services.SDoctor.lambda$fetchDoctorById$3(SDoctor.java:69)
java.base/java.util.Optional.orElseThrow(Optional.java:403)
io.github.matthewjacobsd.sanaspace.services.SDoctor.lambda$fetchDoctorById$4(SDoctor.java:69)
2025-06-11 08:13:54 ERROR i.g.m.sanaspace.controllers.CDoctor - ❌ Failed to fetch doctor: Doctor not found with id: ff7c0432-89ab-40c5-bc50-f6b77439d9c6: Doctor not found with id: ff7c0432-89ab-40c5-bc50-f6b77439d9c6 - Request: /api/doctors/ff7c0432-89ab-40c5-bc50-f6b77439d9c6 - Took 34ms
Stack: io.github.matthewjacobsd.sanaspace.services.SDoctor.lambda$fetchDoctorById$3(SDoctor.java:69)
java.base/java.util.Optional.orElseThrow(Optional.java:403)
io.github.matthewjacobsd.sanaspace.services.SDoctor.lambda$fetchDoctorById$4(SDoctor.java:69)
2025-06-11 08:13:54 INFO  i.g.m.sanaspace.controllers.CDoctor - 🚀 Fetching doctors... - {method=GET, page=1, uri=/api/doctors, limit=10} - 2025-06-11T07:13:54.836663600Z
2025-06-11 08:13:54 INFO  i.g.m.sanaspace.services.SDoctor - 🚀 Fetching doctors... - {page=0, size=10} - 2025-06-11T07:13:54.847807500Z
2025-06-11 08:13:55 DEBUG org.hibernate.SQL - 
    /* <criteria> */ select
        d1_0.id,
        d1_0.address,
        d1_0.email,
        d1_0.experience,
        d1_0.first_name,
        d1_0.last_name,
        d1_0.specialization 
    from
        doctors d1_0 
    limit
        ?, ?
2025-06-11 08:13:55 DEBUG org.hibernate.SQL - 
    /* <criteria> */ select
        count(d1_0.id) 
    from
        doctors d1_0
2025-06-11 08:13:55 INFO  i.g.m.sanaspace.services.SDoctor - ✅ ✅ fetch all doctors - Took 507ms
2025-06-11 08:13:55 INFO  i.g.m.sanaspace.controllers.CDoctor - ✅ Doctors fetched successfully - Took 526ms
2025-06-11 08:13:55 INFO  i.g.m.sanaspace.controllers.CDoctor - 🚀 Saving doctor... - {method=POST, lastName=Patel, uri=/api/doctors, firstName=Amara} - 2025-06-11T07:13:55.438344600Z
2025-06-11 08:13:55 INFO  i.g.m.sanaspace.services.SDoctor - 🚀 Saving doctor... - {firstName=Amara, lastName=Patel} - 2025-06-11T07:13:55.441346600Z
2025-06-11 08:13:55 INFO  i.g.m.sanaspace.services.SDoctor - ✅ ✅ save doctor - Took 22ms
2025-06-11 08:13:55 DEBUG org.hibernate.SQL - 
    /* insert for
        io.github.matthewjacobsd.sanaspace.models.Doctor */insert 
    into
        doctors (address, email, experience, first_name, last_name, specialization, id) 
    values
        (?, ?, ?, ?, ?, ?, ?)
2025-06-11 08:13:55 INFO  i.g.m.sanaspace.controllers.CDoctor - ✅ Doctor saved successfully - Took 86ms
2025-06-11 08:13:55 INFO  o.s.o.j.LocalContainerEntityManagerFactoryBean - Closing JPA EntityManagerFactory for persistence unit 'default'
2025-06-11 08:13:55 INFO  com.zaxxer.hikari.HikariDataSource - HikariPool-1 - Shutdown initiated...
2025-06-11 08:13:55 INFO  com.zaxxer.hikari.HikariDataSource - HikariPool-1 - Shutdown completed.
2025-06-11 08:14:46 INFO  i.g.m.sanaspace.controllers.CDoctor - 🚀 Saving doctor... - {lastName=Doe, method=POST, firstName=Joe, uri=/api/doctors} - 2025-06-11T07:14:46.499696800Z
2025-06-11 08:14:46 INFO  i.g.m.sanaspace.services.SDoctor - 🚀 Saving doctor... - {lastName=Doe, firstName=Joe} - 2025-06-11T07:14:46.557970400Z
2025-06-11 08:14:46 INFO  i.g.m.sanaspace.services.SDoctor - ✅ ✅ save doctor - Took 75ms
2025-06-11 08:14:46 DEBUG org.hibernate.SQL - 
    /* insert for
        io.github.matthewjacobsd.sanaspace.models.Doctor */insert 
    into
        doctors (address, email, experience, first_name, last_name, specialization, id) 
    values
        (?, ?, ?, ?, ?, ?, ?)
2025-06-11 08:14:46 INFO  i.g.m.sanaspace.controllers.CDoctor - ✅ Doctor saved successfully - Took 193ms
2025-06-11 08:18:06 INFO  i.g.m.sanaspace.controllers.CDoctor - 🚀 Fetching doctor by ID... - {uri=/api/doctors/92fd9f5c-958e-43e5-9103-9c8816599d5f, id=92fd9f5c-958e-43e5-9103-9c8816599d5f, method=GET} - 2025-06-11T07:18:06.979437700Z
2025-06-11 08:18:07 INFO  i.g.m.sanaspace.services.SDoctor - 🚀 Fetching single doctor... - {id=92fd9f5c-958e-43e5-9103-9c8816599d5f} - 2025-06-11T07:18:07.020154100Z
2025-06-11 08:18:07 DEBUG org.hibernate.SQL - 
    select
        d1_0.id,
        d1_0.address,
        d1_0.email,
        d1_0.experience,
        d1_0.first_name,
        d1_0.last_name,
        d1_0.specialization 
    from
        doctors d1_0 
    where
        d1_0.id=?
2025-06-11 08:18:07 INFO  i.g.m.sanaspace.services.SDoctor - ✅ ✅ fetch doctor by ID - Took 68ms
2025-06-11 08:18:07 INFO  i.g.m.sanaspace.controllers.CDoctor - ✅ Doctor fetched successfully - Took 113ms
2025-06-11 08:18:19 INFO  i.g.m.sanaspace.controllers.CDoctor - 🚀 Fetching doctor by ID... - {uri=/api/doctors/92fd9f5c-958e-43e5-9103-9c8816599d5f, id=92fd9f5c-958e-43e5-9103-9c8816599d5f, method=GET} - 2025-06-11T07:18:19.021724700Z
2025-06-11 08:18:19 INFO  i.g.m.sanaspace.services.SDoctor - 🚀 Fetching single doctor... - {id=92fd9f5c-958e-43e5-9103-9c8816599d5f} - 2025-06-11T07:18:19.021724700Z
2025-06-11 08:18:19 DEBUG org.hibernate.SQL - 
    select
        d1_0.id,
        d1_0.address,
        d1_0.email,
        d1_0.experience,
        d1_0.first_name,
        d1_0.last_name,
        d1_0.specialization 
    from
        doctors d1_0 
    where
        d1_0.id=?
2025-06-11 08:18:19 INFO  i.g.m.sanaspace.services.SDoctor - ✅ ✅ fetch doctor by ID - Took 10ms
2025-06-11 08:18:19 INFO  i.g.m.sanaspace.controllers.CDoctor - ✅ Doctor fetched successfully - Took 14ms
2025-06-11 08:22:28 INFO  i.g.m.sanaspace.controllers.CDoctor - 🚀 Partially updating Doctor... - {method=PATCH, updates=[firstName, email], id=92fd9f5c-958e-43e5-9103-9c8816599d5f, uri=/api/doctors/92fd9f5c-958e-43e5-9103-9c8816599d5f} - 2025-06-11T07:22:28.324032400Z
2025-06-11 08:22:28 INFO  i.g.m.sanaspace.services.SDoctor - 🚀 Updating doctor fields... - {updates=[firstName, email], id=92fd9f5c-958e-43e5-9103-9c8816599d5f} - 2025-06-11T07:22:28.328122800Z
2025-06-11 08:22:28 DEBUG org.hibernate.SQL - 
    select
        d1_0.id,
        d1_0.address,
        d1_0.email,
        d1_0.experience,
        d1_0.first_name,
        d1_0.last_name,
        d1_0.specialization 
    from
        doctors d1_0 
    where
        d1_0.id=?
2025-06-11 08:22:28 INFO  i.g.m.sanaspace.services.SDoctor - ✅ ✅ partial update doctor - Took 35ms
2025-06-11 08:22:28 DEBUG org.hibernate.SQL - 
    /* update
        for io.github.matthewjacobsd.sanaspace.models.Doctor */update doctors 
    set
        address=?,
        email=?,
        experience=?,
        first_name=?,
        last_name=?,
        specialization=? 
    where
        id=?
2025-06-11 08:22:28 INFO  i.g.m.sanaspace.controllers.CDoctor - ✅ Doctor partially updated successfully - Took 132ms
2025-06-11 08:23:52 INFO  i.g.m.sanaspace.controllers.CDoctor - 🚀 Deleting doctor... - {uri=/api/doctors/92fd9f5c-958e-43e5-9103-9c8816599d5f, id=92fd9f5c-958e-43e5-9103-9c8816599d5f, method=DELETE} - 2025-06-11T07:23:52.809969500Z
2025-06-11 08:23:52 INFO  i.g.m.sanaspace.services.SDoctor - 🚀 Deleting doctor... - {id=92fd9f5c-958e-43e5-9103-9c8816599d5f} - 2025-06-11T07:23:52.815289600Z
2025-06-11 08:23:52 DEBUG org.hibernate.SQL - 
    select
        d1_0.id,
        d1_0.address,
        d1_0.email,
        d1_0.experience,
        d1_0.first_name,
        d1_0.last_name,
        d1_0.specialization 
    from
        doctors d1_0 
    where
        d1_0.id=?
2025-06-11 08:23:52 DEBUG org.hibernate.SQL - 
    select
        p1_0.doctor_id,
        p1_0.id,
        p1_0.comments,
        p1_0.dosage_amount,
        p1_0.duration,
        m1_0.id,
        m1_0.benefits,
        m1_0.name,
        m1_0.side_effects,
        p2_0.id,
        p2_0.address,
        p2_0.email,
        p2_0.first_name,
        i1_0.id,
        i1_0.address,
        i1_0.company_name,
        i1_0.phone_number,
        p2_0.patient_insurance,
        p2_0.last_name,
        p2_0.phone_number,
        p2_0.postcode,
        p1_0.prescription_date 
    from
        prescriptions p1_0 
    left join
        medications m1_0 
            on m1_0.id=p1_0.medication_id 
    left join
        patients p2_0 
            on p2_0.id=p1_0.patient_id 
    left join
        insurances i1_0 
            on i1_0.id=p2_0.insurance_id 
    where
        p1_0.doctor_id=?
2025-06-11 08:23:52 DEBUG org.hibernate.SQL - 
    select
        v1_0.doctor_id,
        v1_0.patient_id,
        v1_0.visit_date,
        v1_0.diagnosis,
        p1_0.id,
        p1_0.address,
        p1_0.email,
        p1_0.first_name,
        i1_0.id,
        i1_0.address,
        i1_0.company_name,
        i1_0.phone_number,
        p1_0.patient_insurance,
        p1_0.last_name,
        p1_0.phone_number,
        p1_0.postcode,
        v1_0.symptoms 
    from
        visits v1_0 
    left join
        patients p1_0 
            on p1_0.id=v1_0.patient_id 
    left join
        insurances i1_0 
            on i1_0.id=p1_0.insurance_id 
    where
        v1_0.doctor_id=?
2025-06-11 08:23:52 INFO  i.g.m.sanaspace.services.SDoctor - ✅ ✅ delete doctor - Took 152ms
2025-06-11 08:23:52 DEBUG org.hibernate.SQL - 
    /* delete for io.github.matthewjacobsd.sanaspace.models.Doctor */delete 
    from
        doctors 
    where
        id=?
2025-06-11 08:23:53 INFO  i.g.m.sanaspace.controllers.CDoctor - ✅ Doctor deleted successfully - Took 200ms
2025-06-11 08:27:40 INFO  i.g.m.s.controllers.CInsurance - 🚀 Fetching insurances... - {page=1, method=GET, limit=10, uri=/api/insurances} - 2025-06-11T07:27:40.475351900Z
2025-06-11 08:27:40 INFO  i.g.m.sanaspace.services.SInsurance - 🚀 Fetching insurances... - {size=10, page=0} - 2025-06-11T07:27:40.501374Z
2025-06-11 08:27:40 DEBUG org.hibernate.SQL - 
    /* <criteria> */ select
        i1_0.id,
        i1_0.address,
        i1_0.company_name,
        i1_0.phone_number 
    from
        insurances i1_0 
    limit
        ?, ?
2025-06-11 08:27:40 INFO  i.g.m.sanaspace.services.SInsurance - ✅ ✅ fetch all insurances - Took 95ms
2025-06-11 08:27:40 INFO  i.g.m.s.controllers.CInsurance - ✅ Insurances fetched successfully - Took 128ms
2025-06-11 08:28:04 INFO  i.g.m.s.controllers.CInsurance - 🚀 Saving insurance... - {uri=/api/insurances, method=POST, companyName=Nescol Insurance} - 2025-06-11T07:28:04.644848500Z
2025-06-11 08:28:04 INFO  i.g.m.sanaspace.services.SInsurance - 🚀 Saving insurance... - {companyName=Nescol Insurance} - 2025-06-11T07:28:04.648405800Z
2025-06-11 08:28:04 INFO  i.g.m.sanaspace.services.SInsurance - ✅ ✅ save insurance - Took 47ms
2025-06-11 08:28:04 DEBUG org.hibernate.SQL - 
    /* insert for
        io.github.matthewjacobsd.sanaspace.models.Insurance */insert 
    into
        insurances (address, company_name, phone_number, id) 
    values
        (?, ?, ?, ?)
2025-06-11 08:28:04 INFO  i.g.m.s.controllers.CInsurance - ✅ Insurance saved successfully - Took 68ms
2025-06-11 08:29:25 INFO  i.g.m.s.controllers.CInsurance - 🚀 Fetching insurance by ID... - {uri=/api/insurances/564ca9dd-8de9-4657-98a3-8c1741f44748, id=564ca9dd-8de9-4657-98a3-8c1741f44748, method=GET} - 2025-06-11T07:29:25.458210300Z
2025-06-11 08:29:25 INFO  i.g.m.sanaspace.services.SInsurance - 🚀 Fetching single insurance... - {id=564ca9dd-8de9-4657-98a3-8c1741f44748} - 2025-06-11T07:29:25.464022100Z
2025-06-11 08:29:25 DEBUG org.hibernate.SQL - 
    select
        i1_0.id,
        i1_0.address,
        i1_0.company_name,
        i1_0.phone_number 
    from
        insurances i1_0 
    where
        i1_0.id=?
2025-06-11 08:29:25 INFO  i.g.m.sanaspace.services.SInsurance - ✅ ✅ fetch insurance by ID - Took 21ms
2025-06-11 08:29:25 INFO  i.g.m.s.controllers.CInsurance - ✅ Insurance fetched successfully - Took 30ms
2025-06-11 08:29:50 INFO  i.g.m.s.controllers.CInsurance - 🚀 Partially updating insurance... - {method=PATCH, updates=[companyName], id=564ca9dd-8de9-4657-98a3-8c1741f44748, uri=/api/insurances/564ca9dd-8de9-4657-98a3-8c1741f44748} - 2025-06-11T07:29:50.614788900Z
2025-06-11 08:29:50 INFO  i.g.m.sanaspace.services.SInsurance - 🚀 Updating insurance fields... - {updates=[companyName], id=564ca9dd-8de9-4657-98a3-8c1741f44748} - 2025-06-11T07:29:50.621834500Z
2025-06-11 08:29:50 DEBUG org.hibernate.SQL - 
    select
        i1_0.id,
        i1_0.address,
        i1_0.company_name,
        i1_0.phone_number 
    from
        insurances i1_0 
    where
        i1_0.id=?
2025-06-11 08:29:50 INFO  i.g.m.sanaspace.services.SInsurance - ✅ ✅ partial update insurance - Took 10ms
2025-06-11 08:29:50 DEBUG org.hibernate.SQL - 
    /* update
        for io.github.matthewjacobsd.sanaspace.models.Insurance */update insurances 
    set
        address=?,
        company_name=?,
        phone_number=? 
    where
        id=?
2025-06-11 08:29:50 INFO  i.g.m.s.controllers.CInsurance - ✅ Insurance partially updated successfully - Took 45ms
2025-06-11 08:29:55 WARN  o.s.w.s.m.m.a.ExceptionHandlerExceptionResolver - Resolved [org.springframework.web.bind.MethodArgumentNotValidException: Validation failed for argument [1] in public org.springframework.http.ResponseEntity<io.github.matthewjacobsd.sanaspace.utils.ApiResponseUtil<io.github.matthewjacobsd.sanaspace.models.Insurance>> io.github.matthewjacobsd.sanaspace.controllers.CInsurance.updateInsurance(java.lang.String,io.github.matthewjacobsd.sanaspace.models.Insurance): [Field error in object 'insurance' on field 'phoneNumber': rejected value [+024-135-7698]; codes [Pattern.insurance.phoneNumber,Pattern.phoneNumber,Pattern.java.lang.String,Pattern]; arguments [org.springframework.context.support.DefaultMessageSourceResolvable: codes [insurance.phoneNumber,phoneNumber]; arguments []; default message [phoneNumber],[Ljakarta.validation.constraints.Pattern$Flag;@3fddfe59,^\d{3}-?\d{3}-?\d{4}$]; default message [Invalid phone number format]] ]
2025-06-11 08:30:08 INFO  i.g.m.s.controllers.CInsurance - 🚀 Updating insurance... - {companyName=RGU Insurance, method=PUT, id=564ca9dd-8de9-4657-98a3-8c1741f44748, uri=/api/insurances/564ca9dd-8de9-4657-98a3-8c1741f44748} - 2025-06-11T07:30:08.956255300Z
2025-06-11 08:30:08 INFO  i.g.m.sanaspace.services.SInsurance - 🚀 Updating insurance... - {companyName=RGU Insurance, id=564ca9dd-8de9-4657-98a3-8c1741f44748} - 2025-06-11T07:30:08.960345500Z
2025-06-11 08:30:08 DEBUG org.hibernate.SQL - 
    select
        i1_0.id,
        i1_0.address,
        i1_0.company_name,
        i1_0.phone_number 
    from
        insurances i1_0 
    where
        i1_0.id=?
2025-06-11 08:30:08 INFO  i.g.m.sanaspace.services.SInsurance - ✅ ✅ update insurance - Took 7ms
2025-06-11 08:30:08 DEBUG org.hibernate.SQL - 
    /* update
        for io.github.matthewjacobsd.sanaspace.models.Insurance */update insurances 
    set
        address=?,
        company_name=?,
        phone_number=? 
    where
        id=?
2025-06-11 08:30:08 INFO  i.g.m.s.controllers.CInsurance - ✅ Insurance updated successfully - Took 17ms
2025-06-11 08:30:33 INFO  i.g.m.s.controllers.CInsurance - 🚀 Deleting insurance... - {uri=/api/insurances/564ca9dd-8de9-4657-98a3-8c1741f44748, id=564ca9dd-8de9-4657-98a3-8c1741f44748, method=DELETE} - 2025-06-11T07:30:33.699074Z
2025-06-11 08:30:33 INFO  i.g.m.sanaspace.services.SInsurance - 🚀 Deleting insurance... - {id=564ca9dd-8de9-4657-98a3-8c1741f44748} - 2025-06-11T07:30:33.702089600Z
2025-06-11 08:30:33 DEBUG org.hibernate.SQL - 
    select
        i1_0.id,
        i1_0.address,
        i1_0.company_name,
        i1_0.phone_number 
    from
        insurances i1_0 
    where
        i1_0.id=?
2025-06-11 08:30:33 DEBUG org.hibernate.SQL - 
    select
        p1_0.insurance_id,
        p1_0.id,
        p1_0.address,
        p1_0.email,
        p1_0.first_name,
        p1_0.patient_insurance,
        p1_0.last_name,
        p1_0.phone_number,
        p1_0.postcode 
    from
        patients p1_0 
    where
        p1_0.insurance_id=?
2025-06-11 08:30:33 INFO  i.g.m.sanaspace.services.SInsurance - ✅ ✅ delete insurance - Took 24ms
2025-06-11 08:30:33 DEBUG org.hibernate.SQL - 
    /* delete for io.github.matthewjacobsd.sanaspace.models.Insurance */delete 
    from
        insurances 
    where
        id=?
2025-06-11 08:30:33 INFO  i.g.m.s.controllers.CInsurance - ✅ Insurance deleted successfully - Took 41ms
2025-06-11 08:30:44 INFO  i.g.m.s.controllers.CInsurance - 🚀 Saving insurance... - {uri=/api/insurances, method=POST, companyName=Aetna Insurance} - 2025-06-11T07:30:44.397775100Z
2025-06-11 08:30:44 INFO  i.g.m.sanaspace.services.SInsurance - 🚀 Saving insurance... - {companyName=Aetna Insurance} - 2025-06-11T07:30:44.400321800Z
2025-06-11 08:30:44 INFO  i.g.m.sanaspace.services.SInsurance - ✅ ✅ save insurance - Took 4ms
2025-06-11 08:30:44 DEBUG org.hibernate.SQL - 
    /* insert for
        io.github.matthewjacobsd.sanaspace.models.Insurance */insert 
    into
        insurances (address, company_name, phone_number, id) 
    values
        (?, ?, ?, ?)
2025-06-11 08:30:44 INFO  i.g.m.s.controllers.CInsurance - ✅ Insurance saved successfully - Took 10ms
2025-06-11 08:31:47 WARN  o.s.w.s.m.m.a.ExceptionHandlerExceptionResolver - Resolved [org.springframework.web.bind.MethodArgumentNotValidException: Validation failed for argument [0] in public org.springframework.http.ResponseEntity<io.github.matthewjacobsd.sanaspace.utils.ApiResponseUtil<io.github.matthewjacobsd.sanaspace.models.Insurance>> io.github.matthewjacobsd.sanaspace.controllers.CInsurance.createInsurance(io.github.matthewjacobsd.sanaspace.models.Insurance): [Field error in object 'insurance' on field 'phoneNumber': rejected value [+415-555-9012]; codes [Pattern.insurance.phoneNumber,Pattern.phoneNumber,Pattern.java.lang.String,Pattern]; arguments [org.springframework.context.support.DefaultMessageSourceResolvable: codes [insurance.phoneNumber,phoneNumber]; arguments []; default message [phoneNumber],[Ljakarta.validation.constraints.Pattern$Flag;@3fddfe59,^\d{3}-?\d{3}-?\d{4}$]; default message [Invalid phone number format]] ]
2025-06-11 08:32:35 INFO  i.g.m.s.controllers.CInsurance - 🚀 Deleting insurance... - {uri=/api/insurances/8aa8680f-5c49-4a0f-abf6-0137aae83d9a, id=8aa8680f-5c49-4a0f-abf6-0137aae83d9a, method=DELETE} - 2025-06-11T07:32:35.083846500Z
2025-06-11 08:32:35 INFO  i.g.m.sanaspace.services.SInsurance - 🚀 Deleting insurance... - {id=8aa8680f-5c49-4a0f-abf6-0137aae83d9a} - 2025-06-11T07:32:35.088352400Z
2025-06-11 08:32:35 DEBUG org.hibernate.SQL - 
    select
        i1_0.id,
        i1_0.address,
        i1_0.company_name,
        i1_0.phone_number 
    from
        insurances i1_0 
    where
        i1_0.id=?
2025-06-11 08:32:35 DEBUG org.hibernate.SQL - 
    select
        p1_0.insurance_id,
        p1_0.id,
        p1_0.address,
        p1_0.email,
        p1_0.first_name,
        p1_0.patient_insurance,
        p1_0.last_name,
        p1_0.phone_number,
        p1_0.postcode 
    from
        patients p1_0 
    where
        p1_0.insurance_id=?
2025-06-11 08:32:35 INFO  i.g.m.sanaspace.services.SInsurance - ✅ ✅ delete insurance - Took 9ms
2025-06-11 08:32:35 DEBUG org.hibernate.SQL - 
    /* delete for io.github.matthewjacobsd.sanaspace.models.Insurance */delete 
    from
        insurances 
    where
        id=?
2025-06-11 08:32:35 INFO  i.g.m.s.controllers.CInsurance - ✅ Insurance deleted successfully - Took 23ms
2025-06-11 08:32:38 INFO  i.g.m.s.controllers.CInsurance - 🚀 Saving insurance... - {uri=/api/insurances, method=POST, companyName=Nescol Insurance} - 2025-06-11T07:32:38.540639Z
2025-06-11 08:32:38 INFO  i.g.m.sanaspace.services.SInsurance - 🚀 Saving insurance... - {companyName=Nescol Insurance} - 2025-06-11T07:32:38.543542800Z
2025-06-11 08:32:38 INFO  i.g.m.sanaspace.services.SInsurance - ✅ ✅ save insurance - Took 3ms
2025-06-11 08:32:38 DEBUG org.hibernate.SQL - 
    /* insert for
        io.github.matthewjacobsd.sanaspace.models.Insurance */insert 
    into
        insurances (address, company_name, phone_number, id) 
    values
        (?, ?, ?, ?)
2025-06-11 08:32:38 INFO  i.g.m.s.controllers.CInsurance - ✅ Insurance saved successfully - Took 12ms
2025-06-11 08:33:48 INFO  i.g.m.s.controllers.CInsurance - 🚀 Fetching insurance by ID... - {uri=/api/insurances/42d3ad9b-5c17-4290-b83b-524d6cbd74bf, id=42d3ad9b-5c17-4290-b83b-524d6cbd74bf, method=GET} - 2025-06-11T07:33:48.586048100Z
2025-06-11 08:33:48 INFO  i.g.m.sanaspace.services.SInsurance - 🚀 Fetching single insurance... - {id=42d3ad9b-5c17-4290-b83b-524d6cbd74bf} - 2025-06-11T07:33:48.588579700Z
2025-06-11 08:33:48 DEBUG org.hibernate.SQL - 
    select
        i1_0.id,
        i1_0.address,
        i1_0.company_name,
        i1_0.phone_number 
    from
        insurances i1_0 
    where
        i1_0.id=?
2025-06-11 08:33:48 INFO  i.g.m.sanaspace.services.SInsurance - ✅ ✅ fetch insurance by ID - Took 6ms
2025-06-11 08:33:48 INFO  i.g.m.s.controllers.CInsurance - ✅ Insurance fetched successfully - Took 10ms
2025-06-11 08:35:31 INFO  i.g.m.s.controllers.CInsurance - 🚀 Partially updating insurance... - {method=PATCH, updates=[companyName], id=42d3ad9b-5c17-4290-b83b-524d6cbd74bf, uri=/api/insurances/42d3ad9b-5c17-4290-b83b-524d6cbd74bf} - 2025-06-11T07:35:31.710547400Z
2025-06-11 08:35:31 INFO  i.g.m.sanaspace.services.SInsurance - 🚀 Updating insurance fields... - {updates=[companyName], id=42d3ad9b-5c17-4290-b83b-524d6cbd74bf} - 2025-06-11T07:35:31.711546300Z
2025-06-11 08:35:31 DEBUG org.hibernate.SQL - 
    select
        i1_0.id,
        i1_0.address,
        i1_0.company_name,
        i1_0.phone_number 
    from
        insurances i1_0 
    where
        i1_0.id=?
2025-06-11 08:35:31 INFO  i.g.m.sanaspace.services.SInsurance - ✅ ✅ partial update insurance - Took 7ms
2025-06-11 08:35:31 DEBUG org.hibernate.SQL - 
    /* update
        for io.github.matthewjacobsd.sanaspace.models.Insurance */update insurances 
    set
        address=?,
        company_name=?,
        phone_number=? 
    where
        id=?
2025-06-11 08:35:31 INFO  i.g.m.s.controllers.CInsurance - ✅ Insurance partially updated successfully - Took 14ms
2025-06-11 08:36:10 INFO  i.g.m.s.controllers.CInsurance - 🚀 Updating insurance... - {companyName=RGU Insurance, method=PUT, id=42d3ad9b-5c17-4290-b83b-524d6cbd74bf, uri=/api/insurances/42d3ad9b-5c17-4290-b83b-524d6cbd74bf} - 2025-06-11T07:36:10.634168400Z
2025-06-11 08:36:10 INFO  i.g.m.sanaspace.services.SInsurance - 🚀 Updating insurance... - {companyName=RGU Insurance, id=42d3ad9b-5c17-4290-b83b-524d6cbd74bf} - 2025-06-11T07:36:10.638549700Z
2025-06-11 08:36:10 DEBUG org.hibernate.SQL - 
    select
        i1_0.id,
        i1_0.address,
        i1_0.company_name,
        i1_0.phone_number 
    from
        insurances i1_0 
    where
        i1_0.id=?
2025-06-11 08:36:10 INFO  i.g.m.sanaspace.services.SInsurance - ✅ ✅ update insurance - Took 3ms
2025-06-11 08:36:10 DEBUG org.hibernate.SQL - 
    /* update
        for io.github.matthewjacobsd.sanaspace.models.Insurance */update insurances 
    set
        address=?,
        company_name=?,
        phone_number=? 
    where
        id=?
2025-06-11 08:36:10 INFO  i.g.m.s.controllers.CInsurance - ✅ Insurance updated successfully - Took 21ms
2025-06-11 08:36:41 INFO  i.g.m.s.controllers.CInsurance - 🚀 Deleting insurance... - {uri=/api/insurances/42d3ad9b-5c17-4290-b83b-524d6cbd74bf, id=42d3ad9b-5c17-4290-b83b-524d6cbd74bf, method=DELETE} - 2025-06-11T07:36:41.431422600Z
2025-06-11 08:36:41 INFO  i.g.m.sanaspace.services.SInsurance - 🚀 Deleting insurance... - {id=42d3ad9b-5c17-4290-b83b-524d6cbd74bf} - 2025-06-11T07:36:41.435423900Z
2025-06-11 08:36:41 DEBUG org.hibernate.SQL - 
    select
        i1_0.id,
        i1_0.address,
        i1_0.company_name,
        i1_0.phone_number 
    from
        insurances i1_0 
    where
        i1_0.id=?
2025-06-11 08:36:41 DEBUG org.hibernate.SQL - 
    select
        p1_0.insurance_id,
        p1_0.id,
        p1_0.address,
        p1_0.email,
        p1_0.first_name,
        p1_0.patient_insurance,
        p1_0.last_name,
        p1_0.phone_number,
        p1_0.postcode 
    from
        patients p1_0 
    where
        p1_0.insurance_id=?
2025-06-11 08:36:41 INFO  i.g.m.sanaspace.services.SInsurance - ✅ ✅ delete insurance - Took 20ms
2025-06-11 08:36:41 DEBUG org.hibernate.SQL - 
    /* delete for io.github.matthewjacobsd.sanaspace.models.Insurance */delete 
    from
        insurances 
    where
        id=?
2025-06-11 08:36:41 INFO  i.g.m.s.controllers.CInsurance - ✅ Insurance deleted successfully - Took 42ms
2025-06-11 08:39:42 INFO  i.g.m.s.controllers.CMedication - 🚀 Fetching medications... - {page=1, method=GET, limit=10, uri=/api/medications} - 2025-06-11T07:39:42.575890100Z
2025-06-11 08:39:42 INFO  i.g.m.sanaspace.services.SMedication - 🚀 Fetching medications... - {size=10, page=0} - 2025-06-11T07:39:42.624557400Z
2025-06-11 08:39:42 DEBUG org.hibernate.SQL - 
    /* <criteria> */ select
        m1_0.id,
        m1_0.benefits,
        m1_0.name,
        m1_0.side_effects 
    from
        medications m1_0 
    limit
        ?, ?
2025-06-11 08:39:42 DEBUG org.hibernate.SQL - 
    /* <criteria> */ select
        count(m1_0.id) 
    from
        medications m1_0
2025-06-11 08:39:42 INFO  i.g.m.sanaspace.services.SMedication - ✅ ✅ fetch all medications - Took 66ms
2025-06-11 08:39:42 INFO  i.g.m.s.controllers.CMedication - ✅ Medications fetched successfully - Took 118ms
2025-06-11 08:41:24 INFO  i.g.m.s.controllers.CMedication - 🚀 Saving medication... - {uri=/api/medications, method=POST, name=ibuprofen} - 2025-06-11T07:41:24.109820600Z
2025-06-11 08:41:24 INFO  i.g.m.sanaspace.services.SMedication - 🚀 Saving medication... - {name=ibuprofen} - 2025-06-11T07:41:24.119650900Z
2025-06-11 08:41:24 INFO  i.g.m.sanaspace.services.SMedication - ✅ ✅ save medication - Took 16ms
2025-06-11 08:41:24 DEBUG org.hibernate.SQL - 
    /* insert for
        io.github.matthewjacobsd.sanaspace.models.Medication */insert 
    into
        medications (benefits, name, side_effects, id) 
    values
        (?, ?, ?, ?)
2025-06-11 08:41:24 INFO  i.g.m.s.controllers.CMedication - ✅ Medication saved successfully - Took 51ms
2025-06-11 08:43:36 INFO  i.g.m.s.controllers.CMedication - 🚀 Partially updating medication... - {method=PATCH, updates=[sideEffects], id=13cfd5f6-8760-4596-8987-7e5bd49033fe, uri=/api/medications/13cfd5f6-8760-4596-8987-7e5bd49033fe} - 2025-06-11T07:43:36.093598700Z
2025-06-11 08:43:36 INFO  i.g.m.sanaspace.services.SMedication - 🚀 Updating medication fields... - {updates=[sideEffects], id=13cfd5f6-8760-4596-8987-7e5bd49033fe} - 2025-06-11T07:43:36.098922200Z
2025-06-11 08:43:36 DEBUG org.hibernate.SQL - 
    select
        m1_0.id,
        m1_0.benefits,
        m1_0.name,
        m1_0.side_effects 
    from
        medications m1_0 
    where
        m1_0.id=?
2025-06-11 08:43:36 INFO  i.g.m.sanaspace.services.SMedication - ✅ ✅ partial update medication - Took 8ms
2025-06-11 08:43:36 DEBUG org.hibernate.SQL - 
    /* update
        for io.github.matthewjacobsd.sanaspace.models.Medication */update medications 
    set
        benefits=?,
        name=?,
        side_effects=? 
    where
        id=?
2025-06-11 08:43:36 INFO  i.g.m.s.controllers.CMedication - ✅ Medication partially updated successfully - Took 28ms
2025-06-11 08:44:21 INFO  i.g.m.s.controllers.CMedication - 🚀 Updating medication... - {method=PUT, id=13cfd5f6-8760-4596-8987-7e5bd49033fe, name=acetaminophen, uri=/api/medications/13cfd5f6-8760-4596-8987-7e5bd49033fe} - 2025-06-11T07:44:21.146319900Z
2025-06-11 08:44:21 INFO  i.g.m.sanaspace.services.SMedication - 🚀 Updating medication... - {name=acetaminophen, id=13cfd5f6-8760-4596-8987-7e5bd49033fe} - 2025-06-11T07:44:21.146319900Z
2025-06-11 08:44:21 DEBUG org.hibernate.SQL - 
    select
        m1_0.id,
        m1_0.benefits,
        m1_0.name,
        m1_0.side_effects 
    from
        medications m1_0 
    where
        m1_0.id=?
2025-06-11 08:44:21 INFO  i.g.m.sanaspace.services.SMedication - ✅ ✅ update medication - Took 18ms
2025-06-11 08:44:21 DEBUG org.hibernate.SQL - 
    /* update
        for io.github.matthewjacobsd.sanaspace.models.Medication */update medications 
    set
        benefits=?,
        name=?,
        side_effects=? 
    where
        id=?
2025-06-11 08:44:21 INFO  i.g.m.s.controllers.CMedication - ✅ Medication updated successfully - Took 23ms
2025-06-11 08:45:01 INFO  i.g.m.s.controllers.CMedication - 🚀 Deleting medication... - {uri=/api/medications/13cfd5f6-8760-4596-8987-7e5bd49033fe, id=13cfd5f6-8760-4596-8987-7e5bd49033fe, method=DELETE} - 2025-06-11T07:45:01.801125700Z
2025-06-11 08:45:01 INFO  i.g.m.sanaspace.services.SMedication - 🚀 Deleting medication... - {id=13cfd5f6-8760-4596-8987-7e5bd49033fe} - 2025-06-11T07:45:01.804827700Z
2025-06-11 08:45:01 DEBUG org.hibernate.SQL - 
    select
        m1_0.id,
        m1_0.benefits,
        m1_0.name,
        m1_0.side_effects 
    from
        medications m1_0 
    where
        m1_0.id=?
2025-06-11 08:45:01 DEBUG org.hibernate.SQL - 
    select
        p1_0.medication_id,
        p1_0.id,
        p1_0.comments,
        d1_0.id,
        d1_0.address,
        d1_0.email,
        d1_0.experience,
        d1_0.first_name,
        d1_0.last_name,
        d1_0.specialization,
        p1_0.dosage_amount,
        p1_0.duration,
        p2_0.id,
        p2_0.address,
        p2_0.email,
        p2_0.first_name,
        i1_0.id,
        i1_0.address,
        i1_0.company_name,
        i1_0.phone_number,
        p2_0.patient_insurance,
        p2_0.last_name,
        p2_0.phone_number,
        p2_0.postcode,
        p1_0.prescription_date 
    from
        prescriptions p1_0 
    left join
        doctors d1_0 
            on d1_0.id=p1_0.doctor_id 
    left join
        patients p2_0 
            on p2_0.id=p1_0.patient_id 
    left join
        insurances i1_0 
            on i1_0.id=p2_0.insurance_id 
    where
        p1_0.medication_id=?
2025-06-11 08:45:01 INFO  i.g.m.sanaspace.services.SMedication - ✅ ✅ delete medication - Took 43ms
2025-06-11 08:45:01 DEBUG org.hibernate.SQL - 
    /* delete for io.github.matthewjacobsd.sanaspace.models.Medication */delete 
    from
        medications 
    where
        id=?
2025-06-11 08:45:01 INFO  i.g.m.s.controllers.CMedication - ✅ Medication deleted successfully - Took 50ms
2025-06-11 10:17:44 INFO  i.g.m.sanaspace.controllers.CPatient - 🚀 Fetching patient by ID... - {uri=/api/patients/87af4083-c998-42c6-81c5-2c0b6e7b50ae, id=87af4083-c998-42c6-81c5-2c0b6e7b50ae, method=GET} - 2025-06-11T09:17:44.063721100Z
2025-06-11 10:17:44 INFO  i.g.m.sanaspace.services.SPatient - 🚀 Fetching single patient... - {id=87af4083-c998-42c6-81c5-2c0b6e7b50ae} - 2025-06-11T09:17:44.116994100Z
2025-06-11 10:17:44 DEBUG org.hibernate.SQL - 
    select
        p1_0.id,
        p1_0.address,
        p1_0.email,
        p1_0.first_name,
        i1_0.id,
        i1_0.address,
        i1_0.company_name,
        i1_0.phone_number,
        p1_0.patient_insurance,
        p1_0.last_name,
        p1_0.phone_number,
        p1_0.postcode 
    from
        patients p1_0 
    left join
        insurances i1_0 
            on i1_0.id=p1_0.insurance_id 
    where
        p1_0.id=?
2025-06-11 10:17:44 INFO  i.g.m.sanaspace.services.SPatient - ✅ ✅ fetch patient by ID - Took 105ms
2025-06-11 10:17:44 INFO  i.g.m.sanaspace.controllers.CPatient - ✅ Patient fetched successfully - Took 171ms
2025-06-11 10:18:14 INFO  i.g.m.sanaspace.controllers.CDoctor - 🚀 Saving doctor... - {lastName=Doe, method=POST, firstName=Joe, uri=/api/doctors} - 2025-06-11T09:18:14.376381700Z
2025-06-11 10:18:14 INFO  i.g.m.sanaspace.services.SDoctor - 🚀 Saving doctor... - {lastName=Doe, firstName=Joe} - 2025-06-11T09:18:14.383618Z
2025-06-11 10:18:14 INFO  i.g.m.sanaspace.services.SDoctor - ✅ ✅ save doctor - Took 7ms
2025-06-11 10:18:14 DEBUG org.hibernate.SQL - 
    /* insert for
        io.github.matthewjacobsd.sanaspace.models.Doctor */insert 
    into
        doctors (address, email, experience, first_name, last_name, specialization, id) 
    values
        (?, ?, ?, ?, ?, ?, ?)
2025-06-11 10:18:14 INFO  i.g.m.sanaspace.controllers.CDoctor - ✅ Doctor saved successfully - Took 67ms
2025-06-11 10:18:29 INFO  i.g.m.sanaspace.controllers.CDoctor - 🚀 Fetching doctor by ID... - {uri=/api/doctors/92fd9f5c-958e-43e5-9103-9c8816599d5f, id=92fd9f5c-958e-43e5-9103-9c8816599d5f, method=GET} - 2025-06-11T09:18:29.580511200Z
2025-06-11 10:18:29 INFO  i.g.m.sanaspace.services.SDoctor - 🚀 Fetching single doctor... - {id=92fd9f5c-958e-43e5-9103-9c8816599d5f} - 2025-06-11T09:18:29.584023300Z
2025-06-11 10:18:29 DEBUG org.hibernate.SQL - 
    select
        d1_0.id,
        d1_0.address,
        d1_0.email,
        d1_0.experience,
        d1_0.first_name,
        d1_0.last_name,
        d1_0.specialization 
    from
        doctors d1_0 
    where
        d1_0.id=?
2025-06-11 10:18:29 ERROR i.g.m.sanaspace.services.SDoctor - ❌ ❌ Doctor not found with id: 92fd9f5c-958e-43e5-9103-9c8816599d5f: Doctor not found with id: 92fd9f5c-958e-43e5-9103-9c8816599d5f - Request: fetch doctor by ID - Took 12ms
Stack: io.github.matthewjacobsd.sanaspace.services.SDoctor.lambda$fetchDoctorById$3(SDoctor.java:69)
java.base/java.util.Optional.orElseThrow(Optional.java:403)
io.github.matthewjacobsd.sanaspace.services.SDoctor.lambda$fetchDoctorById$4(SDoctor.java:69)
2025-06-11 10:18:29 ERROR i.g.m.sanaspace.controllers.CDoctor - ❌ Failed to fetch doctor: Doctor not found with id: 92fd9f5c-958e-43e5-9103-9c8816599d5f: Doctor not found with id: 92fd9f5c-958e-43e5-9103-9c8816599d5f - Request: /api/doctors/92fd9f5c-958e-43e5-9103-9c8816599d5f - Took 22ms
Stack: io.github.matthewjacobsd.sanaspace.services.SDoctor.lambda$fetchDoctorById$3(SDoctor.java:69)
java.base/java.util.Optional.orElseThrow(Optional.java:403)
io.github.matthewjacobsd.sanaspace.services.SDoctor.lambda$fetchDoctorById$4(SDoctor.java:69)
2025-06-11 10:19:05 INFO  i.g.m.sanaspace.controllers.CDoctor - 🚀 Fetching doctor by ID... - {uri=/api/doctors/13c70af8-7676-45df-a2ec-252a03424849, id=13c70af8-7676-45df-a2ec-252a03424849, method=GET} - 2025-06-11T09:19:05.225390200Z
2025-06-11 10:19:05 INFO  i.g.m.sanaspace.services.SDoctor - 🚀 Fetching single doctor... - {id=13c70af8-7676-45df-a2ec-252a03424849} - 2025-06-11T09:19:05.228909400Z
2025-06-11 10:19:05 DEBUG org.hibernate.SQL - 
    select
        d1_0.id,
        d1_0.address,
        d1_0.email,
        d1_0.experience,
        d1_0.first_name,
        d1_0.last_name,
        d1_0.specialization 
    from
        doctors d1_0 
    where
        d1_0.id=?
2025-06-11 10:19:05 INFO  i.g.m.sanaspace.services.SDoctor - ✅ ✅ fetch doctor by ID - Took 6ms
2025-06-11 10:19:05 INFO  i.g.m.sanaspace.controllers.CDoctor - ✅ Doctor fetched successfully - Took 13ms
2025-06-11 10:19:22 INFO  i.g.m.s.controllers.CInsurance - 🚀 Fetching insurance by ID... - {uri=/api/insurances/42d3ad9b-5c17-4290-b83b-524d6cbd74bf, id=42d3ad9b-5c17-4290-b83b-524d6cbd74bf, method=GET} - 2025-06-11T09:19:22.052338400Z
2025-06-11 10:19:22 INFO  i.g.m.sanaspace.services.SInsurance - 🚀 Fetching single insurance... - {id=42d3ad9b-5c17-4290-b83b-524d6cbd74bf} - 2025-06-11T09:19:22.061566500Z
2025-06-11 10:19:22 DEBUG org.hibernate.SQL - 
    select
        i1_0.id,
        i1_0.address,
        i1_0.company_name,
        i1_0.phone_number 
    from
        insurances i1_0 
    where
        i1_0.id=?
2025-06-11 10:19:22 ERROR i.g.m.sanaspace.services.SInsurance - ❌ ❌ Insurance not found with id: 42d3ad9b-5c17-4290-b83b-524d6cbd74bf: Insurance not found with id: 42d3ad9b-5c17-4290-b83b-524d6cbd74bf - Request: fetch insurance by ID - Took 13ms
Stack: io.github.matthewjacobsd.sanaspace.services.SInsurance.lambda$fetchInsuranceById$3(SInsurance.java:69)
java.base/java.util.Optional.orElseThrow(Optional.java:403)
io.github.matthewjacobsd.sanaspace.services.SInsurance.lambda$fetchInsuranceById$4(SInsurance.java:69)
2025-06-11 10:19:22 ERROR i.g.m.s.controllers.CInsurance - ❌ Failed to fetch insurance: Insurance not found with id: 42d3ad9b-5c17-4290-b83b-524d6cbd74bf: Insurance not found with id: 42d3ad9b-5c17-4290-b83b-524d6cbd74bf - Request: /api/insurances/42d3ad9b-5c17-4290-b83b-524d6cbd74bf - Took 27ms
Stack: io.github.matthewjacobsd.sanaspace.services.SInsurance.lambda$fetchInsuranceById$3(SInsurance.java:69)
java.base/java.util.Optional.orElseThrow(Optional.java:403)
io.github.matthewjacobsd.sanaspace.services.SInsurance.lambda$fetchInsuranceById$4(SInsurance.java:69)
2025-06-11 10:19:27 INFO  i.g.m.s.controllers.CInsurance - 🚀 Saving insurance... - {uri=/api/insurances, method=POST, companyName=Nescol Insurance} - 2025-06-11T09:19:27.806061400Z
2025-06-11 10:19:27 INFO  i.g.m.sanaspace.services.SInsurance - 🚀 Saving insurance... - {companyName=Nescol Insurance} - 2025-06-11T09:19:27.806061400Z
2025-06-11 10:19:27 INFO  i.g.m.sanaspace.services.SInsurance - ✅ ✅ save insurance - Took 8ms
2025-06-11 10:19:27 DEBUG org.hibernate.SQL - 
    /* insert for
        io.github.matthewjacobsd.sanaspace.models.Insurance */insert 
    into
        insurances (address, company_name, phone_number, id) 
    values
        (?, ?, ?, ?)
2025-06-11 10:19:27 INFO  i.g.m.s.controllers.CInsurance - ✅ Insurance saved successfully - Took 21ms
2025-06-11 10:22:03 INFO  i.g.m.sanaspace.controllers.CPatient - 🚀 Fetching patient by ID... - {uri=/api/patients/87af4083-c998-42c6-81c5-2c0b6e7b50ae, id=87af4083-c998-42c6-81c5-2c0b6e7b50ae, method=GET} - 2025-06-11T09:22:03.648771600Z
2025-06-11 10:22:03 INFO  i.g.m.sanaspace.services.SPatient - 🚀 Fetching single patient... - {id=87af4083-c998-42c6-81c5-2c0b6e7b50ae} - 2025-06-11T09:22:03.650755200Z
2025-06-11 10:22:03 DEBUG org.hibernate.SQL - 
    select
        p1_0.id,
        p1_0.address,
        p1_0.email,
        p1_0.first_name,
        i1_0.id,
        i1_0.address,
        i1_0.company_name,
        i1_0.phone_number,
        p1_0.patient_insurance,
        p1_0.last_name,
        p1_0.phone_number,
        p1_0.postcode 
    from
        patients p1_0 
    left join
        insurances i1_0 
            on i1_0.id=p1_0.insurance_id 
    where
        p1_0.id=?
2025-06-11 10:22:03 INFO  i.g.m.sanaspace.services.SPatient - ✅ ✅ fetch patient by ID - Took 14ms
2025-06-11 10:22:03 INFO  i.g.m.sanaspace.controllers.CPatient - ✅ Patient fetched successfully - Took 19ms
2025-06-11 10:22:09 INFO  i.g.m.sanaspace.controllers.CPatient - 🚀 Deleting patient... - {uri=/api/patients/87af4083-c998-42c6-81c5-2c0b6e7b50ae, id=87af4083-c998-42c6-81c5-2c0b6e7b50ae, method=DELETE} - 2025-06-11T09:22:09.926810100Z
2025-06-11 10:22:09 INFO  i.g.m.sanaspace.services.SPatient - 🚀 Deleting patient... - {id=87af4083-c998-42c6-81c5-2c0b6e7b50ae} - 2025-06-11T09:22:09.935203100Z
2025-06-11 10:22:09 DEBUG org.hibernate.SQL - 
    select
        p1_0.id,
        p1_0.address,
        p1_0.email,
        p1_0.first_name,
        i1_0.id,
        i1_0.address,
        i1_0.company_name,
        i1_0.phone_number,
        p1_0.patient_insurance,
        p1_0.last_name,
        p1_0.phone_number,
        p1_0.postcode 
    from
        patients p1_0 
    left join
        insurances i1_0 
            on i1_0.id=p1_0.insurance_id 
    where
        p1_0.id=?
2025-06-11 10:22:09 DEBUG org.hibernate.SQL - 
    select
        p1_0.patient_id,
        p1_0.id,
        p1_0.comments,
        d1_0.id,
        d1_0.address,
        d1_0.email,
        d1_0.experience,
        d1_0.first_name,
        d1_0.last_name,
        d1_0.specialization,
        p1_0.dosage_amount,
        p1_0.duration,
        m1_0.id,
        m1_0.benefits,
        m1_0.name,
        m1_0.side_effects,
        p1_0.prescription_date 
    from
        prescriptions p1_0 
    left join
        doctors d1_0 
            on d1_0.id=p1_0.doctor_id 
    left join
        medications m1_0 
            on m1_0.id=p1_0.medication_id 
    where
        p1_0.patient_id=?
2025-06-11 10:22:10 DEBUG org.hibernate.SQL - 
    select
        v1_0.patient_id,
        v1_0.doctor_id,
        v1_0.visit_date,
        v1_0.diagnosis,
        d1_0.id,
        d1_0.address,
        d1_0.email,
        d1_0.experience,
        d1_0.first_name,
        d1_0.last_name,
        d1_0.specialization,
        v1_0.symptoms 
    from
        visits v1_0 
    left join
        doctors d1_0 
            on d1_0.id=v1_0.doctor_id 
    where
        v1_0.patient_id=?
2025-06-11 10:22:10 INFO  i.g.m.sanaspace.services.SPatient - ✅ ✅ delete patient - Took 95ms
2025-06-11 10:22:10 DEBUG org.hibernate.SQL - 
    /* delete for io.github.matthewjacobsd.sanaspace.models.Patient */delete 
    from
        patients 
    where
        id=?
2025-06-11 10:22:10 INFO  i.g.m.sanaspace.controllers.CPatient - ✅ Patient deleted successfully - Took 128ms
2025-06-11 10:22:14 INFO  i.g.m.sanaspace.controllers.CPatient - 🚀 Saving patient... - {lastName=Rodriguez, method=POST, firstName=Emma, uri=/api/patients} - 2025-06-11T09:22:14.960312300Z
2025-06-11 10:22:14 INFO  i.g.m.sanaspace.services.SPatient - 🚀 Saving patient... - {lastName=Rodriguez, firstName=Emma} - 2025-06-11T09:22:14.975606600Z
2025-06-11 10:22:14 INFO  i.g.m.sanaspace.services.SPatient - ✅ ✅ save patient - Took 9ms
2025-06-11 10:22:15 DEBUG org.hibernate.SQL - 
    /* insert for
        io.github.matthewjacobsd.sanaspace.models.Patient */insert 
    into
        patients (address, email, first_name, insurance_id, patient_insurance, last_name, phone_number, postcode, id) 
    values
        (?, ?, ?, ?, ?, ?, ?, ?, ?)
2025-06-11 10:22:15 INFO  i.g.m.sanaspace.controllers.CPatient - ✅ Patient saved successfully - Took 55ms
2025-06-11 10:22:53 INFO  i.g.m.sanaspace.controllers.CPatient - 🚀 Deleting patient... - {uri=/api/patients/87af4083-c998-42c6-81c5-2c0b6e7b50ae, id=87af4083-c998-42c6-81c5-2c0b6e7b50ae, method=DELETE} - 2025-06-11T09:22:53.338624400Z
2025-06-11 10:22:53 INFO  i.g.m.sanaspace.services.SPatient - 🚀 Deleting patient... - {id=87af4083-c998-42c6-81c5-2c0b6e7b50ae} - 2025-06-11T09:22:53.340622700Z
2025-06-11 10:22:53 DEBUG org.hibernate.SQL - 
    select
        p1_0.id,
        p1_0.address,
        p1_0.email,
        p1_0.first_name,
        i1_0.id,
        i1_0.address,
        i1_0.company_name,
        i1_0.phone_number,
        p1_0.patient_insurance,
        p1_0.last_name,
        p1_0.phone_number,
        p1_0.postcode 
    from
        patients p1_0 
    left join
        insurances i1_0 
            on i1_0.id=p1_0.insurance_id 
    where
        p1_0.id=?
2025-06-11 10:22:53 ERROR i.g.m.sanaspace.services.SPatient - ❌ ❌ Patient not found with id: 87af4083-c998-42c6-81c5-2c0b6e7b50ae: Patient not found with id: 87af4083-c998-42c6-81c5-2c0b6e7b50ae - Request: delete patient - Took 10ms
Stack: io.github.matthewjacobsd.sanaspace.services.SPatient.lambda$deletePatient$10(SPatient.java:112)
java.base/java.util.Optional.orElseThrow(Optional.java:403)
io.github.matthewjacobsd.sanaspace.services.SPatient.lambda$deletePatient$11(SPatient.java:112)
2025-06-11 10:22:53 ERROR i.g.m.sanaspace.controllers.CPatient - ❌ Failed to delete patient: Patient not found with id: 87af4083-c998-42c6-81c5-2c0b6e7b50ae: Patient not found with id: 87af4083-c998-42c6-81c5-2c0b6e7b50ae - Request: /api/patients/87af4083-c998-42c6-81c5-2c0b6e7b50ae - Took 13ms
Stack: io.github.matthewjacobsd.sanaspace.services.SPatient.lambda$deletePatient$10(SPatient.java:112)
java.base/java.util.Optional.orElseThrow(Optional.java:403)
io.github.matthewjacobsd.sanaspace.services.SPatient.lambda$deletePatient$11(SPatient.java:112)
2025-06-11 10:23:09 INFO  i.g.m.sanaspace.controllers.CPatient - 🚀 Fetching patient by ID... - {uri=/api/patients/c67cf990-9346-4ed6-a865-459736c9ff8b, id=c67cf990-9346-4ed6-a865-459736c9ff8b, method=GET} - 2025-06-11T09:23:09.767918100Z
2025-06-11 10:23:09 INFO  i.g.m.sanaspace.services.SPatient - 🚀 Fetching single patient... - {id=c67cf990-9346-4ed6-a865-459736c9ff8b} - 2025-06-11T09:23:09.769722500Z
2025-06-11 10:23:09 DEBUG org.hibernate.SQL - 
    select
        p1_0.id,
        p1_0.address,
        p1_0.email,
        p1_0.first_name,
        i1_0.id,
        i1_0.address,
        i1_0.company_name,
        i1_0.phone_number,
        p1_0.patient_insurance,
        p1_0.last_name,
        p1_0.phone_number,
        p1_0.postcode 
    from
        patients p1_0 
    left join
        insurances i1_0 
            on i1_0.id=p1_0.insurance_id 
    where
        p1_0.id=?
2025-06-11 10:23:09 ERROR i.g.m.sanaspace.services.SPatient - ❌ ❌ Patient not found with id: c67cf990-9346-4ed6-a865-459736c9ff8b: Patient not found with id: c67cf990-9346-4ed6-a865-459736c9ff8b - Request: fetch patient by ID - Took 5ms
Stack: io.github.matthewjacobsd.sanaspace.services.SPatient.lambda$fetchPatientById$3(SPatient.java:69)
java.base/java.util.Optional.orElseThrow(Optional.java:403)
io.github.matthewjacobsd.sanaspace.services.SPatient.lambda$fetchPatientById$4(SPatient.java:69)
2025-06-11 10:23:09 ERROR i.g.m.sanaspace.controllers.CPatient - ❌ Failed to fetch patient: Patient not found with id: c67cf990-9346-4ed6-a865-459736c9ff8b: Patient not found with id: c67cf990-9346-4ed6-a865-459736c9ff8b - Request: /api/patients/c67cf990-9346-4ed6-a865-459736c9ff8b - Took 10ms
Stack: io.github.matthewjacobsd.sanaspace.services.SPatient.lambda$fetchPatientById$3(SPatient.java:69)
java.base/java.util.Optional.orElseThrow(Optional.java:403)
io.github.matthewjacobsd.sanaspace.services.SPatient.lambda$fetchPatientById$4(SPatient.java:69)
2025-06-11 10:23:23 INFO  i.g.m.sanaspace.controllers.CPatient - 🚀 Saving patient... - {lastName=Rodriguez, method=POST, firstName=Emma, uri=/api/patients} - 2025-06-11T09:23:23.453182300Z
2025-06-11 10:23:23 INFO  i.g.m.sanaspace.services.SPatient - 🚀 Saving patient... - {lastName=Rodriguez, firstName=Emma} - 2025-06-11T09:23:23.459857600Z
2025-06-11 10:23:23 INFO  i.g.m.sanaspace.services.SPatient - ✅ ✅ save patient - Took 2ms
2025-06-11 10:23:23 DEBUG org.hibernate.SQL - 
    /* insert for
        io.github.matthewjacobsd.sanaspace.models.Patient */insert 
    into
        patients (address, email, first_name, insurance_id, patient_insurance, last_name, phone_number, postcode, id) 
    values
        (?, ?, ?, ?, ?, ?, ?, ?, ?)
2025-06-11 10:23:23 INFO  i.g.m.sanaspace.controllers.CPatient - ✅ Patient saved successfully - Took 15ms
2025-06-11 10:23:38 INFO  i.g.m.sanaspace.controllers.CPatient - 🚀 Fetching patient by ID... - {uri=/api/patients/a550e897-57f5-402a-9efd-95c97bb9901e, id=a550e897-57f5-402a-9efd-95c97bb9901e, method=GET} - 2025-06-11T09:23:38.416117800Z
2025-06-11 10:23:38 INFO  i.g.m.sanaspace.services.SPatient - 🚀 Fetching single patient... - {id=a550e897-57f5-402a-9efd-95c97bb9901e} - 2025-06-11T09:23:38.418172600Z
2025-06-11 10:23:38 DEBUG org.hibernate.SQL - 
    select
        p1_0.id,
        p1_0.address,
        p1_0.email,
        p1_0.first_name,
        i1_0.id,
        i1_0.address,
        i1_0.company_name,
        i1_0.phone_number,
        p1_0.patient_insurance,
        p1_0.last_name,
        p1_0.phone_number,
        p1_0.postcode 
    from
        patients p1_0 
    left join
        insurances i1_0 
            on i1_0.id=p1_0.insurance_id 
    where
        p1_0.id=?
2025-06-11 10:23:38 INFO  i.g.m.sanaspace.services.SPatient - ✅ ✅ fetch patient by ID - Took 3ms
2025-06-11 10:23:38 INFO  i.g.m.sanaspace.controllers.CPatient - ✅ Patient fetched successfully - Took 8ms
2025-06-11 10:23:42 INFO  i.g.m.sanaspace.controllers.CPatient - 🚀 Fetching patients... - {page=1, method=GET, limit=10, uri=/api/patients} - 2025-06-11T09:23:42.283033Z
2025-06-11 10:23:42 INFO  i.g.m.sanaspace.services.SPatient - 🚀 Fetching patients... - {size=10, page=0} - 2025-06-11T09:23:42.287836500Z
2025-06-11 10:23:42 DEBUG org.hibernate.SQL - 
    /* <criteria> */ select
        p1_0.id,
        p1_0.address,
        p1_0.email,
        p1_0.first_name,
        p1_0.insurance_id,
        p1_0.patient_insurance,
        p1_0.last_name,
        p1_0.phone_number,
        p1_0.postcode 
    from
        patients p1_0 
    limit
        ?, ?
2025-06-11 10:23:42 DEBUG org.hibernate.SQL - 
    select
        i1_0.id,
        i1_0.address,
        i1_0.company_name,
        i1_0.phone_number 
    from
        insurances i1_0 
    where
        i1_0.id=?
2025-06-11 10:23:42 DEBUG org.hibernate.SQL - 
    select
        i1_0.id,
        i1_0.address,
        i1_0.company_name,
        i1_0.phone_number 
    from
        insurances i1_0 
    where
        i1_0.id=?
2025-06-11 10:23:42 DEBUG org.hibernate.SQL - 
    select
        i1_0.id,
        i1_0.address,
        i1_0.company_name,
        i1_0.phone_number 
    from
        insurances i1_0 
    where
        i1_0.id=?
2025-06-11 10:23:42 DEBUG org.hibernate.SQL - 
    /* <criteria> */ select
        count(p1_0.id) 
    from
        patients p1_0
2025-06-11 10:23:42 INFO  i.g.m.sanaspace.services.SPatient - ✅ ✅ fetch all patients - Took 104ms
2025-06-11 10:23:42 INFO  i.g.m.sanaspace.controllers.CPatient - ✅ Patients fetched successfully - Took 112ms
2025-06-11 10:24:23 INFO  i.g.m.sanaspace.controllers.CPatient - 🚀 Fetching patient by ID... - {uri=/api/patients/a550e897-57f5-402a-9efd-95c97bb9901e, id=a550e897-57f5-402a-9efd-95c97bb9901e, method=GET} - 2025-06-11T09:24:23.196113400Z
2025-06-11 10:24:23 INFO  i.g.m.sanaspace.services.SPatient - 🚀 Fetching single patient... - {id=a550e897-57f5-402a-9efd-95c97bb9901e} - 2025-06-11T09:24:23.197119600Z
2025-06-11 10:24:23 DEBUG org.hibernate.SQL - 
    select
        p1_0.id,
        p1_0.address,
        p1_0.email,
        p1_0.first_name,
        i1_0.id,
        i1_0.address,
        i1_0.company_name,
        i1_0.phone_number,
        p1_0.patient_insurance,
        p1_0.last_name,
        p1_0.phone_number,
        p1_0.postcode 
    from
        patients p1_0 
    left join
        insurances i1_0 
            on i1_0.id=p1_0.insurance_id 
    where
        p1_0.id=?
2025-06-11 10:24:23 INFO  i.g.m.sanaspace.services.SPatient - ✅ ✅ fetch patient by ID - Took 4ms
2025-06-11 10:24:23 INFO  i.g.m.sanaspace.controllers.CPatient - ✅ Patient fetched successfully - Took 7ms
2025-06-11 10:25:19 INFO  i.g.m.sanaspace.controllers.CPatient - 🚀 Partially updating patient... - {method=PATCH, updates=[firstName, lastName, address, email], id=a550e897-57f5-402a-9efd-95c97bb9901e, uri=/api/patients/a550e897-57f5-402a-9efd-95c97bb9901e} - 2025-06-11T09:25:19.934393Z
2025-06-11 10:25:19 INFO  i.g.m.sanaspace.services.SPatient - 🚀 Updating patient fields... - {updates=[firstName, lastName, address, email], id=a550e897-57f5-402a-9efd-95c97bb9901e} - 2025-06-11T09:25:19.987843100Z
2025-06-11 10:25:19 DEBUG org.hibernate.SQL - 
    select
        p1_0.id,
        p1_0.address,
        p1_0.email,
        p1_0.first_name,
        i1_0.id,
        i1_0.address,
        i1_0.company_name,
        i1_0.phone_number,
        p1_0.patient_insurance,
        p1_0.last_name,
        p1_0.phone_number,
        p1_0.postcode 
    from
        patients p1_0 
    left join
        insurances i1_0 
            on i1_0.id=p1_0.insurance_id 
    where
        p1_0.id=?
2025-06-11 10:25:20 INFO  i.g.m.sanaspace.services.SPatient - ✅ ✅ partial update patient - Took 20ms
2025-06-11 10:25:20 DEBUG org.hibernate.SQL - 
    /* update
        for io.github.matthewjacobsd.sanaspace.models.Patient */update patients 
    set
        address=?,
        email=?,
        first_name=?,
        insurance_id=?,
        patient_insurance=?,
        last_name=?,
        phone_number=?,
        postcode=? 
    where
        id=?
2025-06-11 10:25:20 INFO  i.g.m.sanaspace.controllers.CPatient - ✅ Patient partially updated successfully - Took 89ms
2025-06-11 10:26:08 INFO  i.g.m.sanaspace.controllers.CPatient - 🚀 Updating patient... - {lastName=Doe, id=a550e897-57f5-402a-9efd-95c97bb9901e, firstName=Derek, method=PUT, uri=/api/patients/a550e897-57f5-402a-9efd-95c97bb9901e} - 2025-06-11T09:26:08.562293800Z
2025-06-11 10:26:08 INFO  i.g.m.sanaspace.services.SPatient - 🚀 Updating patient... - {id=a550e897-57f5-402a-9efd-95c97bb9901e, firstName=Derek, lastName=Doe} - 2025-06-11T09:26:08.562293800Z
2025-06-11 10:26:08 DEBUG org.hibernate.SQL - 
    select
        p1_0.id,
        p1_0.address,
        p1_0.email,
        p1_0.first_name,
        i1_0.id,
        i1_0.address,
        i1_0.company_name,
        i1_0.phone_number,
        p1_0.patient_insurance,
        p1_0.last_name,
        p1_0.phone_number,
        p1_0.postcode 
    from
        patients p1_0 
    left join
        insurances i1_0 
            on i1_0.id=p1_0.insurance_id 
    where
        p1_0.id=?
2025-06-11 10:26:08 INFO  i.g.m.sanaspace.services.SPatient - ✅ ✅ update patient - Took 17ms
2025-06-11 10:26:08 DEBUG org.hibernate.SQL - 
    /* update
        for io.github.matthewjacobsd.sanaspace.models.Patient */update patients 
    set
        address=?,
        email=?,
        first_name=?,
        insurance_id=?,
        patient_insurance=?,
        last_name=?,
        phone_number=?,
        postcode=? 
    where
        id=?
2025-06-11 10:26:08 INFO  i.g.m.sanaspace.controllers.CPatient - ✅ Patient updated successfully - Took 28ms
2025-06-11 10:27:40 INFO  i.g.m.sanaspace.controllers.CPatient - 🚀 Deleting patient... - {uri=/api/patients/a550e897-57f5-402a-9efd-95c97bb9901e, id=a550e897-57f5-402a-9efd-95c97bb9901e, method=DELETE} - 2025-06-11T09:27:40.041421200Z
2025-06-11 10:27:40 INFO  i.g.m.sanaspace.services.SPatient - 🚀 Deleting patient... - {id=a550e897-57f5-402a-9efd-95c97bb9901e} - 2025-06-11T09:27:40.081755Z
2025-06-11 10:27:40 DEBUG org.hibernate.SQL - 
    select
        p1_0.id,
        p1_0.address,
        p1_0.email,
        p1_0.first_name,
        i1_0.id,
        i1_0.address,
        i1_0.company_name,
        i1_0.phone_number,
        p1_0.patient_insurance,
        p1_0.last_name,
        p1_0.phone_number,
        p1_0.postcode 
    from
        patients p1_0 
    left join
        insurances i1_0 
            on i1_0.id=p1_0.insurance_id 
    where
        p1_0.id=?
2025-06-11 10:27:40 DEBUG org.hibernate.SQL - 
    select
        p1_0.patient_id,
        p1_0.id,
        p1_0.comments,
        d1_0.id,
        d1_0.address,
        d1_0.email,
        d1_0.experience,
        d1_0.first_name,
        d1_0.last_name,
        d1_0.specialization,
        p1_0.dosage_amount,
        p1_0.duration,
        m1_0.id,
        m1_0.benefits,
        m1_0.name,
        m1_0.side_effects,
        p1_0.prescription_date 
    from
        prescriptions p1_0 
    left join
        doctors d1_0 
            on d1_0.id=p1_0.doctor_id 
    left join
        medications m1_0 
            on m1_0.id=p1_0.medication_id 
    where
        p1_0.patient_id=?
2025-06-11 10:27:40 DEBUG org.hibernate.SQL - 
    select
        v1_0.patient_id,
        v1_0.doctor_id,
        v1_0.visit_date,
        v1_0.diagnosis,
        d1_0.id,
        d1_0.address,
        d1_0.email,
        d1_0.experience,
        d1_0.first_name,
        d1_0.last_name,
        d1_0.specialization,
        v1_0.symptoms 
    from
        visits v1_0 
    left join
        doctors d1_0 
            on d1_0.id=v1_0.doctor_id 
    where
        v1_0.patient_id=?
2025-06-11 10:27:40 INFO  i.g.m.sanaspace.services.SPatient - ✅ ✅ delete patient - Took 27ms
2025-06-11 10:27:40 DEBUG org.hibernate.SQL - 
    /* delete for io.github.matthewjacobsd.sanaspace.models.Patient */delete 
    from
        patients 
    where
        id=?
2025-06-11 10:27:40 INFO  i.g.m.sanaspace.controllers.CPatient - ✅ Patient deleted successfully - Took 71ms
2025-06-11 10:28:21 INFO  i.g.m.sanaspace.controllers.CPatient - 🚀 Saving patient... - {lastName=Rodriguez, method=POST, firstName=Emma, uri=/api/patients} - 2025-06-11T09:28:21.208998300Z
2025-06-11 10:28:21 INFO  i.g.m.sanaspace.services.SPatient - 🚀 Saving patient... - {lastName=Rodriguez, firstName=Emma} - 2025-06-11T09:28:21.215192300Z
2025-06-11 10:28:21 INFO  i.g.m.sanaspace.services.SPatient - ✅ ✅ save patient - Took 3ms
2025-06-11 10:28:21 DEBUG org.hibernate.SQL - 
    /* insert for
        io.github.matthewjacobsd.sanaspace.models.Patient */insert 
    into
        patients (address, email, first_name, insurance_id, patient_insurance, last_name, phone_number, postcode, id) 
    values
        (?, ?, ?, ?, ?, ?, ?, ?, ?)
2025-06-11 10:28:21 INFO  i.g.m.sanaspace.controllers.CPatient - ✅ Patient saved successfully - Took 21ms
2025-06-11 10:29:06 INFO  i.g.m.s.controllers.CMedication - 🚀 Fetching medication by ID... - {uri=/api/medications/13cfd5f6-8760-4596-8987-7e5bd49033fe, id=13cfd5f6-8760-4596-8987-7e5bd49033fe, method=GET} - 2025-06-11T09:29:06.649545100Z
2025-06-11 10:29:06 INFO  i.g.m.sanaspace.services.SMedication - 🚀 Fetching single medication... - {id=13cfd5f6-8760-4596-8987-7e5bd49033fe} - 2025-06-11T09:29:06.660075700Z
2025-06-11 10:29:06 DEBUG org.hibernate.SQL - 
    select
        m1_0.id,
        m1_0.benefits,
        m1_0.name,
        m1_0.side_effects 
    from
        medications m1_0 
    where
        m1_0.id=?
2025-06-11 10:29:06 ERROR i.g.m.sanaspace.services.SMedication - ❌ ❌ Medication not found with id: 13cfd5f6-8760-4596-8987-7e5bd49033fe: Medication not found with id: 13cfd5f6-8760-4596-8987-7e5bd49033fe - Request: fetch medication by ID - Took 16ms
Stack: io.github.matthewjacobsd.sanaspace.services.SMedication.lambda$fetchMedicationById$3(SMedication.java:69)
java.base/java.util.Optional.orElseThrow(Optional.java:403)
io.github.matthewjacobsd.sanaspace.services.SMedication.lambda$fetchMedicationById$4(SMedication.java:69)
2025-06-11 10:29:06 ERROR i.g.m.s.controllers.CMedication - ❌ Failed to fetch medication: Medication not found with id: 13cfd5f6-8760-4596-8987-7e5bd49033fe: Medication not found with id: 13cfd5f6-8760-4596-8987-7e5bd49033fe - Request: /api/medications/13cfd5f6-8760-4596-8987-7e5bd49033fe - Took 29ms
Stack: io.github.matthewjacobsd.sanaspace.services.SMedication.lambda$fetchMedicationById$3(SMedication.java:69)
java.base/java.util.Optional.orElseThrow(Optional.java:403)
io.github.matthewjacobsd.sanaspace.services.SMedication.lambda$fetchMedicationById$4(SMedication.java:69)
2025-06-11 10:29:09 INFO  i.g.m.s.controllers.CMedication - 🚀 Saving medication... - {uri=/api/medications, method=POST, name=paracetamol} - 2025-06-11T09:29:09.394964900Z
2025-06-11 10:29:09 INFO  i.g.m.sanaspace.services.SMedication - 🚀 Saving medication... - {name=paracetamol} - 2025-06-11T09:29:09.397975600Z
2025-06-11 10:29:09 INFO  i.g.m.sanaspace.services.SMedication - ✅ ✅ save medication - Took 3ms
2025-06-11 10:29:09 DEBUG org.hibernate.SQL - 
    /* insert for
        io.github.matthewjacobsd.sanaspace.models.Medication */insert 
    into
        medications (benefits, name, side_effects, id) 
    values
        (?, ?, ?, ?)
2025-06-11 10:29:09 INFO  i.g.m.s.controllers.CMedication - ✅ Medication saved successfully - Took 29ms
2025-06-11 10:29:53 INFO  i.g.m.s.controllers.CMedication - 🚀 Fetching medication by ID... - {uri=/api/medications/a2c8b37e-7ec6-47af-b9e6-11acd3b2b7ea, id=a2c8b37e-7ec6-47af-b9e6-11acd3b2b7ea, method=GET} - 2025-06-11T09:29:53.161786700Z
2025-06-11 10:29:53 INFO  i.g.m.sanaspace.services.SMedication - 🚀 Fetching single medication... - {id=a2c8b37e-7ec6-47af-b9e6-11acd3b2b7ea} - 2025-06-11T09:29:53.164810Z
2025-06-11 10:29:53 DEBUG org.hibernate.SQL - 
    select
        m1_0.id,
        m1_0.benefits,
        m1_0.name,
        m1_0.side_effects 
    from
        medications m1_0 
    where
        m1_0.id=?
2025-06-11 10:29:53 INFO  i.g.m.sanaspace.services.SMedication - ✅ ✅ fetch medication by ID - Took 4ms
2025-06-11 10:29:53 INFO  i.g.m.s.controllers.CMedication - ✅ Medication fetched successfully - Took 10ms
2025-06-11 10:30:24 INFO  i.g.m.sanaspace.controllers.CDoctor - 🚀 Fetching doctor by ID... - {uri=/api/doctors/13c70af8-7676-45df-a2ec-252a03424849, id=13c70af8-7676-45df-a2ec-252a03424849, method=GET} - 2025-06-11T09:30:24.442988200Z
2025-06-11 10:30:24 INFO  i.g.m.sanaspace.services.SDoctor - 🚀 Fetching single doctor... - {id=13c70af8-7676-45df-a2ec-252a03424849} - 2025-06-11T09:30:24.446103300Z
2025-06-11 10:30:24 DEBUG org.hibernate.SQL - 
    select
        d1_0.id,
        d1_0.address,
        d1_0.email,
        d1_0.experience,
        d1_0.first_name,
        d1_0.last_name,
        d1_0.specialization 
    from
        doctors d1_0 
    where
        d1_0.id=?
2025-06-11 10:30:24 INFO  i.g.m.sanaspace.services.SDoctor - ✅ ✅ fetch doctor by ID - Took 3ms
2025-06-11 10:30:24 INFO  i.g.m.sanaspace.controllers.CDoctor - ✅ Doctor fetched successfully - Took 11ms
2025-06-11 10:31:52 INFO  i.g.m.s.controllers.CPrescription - 🚀 Fetching prescriptions... - {page=0, method=GET, limit=10, uri=/api/prescriptions} - 2025-06-11T09:31:52.385913900Z
2025-06-11 10:31:52 ERROR i.g.m.s.controllers.CPrescription - ❌ Failed to fetch prescriptions: Page index must not be less than zero: Page index must not be less than zero - Request: /api/prescriptions - Took 2ms
Stack: org.springframework.data.domain.AbstractPageRequest.<init>(AbstractPageRequest.java:46)
org.springframework.data.domain.PageRequest.<init>(PageRequest.java:46)
org.springframework.data.domain.PageRequest.of(PageRequest.java:73)
2025-06-11 10:32:37 INFO  i.g.m.s.controllers.CPrescription - 🚀 Fetching prescriptions... - {page=1, method=GET, limit=10, uri=/api/prescriptions} - 2025-06-11T09:32:37.355074500Z
2025-06-11 10:32:37 INFO  i.g.m.s.services.SPrescription - 🚀 Fetching prescriptions... - {size=10, page=0} - 2025-06-11T09:32:37.366703Z
2025-06-11 10:32:37 DEBUG org.hibernate.SQL - 
    /* <criteria> */ select
        p1_0.id,
        p1_0.comments,
        p1_0.doctor_id,
        p1_0.dosage_amount,
        p1_0.duration,
        p1_0.medication_id,
        p1_0.patient_id,
        p1_0.prescription_date 
    from
        prescriptions p1_0 
    limit
        ?, ?
2025-06-11 10:32:37 DEBUG org.hibernate.SQL - 
    select
        d1_0.id,
        d1_0.address,
        d1_0.email,
        d1_0.experience,
        d1_0.first_name,
        d1_0.last_name,
        d1_0.specialization 
    from
        doctors d1_0 
    where
        d1_0.id=?
2025-06-11 10:32:37 DEBUG org.hibernate.SQL - 
    select
        m1_0.id,
        m1_0.benefits,
        m1_0.name,
        m1_0.side_effects 
    from
        medications m1_0 
    where
        m1_0.id=?
2025-06-11 10:32:37 DEBUG org.hibernate.SQL - 
    select
        p1_0.id,
        p1_0.address,
        p1_0.email,
        p1_0.first_name,
        i1_0.id,
        i1_0.address,
        i1_0.company_name,
        i1_0.phone_number,
        p1_0.patient_insurance,
        p1_0.last_name,
        p1_0.phone_number,
        p1_0.postcode 
    from
        patients p1_0 
    left join
        insurances i1_0 
            on i1_0.id=p1_0.insurance_id 
    where
        p1_0.id=?
2025-06-11 10:32:37 DEBUG org.hibernate.SQL - 
    select
        d1_0.id,
        d1_0.address,
        d1_0.email,
        d1_0.experience,
        d1_0.first_name,
        d1_0.last_name,
        d1_0.specialization 
    from
        doctors d1_0 
    where
        d1_0.id=?
2025-06-11 10:32:37 DEBUG org.hibernate.SQL - 
    select
        m1_0.id,
        m1_0.benefits,
        m1_0.name,
        m1_0.side_effects 
    from
        medications m1_0 
    where
        m1_0.id=?
2025-06-11 10:32:37 DEBUG org.hibernate.SQL - 
    select
        p1_0.id,
        p1_0.address,
        p1_0.email,
        p1_0.first_name,
        i1_0.id,
        i1_0.address,
        i1_0.company_name,
        i1_0.phone_number,
        p1_0.patient_insurance,
        p1_0.last_name,
        p1_0.phone_number,
        p1_0.postcode 
    from
        patients p1_0 
    left join
        insurances i1_0 
            on i1_0.id=p1_0.insurance_id 
    where
        p1_0.id=?
2025-06-11 10:32:37 DEBUG org.hibernate.SQL - 
    select
        d1_0.id,
        d1_0.address,
        d1_0.email,
        d1_0.experience,
        d1_0.first_name,
        d1_0.last_name,
        d1_0.specialization 
    from
        doctors d1_0 
    where
        d1_0.id=?
2025-06-11 10:32:37 DEBUG org.hibernate.SQL - 
    select
        m1_0.id,
        m1_0.benefits,
        m1_0.name,
        m1_0.side_effects 
    from
        medications m1_0 
    where
        m1_0.id=?
2025-06-11 10:32:37 DEBUG org.hibernate.SQL - 
    select
        p1_0.id,
        p1_0.address,
        p1_0.email,
        p1_0.first_name,
        i1_0.id,
        i1_0.address,
        i1_0.company_name,
        i1_0.phone_number,
        p1_0.patient_insurance,
        p1_0.last_name,
        p1_0.phone_number,
        p1_0.postcode 
    from
        patients p1_0 
    left join
        insurances i1_0 
            on i1_0.id=p1_0.insurance_id 
    where
        p1_0.id=?
2025-06-11 10:32:37 DEBUG org.hibernate.SQL - 
    select
        d1_0.id,
        d1_0.address,
        d1_0.email,
        d1_0.experience,
        d1_0.first_name,
        d1_0.last_name,
        d1_0.specialization 
    from
        doctors d1_0 
    where
        d1_0.id=?
2025-06-11 10:32:37 DEBUG org.hibernate.SQL - 
    select
        m1_0.id,
        m1_0.benefits,
        m1_0.name,
        m1_0.side_effects 
    from
        medications m1_0 
    where
        m1_0.id=?
2025-06-11 10:32:37 DEBUG org.hibernate.SQL - 
    select
        p1_0.id,
        p1_0.address,
        p1_0.email,
        p1_0.first_name,
        i1_0.id,
        i1_0.address,
        i1_0.company_name,
        i1_0.phone_number,
        p1_0.patient_insurance,
        p1_0.last_name,
        p1_0.phone_number,
        p1_0.postcode 
    from
        patients p1_0 
    left join
        insurances i1_0 
            on i1_0.id=p1_0.insurance_id 
    where
        p1_0.id=?
2025-06-11 10:32:37 DEBUG org.hibernate.SQL - 
    select
        d1_0.id,
        d1_0.address,
        d1_0.email,
        d1_0.experience,
        d1_0.first_name,
        d1_0.last_name,
        d1_0.specialization 
    from
        doctors d1_0 
    where
        d1_0.id=?
2025-06-11 10:32:37 DEBUG org.hibernate.SQL - 
    select
        p1_0.id,
        p1_0.address,
        p1_0.email,
        p1_0.first_name,
        i1_0.id,
        i1_0.address,
        i1_0.company_name,
        i1_0.phone_number,
        p1_0.patient_insurance,
        p1_0.last_name,
        p1_0.phone_number,
        p1_0.postcode 
    from
        patients p1_0 
    left join
        insurances i1_0 
            on i1_0.id=p1_0.insurance_id 
    where
        p1_0.id=?
2025-06-11 10:32:37 DEBUG org.hibernate.SQL - 
    select
        d1_0.id,
        d1_0.address,
        d1_0.email,
        d1_0.experience,
        d1_0.first_name,
        d1_0.last_name,
        d1_0.specialization 
    from
        doctors d1_0 
    where
        d1_0.id=?
2025-06-11 10:32:37 DEBUG org.hibernate.SQL - 
    select
        m1_0.id,
        m1_0.benefits,
        m1_0.name,
        m1_0.side_effects 
    from
        medications m1_0 
    where
        m1_0.id=?
2025-06-11 10:32:37 DEBUG org.hibernate.SQL - 
    select
        p1_0.id,
        p1_0.address,
        p1_0.email,
        p1_0.first_name,
        i1_0.id,
        i1_0.address,
        i1_0.company_name,
        i1_0.phone_number,
        p1_0.patient_insurance,
        p1_0.last_name,
        p1_0.phone_number,
        p1_0.postcode 
    from
        patients p1_0 
    left join
        insurances i1_0 
            on i1_0.id=p1_0.insurance_id 
    where
        p1_0.id=?
2025-06-11 10:32:37 DEBUG org.hibernate.SQL - 
    select
        m1_0.id,
        m1_0.benefits,
        m1_0.name,
        m1_0.side_effects 
    from
        medications m1_0 
    where
        m1_0.id=?
2025-06-11 10:32:37 DEBUG org.hibernate.SQL - 
    select
        p1_0.id,
        p1_0.address,
        p1_0.email,
        p1_0.first_name,
        i1_0.id,
        i1_0.address,
        i1_0.company_name,
        i1_0.phone_number,
        p1_0.patient_insurance,
        p1_0.last_name,
        p1_0.phone_number,
        p1_0.postcode 
    from
        patients p1_0 
    left join
        insurances i1_0 
            on i1_0.id=p1_0.insurance_id 
    where
        p1_0.id=?
2025-06-11 10:32:37 DEBUG org.hibernate.SQL - 
    select
        d1_0.id,
        d1_0.address,
        d1_0.email,
        d1_0.experience,
        d1_0.first_name,
        d1_0.last_name,
        d1_0.specialization 
    from
        doctors d1_0 
    where
        d1_0.id=?
2025-06-11 10:32:37 DEBUG org.hibernate.SQL - 
    select
        m1_0.id,
        m1_0.benefits,
        m1_0.name,
        m1_0.side_effects 
    from
        medications m1_0 
    where
        m1_0.id=?
2025-06-11 10:32:37 DEBUG org.hibernate.SQL - 
    select
        p1_0.id,
        p1_0.address,
        p1_0.email,
        p1_0.first_name,
        i1_0.id,
        i1_0.address,
        i1_0.company_name,
        i1_0.phone_number,
        p1_0.patient_insurance,
        p1_0.last_name,
        p1_0.phone_number,
        p1_0.postcode 
    from
        patients p1_0 
    left join
        insurances i1_0 
            on i1_0.id=p1_0.insurance_id 
    where
        p1_0.id=?
2025-06-11 10:32:37 DEBUG org.hibernate.SQL - 
    select
        p1_0.id,
        p1_0.address,
        p1_0.email,
        p1_0.first_name,
        i1_0.id,
        i1_0.address,
        i1_0.company_name,
        i1_0.phone_number,
        p1_0.patient_insurance,
        p1_0.last_name,
        p1_0.phone_number,
        p1_0.postcode 
    from
        patients p1_0 
    left join
        insurances i1_0 
            on i1_0.id=p1_0.insurance_id 
    where
        p1_0.id=?
2025-06-11 10:32:37 DEBUG org.hibernate.SQL - 
    select
        m1_0.id,
        m1_0.benefits,
        m1_0.name,
        m1_0.side_effects 
    from
        medications m1_0 
    where
        m1_0.id=?
2025-06-11 10:32:37 DEBUG org.hibernate.SQL - 
    /* <criteria> */ select
        count(p1_0.id) 
    from
        prescriptions p1_0
2025-06-11 10:32:37 INFO  i.g.m.s.services.SPrescription - ✅ ✅ fetch all prescriptions - Took 97ms
2025-06-11 10:32:37 INFO  i.g.m.s.controllers.CPrescription - ✅ Prescriptions fetched successfully - Took 111ms
2025-06-11 10:33:12 INFO  i.g.m.s.controllers.CPrescription - 🚀 Fetching prescription by ID... - {uri=/api/prescriptions/9334f375-89cd-4a5c-97c5-0ab725a72bf9, id=9334f375-89cd-4a5c-97c5-0ab725a72bf9, method=GET} - 2025-06-11T09:33:12.547420100Z
2025-06-11 10:33:12 INFO  i.g.m.s.services.SPrescription - 🚀 Fetching single prescription... - {id=9334f375-89cd-4a5c-97c5-0ab725a72bf9} - 2025-06-11T09:33:12.557914300Z
2025-06-11 10:33:12 DEBUG org.hibernate.SQL - 
    select
        p1_0.id,
        p1_0.comments,
        d1_0.id,
        d1_0.address,
        d1_0.email,
        d1_0.experience,
        d1_0.first_name,
        d1_0.last_name,
        d1_0.specialization,
        p1_0.dosage_amount,
        p1_0.duration,
        m1_0.id,
        m1_0.benefits,
        m1_0.name,
        m1_0.side_effects,
        p2_0.id,
        p2_0.address,
        p2_0.email,
        p2_0.first_name,
        i1_0.id,
        i1_0.address,
        i1_0.company_name,
        i1_0.phone_number,
        p2_0.patient_insurance,
        p2_0.last_name,
        p2_0.phone_number,
        p2_0.postcode,
        p1_0.prescription_date 
    from
        prescriptions p1_0 
    left join
        doctors d1_0 
            on d1_0.id=p1_0.doctor_id 
    left join
        medications m1_0 
            on m1_0.id=p1_0.medication_id 
    left join
        patients p2_0 
            on p2_0.id=p1_0.patient_id 
    left join
        insurances i1_0 
            on i1_0.id=p2_0.insurance_id 
    where
        p1_0.id=?
2025-06-11 10:33:12 ERROR i.g.m.s.services.SPrescription - ❌ ❌ Prescription not found with id: 9334f375-89cd-4a5c-97c5-0ab725a72bf9: Prescription not found with id: 9334f375-89cd-4a5c-97c5-0ab725a72bf9 - Request: fetch prescription by ID - Took 13ms
Stack: io.github.matthewjacobsd.sanaspace.services.SPrescription.lambda$fetchPrescriptionById$3(SPrescription.java:70)
java.base/java.util.Optional.orElseThrow(Optional.java:403)
io.github.matthewjacobsd.sanaspace.services.SPrescription.lambda$fetchPrescriptionById$4(SPrescription.java:70)
2025-06-11 10:33:12 ERROR i.g.m.s.controllers.CPrescription - ❌ Failed to fetch prescription: Prescription not found with id: 9334f375-89cd-4a5c-97c5-0ab725a72bf9: Prescription not found with id: 9334f375-89cd-4a5c-97c5-0ab725a72bf9 - Request: /api/prescriptions/9334f375-89cd-4a5c-97c5-0ab725a72bf9 - Took 25ms
Stack: io.github.matthewjacobsd.sanaspace.services.SPrescription.lambda$fetchPrescriptionById$3(SPrescription.java:70)
java.base/java.util.Optional.orElseThrow(Optional.java:403)
io.github.matthewjacobsd.sanaspace.services.SPrescription.lambda$fetchPrescriptionById$4(SPrescription.java:70)
2025-06-11 10:33:20 WARN  o.s.w.s.m.m.a.ExceptionHandlerExceptionResolver - Resolved [org.springframework.web.bind.MethodArgumentNotValidException: Validation failed for argument [0] in public org.springframework.http.ResponseEntity<io.github.matthewjacobsd.sanaspace.utils.ApiResponseUtil<io.github.matthewjacobsd.sanaspace.models.Prescription>> io.github.matthewjacobsd.sanaspace.controllers.CPrescription.createPrescription(io.github.matthewjacobsd.sanaspace.models.Prescription): [Field error in object 'prescription' on field 'dosage': rejected value [0]; codes [Min.prescription.dosage,Min.dosage,Min.int,Min]; arguments [org.springframework.context.support.DefaultMessageSourceResolvable: codes [prescription.dosage,dosage]; arguments []; default message [dosage],1]; default message [must be greater than or equal to 1]] ]
2025-06-11 10:34:46 WARN  o.s.w.s.m.m.a.ExceptionHandlerExceptionResolver - Resolved [org.springframework.web.bind.MethodArgumentNotValidException: Validation failed for argument [0] in public org.springframework.http.ResponseEntity<io.github.matthewjacobsd.sanaspace.utils.ApiResponseUtil<io.github.matthewjacobsd.sanaspace.models.Prescription>> io.github.matthewjacobsd.sanaspace.controllers.CPrescription.createPrescription(io.github.matthewjacobsd.sanaspace.models.Prescription): [Field error in object 'prescription' on field 'dosage': rejected value [500]; codes [Max.prescription.dosage,Max.dosage,Max.int,Max]; arguments [org.springframework.context.support.DefaultMessageSourceResolvable: codes [prescription.dosage,dosage]; arguments []; default message [dosage],50]; default message [must be less than or equal to 50]] ]
2025-06-11 10:35:05 INFO  i.g.m.s.controllers.CPrescription - 🚀 Saving prescription... - {dosage=50, prescriptionDate=2025-05-20, method=POST, uri=/api/prescriptions} - 2025-06-11T09:35:05.063045Z
2025-06-11 10:35:05 INFO  i.g.m.s.services.SPrescription - 🚀 Saving prescription... - {prescriptionDate=2025-05-20, dosage=50} - 2025-06-11T09:35:05.071364800Z
2025-06-11 10:35:05 INFO  i.g.m.s.services.SPrescription - ✅ ✅ save prescription - Took 7ms
2025-06-11 10:35:05 DEBUG org.hibernate.SQL - 
    /* insert for
        io.github.matthewjacobsd.sanaspace.models.Prescription */insert 
    into
        prescriptions (comments, doctor_id, dosage_amount, duration, medication_id, patient_id, prescription_date, id) 
    values
        (?, ?, ?, ?, ?, ?, ?, ?)
2025-06-11 10:35:05 WARN  o.m.jdbc.message.server.ErrorPacket - Error: 1364-HY000: Field 'is_prescribed' doesn't have a default value
2025-06-11 10:35:05 WARN  o.h.e.jdbc.spi.SqlExceptionHelper - SQL Error: 1364, SQLState: HY000
2025-06-11 10:35:05 ERROR o.h.e.jdbc.spi.SqlExceptionHelper - (conn=1690) Field 'is_prescribed' doesn't have a default value
2025-06-11 10:35:05 ERROR i.g.m.s.controllers.CPrescription - ❌ Failed to save prescription: could not execute statement [(conn=1690) Field 'is_prescribed' doesn't have a default value] [/* insert for io.github.matthewjacobsd.sanaspace.models.Prescription */insert into prescriptions (comments,doctor_id,dosage_amount,duration,medication_id,patient_id,prescription_date,id) values (?,?,?,?,?,?,?,?)]: could not execute statement [(conn=1690) Field 'is_prescribed' doesn't have a default value] [/* insert for io.github.matthewjacobsd.sanaspace.models.Prescription */insert into prescriptions (comments,doctor_id,dosage_amount,duration,medication_id,patient_id,prescription_date,id) values (?,?,?,?,?,?,?,?)] - Request: /api/prescriptions - Took 140ms
Stack: org.springframework.orm.jpa.vendor.HibernateJpaDialect.convertHibernateAccessException(HibernateJpaDialect.java:348)
org.springframework.orm.jpa.vendor.HibernateJpaDialect.convertHibernateAccessException(HibernateJpaDialect.java:256)
org.springframework.orm.jpa.vendor.HibernateJpaDialect.translateExceptionIfPossible(HibernateJpaDialect.java:241)
2025-06-11 10:35:55 INFO  i.g.m.s.controllers.CPrescription - 🚀 Fetching prescription by ID... - {uri=/api/prescriptions/9334f375-89cd-4a5c-97c5-0ab725a72bf9, id=9334f375-89cd-4a5c-97c5-0ab725a72bf9, method=GET} - 2025-06-11T09:35:55.016650Z
2025-06-11 10:35:55 INFO  i.g.m.s.services.SPrescription - 🚀 Fetching single prescription... - {id=9334f375-89cd-4a5c-97c5-0ab725a72bf9} - 2025-06-11T09:35:55.019962200Z
2025-06-11 10:35:55 DEBUG org.hibernate.SQL - 
    select
        p1_0.id,
        p1_0.comments,
        d1_0.id,
        d1_0.address,
        d1_0.email,
        d1_0.experience,
        d1_0.first_name,
        d1_0.last_name,
        d1_0.specialization,
        p1_0.dosage_amount,
        p1_0.duration,
        m1_0.id,
        m1_0.benefits,
        m1_0.name,
        m1_0.side_effects,
        p2_0.id,
        p2_0.address,
        p2_0.email,
        p2_0.first_name,
        i1_0.id,
        i1_0.address,
        i1_0.company_name,
        i1_0.phone_number,
        p2_0.patient_insurance,
        p2_0.last_name,
        p2_0.phone_number,
        p2_0.postcode,
        p1_0.prescription_date 
    from
        prescriptions p1_0 
    left join
        doctors d1_0 
            on d1_0.id=p1_0.doctor_id 
    left join
        medications m1_0 
            on m1_0.id=p1_0.medication_id 
    left join
        patients p2_0 
            on p2_0.id=p1_0.patient_id 
    left join
        insurances i1_0 
            on i1_0.id=p2_0.insurance_id 
    where
        p1_0.id=?
2025-06-11 10:35:55 ERROR i.g.m.s.services.SPrescription - ❌ ❌ Prescription not found with id: 9334f375-89cd-4a5c-97c5-0ab725a72bf9: Prescription not found with id: 9334f375-89cd-4a5c-97c5-0ab725a72bf9 - Request: fetch prescription by ID - Took 6ms
Stack: io.github.matthewjacobsd.sanaspace.services.SPrescription.lambda$fetchPrescriptionById$3(SPrescription.java:70)
java.base/java.util.Optional.orElseThrow(Optional.java:403)
io.github.matthewjacobsd.sanaspace.services.SPrescription.lambda$fetchPrescriptionById$4(SPrescription.java:70)
2025-06-11 10:35:55 ERROR i.g.m.s.controllers.CPrescription - ❌ Failed to fetch prescription: Prescription not found with id: 9334f375-89cd-4a5c-97c5-0ab725a72bf9: Prescription not found with id: 9334f375-89cd-4a5c-97c5-0ab725a72bf9 - Request: /api/prescriptions/9334f375-89cd-4a5c-97c5-0ab725a72bf9 - Took 12ms
Stack: io.github.matthewjacobsd.sanaspace.services.SPrescription.lambda$fetchPrescriptionById$3(SPrescription.java:70)
java.base/java.util.Optional.orElseThrow(Optional.java:403)
io.github.matthewjacobsd.sanaspace.services.SPrescription.lambda$fetchPrescriptionById$4(SPrescription.java:70)
2025-06-11 10:36:02 INFO  i.g.m.s.controllers.CPrescription - 🚀 Fetching prescriptions... - {page=1, method=GET, limit=10, uri=/api/prescriptions} - 2025-06-11T09:36:02.539520500Z
2025-06-11 10:36:02 INFO  i.g.m.s.services.SPrescription - 🚀 Fetching prescriptions... - {size=10, page=0} - 2025-06-11T09:36:02.541827300Z
2025-06-11 10:36:02 DEBUG org.hibernate.SQL - 
    /* <criteria> */ select
        p1_0.id,
        p1_0.comments,
        p1_0.doctor_id,
        p1_0.dosage_amount,
        p1_0.duration,
        p1_0.medication_id,
        p1_0.patient_id,
        p1_0.prescription_date 
    from
        prescriptions p1_0 
    limit
        ?, ?
2025-06-11 10:36:02 DEBUG org.hibernate.SQL - 
    select
        d1_0.id,
        d1_0.address,
        d1_0.email,
        d1_0.experience,
        d1_0.first_name,
        d1_0.last_name,
        d1_0.specialization 
    from
        doctors d1_0 
    where
        d1_0.id=?
2025-06-11 10:36:02 DEBUG org.hibernate.SQL - 
    select
        m1_0.id,
        m1_0.benefits,
        m1_0.name,
        m1_0.side_effects 
    from
        medications m1_0 
    where
        m1_0.id=?
2025-06-11 10:36:02 DEBUG org.hibernate.SQL - 
    select
        p1_0.id,
        p1_0.address,
        p1_0.email,
        p1_0.first_name,
        i1_0.id,
        i1_0.address,
        i1_0.company_name,
        i1_0.phone_number,
        p1_0.patient_insurance,
        p1_0.last_name,
        p1_0.phone_number,
        p1_0.postcode 
    from
        patients p1_0 
    left join
        insurances i1_0 
            on i1_0.id=p1_0.insurance_id 
    where
        p1_0.id=?
2025-06-11 10:36:02 DEBUG org.hibernate.SQL - 
    select
        d1_0.id,
        d1_0.address,
        d1_0.email,
        d1_0.experience,
        d1_0.first_name,
        d1_0.last_name,
        d1_0.specialization 
    from
        doctors d1_0 
    where
        d1_0.id=?
2025-06-11 10:36:02 DEBUG org.hibernate.SQL - 
    select
        m1_0.id,
        m1_0.benefits,
        m1_0.name,
        m1_0.side_effects 
    from
        medications m1_0 
    where
        m1_0.id=?
2025-06-11 10:36:02 DEBUG org.hibernate.SQL - 
    select
        p1_0.id,
        p1_0.address,
        p1_0.email,
        p1_0.first_name,
        i1_0.id,
        i1_0.address,
        i1_0.company_name,
        i1_0.phone_number,
        p1_0.patient_insurance,
        p1_0.last_name,
        p1_0.phone_number,
        p1_0.postcode 
    from
        patients p1_0 
    left join
        insurances i1_0 
            on i1_0.id=p1_0.insurance_id 
    where
        p1_0.id=?
2025-06-11 10:36:02 DEBUG org.hibernate.SQL - 
    select
        d1_0.id,
        d1_0.address,
        d1_0.email,
        d1_0.experience,
        d1_0.first_name,
        d1_0.last_name,
        d1_0.specialization 
    from
        doctors d1_0 
    where
        d1_0.id=?
2025-06-11 10:36:02 DEBUG org.hibernate.SQL - 
    select
        m1_0.id,
        m1_0.benefits,
        m1_0.name,
        m1_0.side_effects 
    from
        medications m1_0 
    where
        m1_0.id=?
2025-06-11 10:36:02 DEBUG org.hibernate.SQL - 
    select
        p1_0.id,
        p1_0.address,
        p1_0.email,
        p1_0.first_name,
        i1_0.id,
        i1_0.address,
        i1_0.company_name,
        i1_0.phone_number,
        p1_0.patient_insurance,
        p1_0.last_name,
        p1_0.phone_number,
        p1_0.postcode 
    from
        patients p1_0 
    left join
        insurances i1_0 
            on i1_0.id=p1_0.insurance_id 
    where
        p1_0.id=?
2025-06-11 10:36:02 DEBUG org.hibernate.SQL - 
    select
        d1_0.id,
        d1_0.address,
        d1_0.email,
        d1_0.experience,
        d1_0.first_name,
        d1_0.last_name,
        d1_0.specialization 
    from
        doctors d1_0 
    where
        d1_0.id=?
2025-06-11 10:36:02 DEBUG org.hibernate.SQL - 
    select
        m1_0.id,
        m1_0.benefits,
        m1_0.name,
        m1_0.side_effects 
    from
        medications m1_0 
    where
        m1_0.id=?
2025-06-11 10:36:02 DEBUG org.hibernate.SQL - 
    select
        p1_0.id,
        p1_0.address,
        p1_0.email,
        p1_0.first_name,
        i1_0.id,
        i1_0.address,
        i1_0.company_name,
        i1_0.phone_number,
        p1_0.patient_insurance,
        p1_0.last_name,
        p1_0.phone_number,
        p1_0.postcode 
    from
        patients p1_0 
    left join
        insurances i1_0 
            on i1_0.id=p1_0.insurance_id 
    where
        p1_0.id=?
2025-06-11 10:36:02 DEBUG org.hibernate.SQL - 
    select
        d1_0.id,
        d1_0.address,
        d1_0.email,
        d1_0.experience,
        d1_0.first_name,
        d1_0.last_name,
        d1_0.specialization 
    from
        doctors d1_0 
    where
        d1_0.id=?
2025-06-11 10:36:02 DEBUG org.hibernate.SQL - 
    select
        p1_0.id,
        p1_0.address,
        p1_0.email,
        p1_0.first_name,
        i1_0.id,
        i1_0.address,
        i1_0.company_name,
        i1_0.phone_number,
        p1_0.patient_insurance,
        p1_0.last_name,
        p1_0.phone_number,
        p1_0.postcode 
    from
        patients p1_0 
    left join
        insurances i1_0 
            on i1_0.id=p1_0.insurance_id 
    where
        p1_0.id=?
2025-06-11 10:36:02 DEBUG org.hibernate.SQL - 
    select
        d1_0.id,
        d1_0.address,
        d1_0.email,
        d1_0.experience,
        d1_0.first_name,
        d1_0.last_name,
        d1_0.specialization 
    from
        doctors d1_0 
    where
        d1_0.id=?
2025-06-11 10:36:02 DEBUG org.hibernate.SQL - 
    select
        m1_0.id,
        m1_0.benefits,
        m1_0.name,
        m1_0.side_effects 
    from
        medications m1_0 
    where
        m1_0.id=?
2025-06-11 10:36:02 DEBUG org.hibernate.SQL - 
    select
        p1_0.id,
        p1_0.address,
        p1_0.email,
        p1_0.first_name,
        i1_0.id,
        i1_0.address,
        i1_0.company_name,
        i1_0.phone_number,
        p1_0.patient_insurance,
        p1_0.last_name,
        p1_0.phone_number,
        p1_0.postcode 
    from
        patients p1_0 
    left join
        insurances i1_0 
            on i1_0.id=p1_0.insurance_id 
    where
        p1_0.id=?
2025-06-11 10:36:02 DEBUG org.hibernate.SQL - 
    select
        m1_0.id,
        m1_0.benefits,
        m1_0.name,
        m1_0.side_effects 
    from
        medications m1_0 
    where
        m1_0.id=?
2025-06-11 10:36:02 DEBUG org.hibernate.SQL - 
    select
        p1_0.id,
        p1_0.address,
        p1_0.email,
        p1_0.first_name,
        i1_0.id,
        i1_0.address,
        i1_0.company_name,
        i1_0.phone_number,
        p1_0.patient_insurance,
        p1_0.last_name,
        p1_0.phone_number,
        p1_0.postcode 
    from
        patients p1_0 
    left join
        insurances i1_0 
            on i1_0.id=p1_0.insurance_id 
    where
        p1_0.id=?
2025-06-11 10:36:02 DEBUG org.hibernate.SQL - 
    select
        d1_0.id,
        d1_0.address,
        d1_0.email,
        d1_0.experience,
        d1_0.first_name,
        d1_0.last_name,
        d1_0.specialization 
    from
        doctors d1_0 
    where
        d1_0.id=?
2025-06-11 10:36:02 DEBUG org.hibernate.SQL - 
    select
        m1_0.id,
        m1_0.benefits,
        m1_0.name,
        m1_0.side_effects 
    from
        medications m1_0 
    where
        m1_0.id=?
2025-06-11 10:36:02 DEBUG org.hibernate.SQL - 
    select
        p1_0.id,
        p1_0.address,
        p1_0.email,
        p1_0.first_name,
        i1_0.id,
        i1_0.address,
        i1_0.company_name,
        i1_0.phone_number,
        p1_0.patient_insurance,
        p1_0.last_name,
        p1_0.phone_number,
        p1_0.postcode 
    from
        patients p1_0 
    left join
        insurances i1_0 
            on i1_0.id=p1_0.insurance_id 
    where
        p1_0.id=?
2025-06-11 10:36:02 DEBUG org.hibernate.SQL - 
    select
        p1_0.id,
        p1_0.address,
        p1_0.email,
        p1_0.first_name,
        i1_0.id,
        i1_0.address,
        i1_0.company_name,
        i1_0.phone_number,
        p1_0.patient_insurance,
        p1_0.last_name,
        p1_0.phone_number,
        p1_0.postcode 
    from
        patients p1_0 
    left join
        insurances i1_0 
            on i1_0.id=p1_0.insurance_id 
    where
        p1_0.id=?
2025-06-11 10:36:02 DEBUG org.hibernate.SQL - 
    select
        m1_0.id,
        m1_0.benefits,
        m1_0.name,
        m1_0.side_effects 
    from
        medications m1_0 
    where
        m1_0.id=?
2025-06-11 10:36:02 DEBUG org.hibernate.SQL - 
    /* <criteria> */ select
        count(p1_0.id) 
    from
        prescriptions p1_0
2025-06-11 10:36:02 INFO  i.g.m.s.services.SPrescription - ✅ ✅ fetch all prescriptions - Took 95ms
2025-06-11 10:36:02 INFO  i.g.m.s.controllers.CPrescription - ✅ Prescriptions fetched successfully - Took 105ms
2025-06-11 10:39:18 INFO  i.g.m.s.DoctorControllerTests - Starting DoctorControllerTests using Java 21.0.7 with PID 12344 (started by emerd in C:\Users\emerd\Code\sanaspace)
2025-06-11 10:39:18 INFO  i.g.m.s.DoctorControllerTests - No active profile set, falling back to 1 default profile: "default"
2025-06-11 10:39:24 INFO  o.s.d.r.c.RepositoryConfigurationDelegate - Bootstrapping Spring Data JPA repositories in DEFAULT mode.
2025-06-11 10:39:25 INFO  o.s.d.r.c.RepositoryConfigurationDelegate - Finished Spring Data repository scanning in 514 ms. Found 6 JPA repository interfaces.
2025-06-11 10:39:28 INFO  o.h.jpa.internal.util.LogHelper - HHH000204: Processing PersistenceUnitInfo [name: default]
2025-06-11 10:39:29 INFO  org.hibernate.Version - HHH000412: Hibernate ORM core version 6.6.15.Final
2025-06-11 10:39:29 INFO  o.h.c.i.RegionFactoryInitiator - HHH000026: Second-level cache disabled
2025-06-11 10:39:31 INFO  o.s.o.j.p.SpringPersistenceUnitInfo - No LoadTimeWeaver setup: ignoring JPA class transformer
2025-06-11 10:39:31 INFO  com.zaxxer.hikari.HikariDataSource - HikariPool-1 - Starting...
2025-06-11 10:39:32 INFO  com.zaxxer.hikari.pool.HikariPool - HikariPool-1 - Added connection org.mariadb.jdbc.Connection@1edac3b4
2025-06-11 10:39:32 INFO  com.zaxxer.hikari.HikariDataSource - HikariPool-1 - Start completed.
2025-06-11 10:39:32 INFO  o.hibernate.orm.connections.pooling - HHH10001005: Database info:
	Database JDBC URL [Connecting through datasource 'HikariDataSource (HikariPool-1)']
	Database driver: undefined/unknown
	Database version: 11.7.2
	Autocommit mode: undefined/unknown
	Isolation level: undefined/unknown
	Minimum pool size: undefined/unknown
	Maximum pool size: undefined/unknown
2025-06-11 10:39:36 INFO  i.g.m.sanaspace.SanaspaceApplication - Starting SanaspaceApplication using Java 21.0.7 with PID 28372 (C:\Users\emerd\Code\sanaspace\build\classes\java\main started by emerd in C:\Users\emerd\Code\sanaspace)
2025-06-11 10:39:37 INFO  i.g.m.sanaspace.SanaspaceApplication - No active profile set, falling back to 1 default profile: "default"
2025-06-11 10:39:37 INFO  o.s.b.d.e.DevToolsPropertyDefaultsPostProcessor - Devtools property defaults active! Set 'spring.devtools.add-properties' to 'false' to disable
2025-06-11 10:39:37 INFO  o.s.b.d.e.DevToolsPropertyDefaultsPostProcessor - For additional web related logging consider setting the 'logging.level.web' property to 'DEBUG'
2025-06-11 10:39:39 INFO  o.h.e.t.j.p.i.JtaPlatformInitiator - HHH000489: No JTA platform available (set 'hibernate.transaction.jta.platform' to enable JTA platform integration)
2025-06-11 10:39:39 DEBUG org.hibernate.SQL - 
    alter table if exists visits 
       modify column symptoms varchar(50)
2025-06-11 10:39:39 WARN  o.m.jdbc.message.server.ErrorPacket - Error: 1406-22001: Data too long for column 'symptoms' at row 1
2025-06-11 10:39:39 WARN  o.h.t.s.i.ExceptionHandlerLoggedImpl - GenerationTarget encountered exception accepting command : Error executing DDL "
    alter table if exists visits 
       modify column symptoms varchar(50)" via JDBC [(conn=1701) Data too long for column 'symptoms' at row 1]
org.hibernate.tool.schema.spi.CommandAcceptanceException: Error executing DDL "
    alter table if exists visits 
       modify column symptoms varchar(50)" via JDBC [(conn=1701) Data too long for column 'symptoms' at row 1]
	at org.hibernate.tool.schema.internal.exec.GenerationTargetToDatabase.accept(GenerationTargetToDatabase.java:94)
	at org.hibernate.tool.schema.internal.AbstractSchemaMigrator.applySqlString(AbstractSchemaMigrator.java:576)
	at org.hibernate.tool.schema.internal.AbstractSchemaMigrator.applySqlStrings(AbstractSchemaMigrator.java:516)
	at org.hibernate.tool.schema.internal.AbstractSchemaMigrator.migrateTable(AbstractSchemaMigrator.java:334)
	at org.hibernate.tool.schema.internal.GroupedSchemaMigratorImpl.performTablesMigration(GroupedSchemaMigratorImpl.java:84)
	at org.hibernate.tool.schema.internal.AbstractSchemaMigrator.performMigration(AbstractSchemaMigrator.java:233)
	at org.hibernate.tool.schema.internal.AbstractSchemaMigrator.doMigration(AbstractSchemaMigrator.java:112)
	at org.hibernate.tool.schema.spi.SchemaManagementToolCoordinator.performDatabaseAction(SchemaManagementToolCoordinator.java:280)
	at org.hibernate.tool.schema.spi.SchemaManagementToolCoordinator.lambda$process$5(SchemaManagementToolCoordinator.java:144)
	at java.base/java.util.HashMap.forEach(HashMap.java:1429)
	at org.hibernate.tool.schema.spi.SchemaManagementToolCoordinator.process(SchemaManagementToolCoordinator.java:141)
	at org.hibernate.boot.internal.SessionFactoryObserverForSchemaExport.sessionFactoryCreated(SessionFactoryObserverForSchemaExport.java:37)
	at org.hibernate.internal.SessionFactoryObserverChain.sessionFactoryCreated(SessionFactoryObserverChain.java:35)
	at org.hibernate.internal.SessionFactoryImpl.<init>(SessionFactoryImpl.java:324)
	at org.hibernate.boot.internal.SessionFactoryBuilderImpl.build(SessionFactoryBuilderImpl.java:463)
	at org.hibernate.jpa.boot.internal.EntityManagerFactoryBuilderImpl.build(EntityManagerFactoryBuilderImpl.java:1517)
	at org.springframework.orm.jpa.vendor.SpringHibernateJpaPersistenceProvider.createContainerEntityManagerFactory(SpringHibernateJpaPersistenceProvider.java:66)
	at org.springframework.orm.jpa.LocalContainerEntityManagerFactoryBean.createNativeEntityManagerFactory(LocalContainerEntityManagerFactoryBean.java:390)
	at org.springframework.orm.jpa.AbstractEntityManagerFactoryBean.buildNativeEntityManagerFactory(AbstractEntityManagerFactoryBean.java:419)
	at org.springframework.orm.jpa.AbstractEntityManagerFactoryBean.afterPropertiesSet(AbstractEntityManagerFactoryBean.java:400)
	at org.springframework.orm.jpa.LocalContainerEntityManagerFactoryBean.afterPropertiesSet(LocalContainerEntityManagerFactoryBean.java:366)
	at org.springframework.beans.factory.support.AbstractAutowireCapableBeanFactory.invokeInitMethods(AbstractAutowireCapableBeanFactory.java:1873)
	at org.springframework.beans.factory.support.AbstractAutowireCapableBeanFactory.initializeBean(AbstractAutowireCapableBeanFactory.java:1822)
	at org.springframework.beans.factory.support.AbstractAutowireCapableBeanFactory.doCreateBean(AbstractAutowireCapableBeanFactory.java:607)
	at org.springframework.beans.factory.support.AbstractAutowireCapableBeanFactory.createBean(AbstractAutowireCapableBeanFactory.java:529)
	at org.springframework.beans.factory.support.AbstractBeanFactory.lambda$doGetBean$0(AbstractBeanFactory.java:339)
	at org.springframework.beans.factory.support.DefaultSingletonBeanRegistry.getSingleton(DefaultSingletonBeanRegistry.java:373)
	at org.springframework.beans.factory.support.AbstractBeanFactory.doGetBean(AbstractBeanFactory.java:337)
	at org.springframework.beans.factory.support.AbstractBeanFactory.getBean(AbstractBeanFactory.java:207)
	at org.springframework.context.support.AbstractApplicationContext.finishBeanFactoryInitialization(AbstractApplicationContext.java:970)
	at org.springframework.context.support.AbstractApplicationContext.refresh(AbstractApplicationContext.java:627)
	at org.springframework.boot.SpringApplication.refresh(SpringApplication.java:753)
	at org.springframework.boot.SpringApplication.refreshContext(SpringApplication.java:439)
	at org.springframework.boot.SpringApplication.run(SpringApplication.java:318)
	at org.springframework.boot.test.context.SpringBootContextLoader.lambda$loadContext$3(SpringBootContextLoader.java:144)
	at org.springframework.util.function.ThrowingSupplier.get(ThrowingSupplier.java:58)
	at org.springframework.util.function.ThrowingSupplier.get(ThrowingSupplier.java:46)
	at org.springframework.boot.SpringApplication.withHook(SpringApplication.java:1462)
	at org.springframework.boot.test.context.SpringBootContextLoader$ContextLoaderHook.run(SpringBootContextLoader.java:563)
	at org.springframework.boot.test.context.SpringBootContextLoader.loadContext(SpringBootContextLoader.java:144)
	at org.springframework.boot.test.context.SpringBootContextLoader.loadContext(SpringBootContextLoader.java:110)
	at org.springframework.test.context.cache.DefaultCacheAwareContextLoaderDelegate.loadContextInternal(DefaultCacheAwareContextLoaderDelegate.java:225)
	at org.springframework.test.context.cache.DefaultCacheAwareContextLoaderDelegate.loadContext(DefaultCacheAwareContextLoaderDelegate.java:152)
	at org.springframework.test.context.support.DefaultTestContext.getApplicationContext(DefaultTestContext.java:130)
	at org.springframework.test.context.web.ServletTestExecutionListener.setUpRequestContextIfNecessary(ServletTestExecutionListener.java:200)
	at org.springframework.test.context.web.ServletTestExecutionListener.prepareTestInstance(ServletTestExecutionListener.java:139)
	at org.springframework.test.context.TestContextManager.prepareTestInstance(TestContextManager.java:260)
	at org.springframework.test.context.junit.jupiter.SpringExtension.postProcessTestInstance(SpringExtension.java:159)
	at org.junit.jupiter.engine.descriptor.ClassBasedTestDescriptor.lambda$invokeTestInstancePostProcessors$10(ClassBasedTestDescriptor.java:383)
	at org.junit.jupiter.engine.descriptor.ClassBasedTestDescriptor.executeAndMaskThrowable(ClassBasedTestDescriptor.java:388)
	at org.junit.jupiter.engine.descriptor.ClassBasedTestDescriptor.lambda$invokeTestInstancePostProcessors$11(ClassBasedTestDescriptor.java:382)
	at java.base/java.util.stream.ForEachOps$ForEachOp$OfRef.accept(ForEachOps.java:184)
	at java.base/java.util.stream.ReferencePipeline$3$1.accept(ReferencePipeline.java:197)
	at java.base/java.util.stream.ReferencePipeline$2$1.accept(ReferencePipeline.java:179)
	at java.base/java.util.stream.ReferencePipeline$3$1.accept(ReferencePipeline.java:197)
	at java.base/java.util.ArrayList$ArrayListSpliterator.forEachRemaining(ArrayList.java:1708)
	at java.base/java.util.stream.AbstractPipeline.copyInto(AbstractPipeline.java:509)
	at java.base/java.util.stream.AbstractPipeline.wrapAndCopyInto(AbstractPipeline.java:499)
	at java.base/java.util.stream.ForEachOps$ForEachOp.evaluateSequential(ForEachOps.java:151)
	at java.base/java.util.stream.ForEachOps$ForEachOp$OfRef.evaluateSequential(ForEachOps.java:174)
	at java.base/java.util.stream.AbstractPipeline.evaluate(AbstractPipeline.java:234)
	at java.base/java.util.stream.ReferencePipeline.forEach(ReferencePipeline.java:596)
	at org.junit.jupiter.engine.descriptor.ClassBasedTestDescriptor.invokeTestInstancePostProcessors(ClassBasedTestDescriptor.java:382)
	at org.junit.jupiter.engine.descriptor.ClassBasedTestDescriptor.lambda$instantiateAndPostProcessTestInstance$6(ClassBasedTestDescriptor.java:293)
	at org.junit.platform.engine.support.hierarchical.ThrowableCollector.execute(ThrowableCollector.java:73)
	at org.junit.jupiter.engine.descriptor.ClassBasedTestDescriptor.instantiateAndPostProcessTestInstance(ClassBasedTestDescriptor.java:292)
	at org.junit.jupiter.engine.descriptor.ClassBasedTestDescriptor.lambda$testInstancesProvider$4(ClassBasedTestDescriptor.java:281)
	at java.base/java.util.Optional.orElseGet(Optional.java:364)
	at org.junit.jupiter.engine.descriptor.ClassBasedTestDescriptor.lambda$testInstancesProvider$5(ClassBasedTestDescriptor.java:280)
	at org.junit.jupiter.engine.execution.TestInstancesProvider.getTestInstances(TestInstancesProvider.java:27)
	at org.junit.jupiter.engine.descriptor.TestMethodTestDescriptor.lambda$prepare$0(TestMethodTestDescriptor.java:112)
	at org.junit.platform.engine.support.hierarchical.ThrowableCollector.execute(ThrowableCollector.java:73)
	at org.junit.jupiter.engine.descriptor.TestMethodTestDescriptor.prepare(TestMethodTestDescriptor.java:111)
	at org.junit.jupiter.engine.descriptor.TestMethodTestDescriptor.prepare(TestMethodTestDescriptor.java:69)
	at org.junit.platform.engine.support.hierarchical.NodeTestTask.lambda$prepare$2(NodeTestTask.java:128)
	at org.junit.platform.engine.support.hierarchical.ThrowableCollector.execute(ThrowableCollector.java:73)
	at org.junit.platform.engine.support.hierarchical.NodeTestTask.prepare(NodeTestTask.java:128)
	at org.junit.platform.engine.support.hierarchical.NodeTestTask.execute(NodeTestTask.java:95)
	at java.base/java.util.ArrayList.forEach(ArrayList.java:1596)
	at org.junit.platform.engine.support.hierarchical.SameThreadHierarchicalTestExecutorService.invokeAll(SameThreadHierarchicalTestExecutorService.java:41)
	at org.junit.platform.engine.support.hierarchical.NodeTestTask.lambda$executeRecursively$6(NodeTestTask.java:160)
	at org.junit.platform.engine.support.hierarchical.ThrowableCollector.execute(ThrowableCollector.java:73)
	at org.junit.platform.engine.support.hierarchical.NodeTestTask.lambda$executeRecursively$8(NodeTestTask.java:146)
	at org.junit.platform.engine.support.hierarchical.Node.around(Node.java:137)
	at org.junit.platform.engine.support.hierarchical.NodeTestTask.lambda$executeRecursively$9(NodeTestTask.java:144)
	at org.junit.platform.engine.support.hierarchical.ThrowableCollector.execute(ThrowableCollector.java:73)
	at org.junit.platform.engine.support.hierarchical.NodeTestTask.executeRecursively(NodeTestTask.java:143)
	at org.junit.platform.engine.support.hierarchical.NodeTestTask.execute(NodeTestTask.java:100)
	at java.base/java.util.ArrayList.forEach(ArrayList.java:1596)
	at org.junit.platform.engine.support.hierarchical.SameThreadHierarchicalTestExecutorService.invokeAll(SameThreadHierarchicalTestExecutorService.java:41)
	at org.junit.platform.engine.support.hierarchical.NodeTestTask.lambda$executeRecursively$6(NodeTestTask.java:160)
	at org.junit.platform.engine.support.hierarchical.ThrowableCollector.execute(ThrowableCollector.java:73)
	at org.junit.platform.engine.support.hierarchical.NodeTestTask.lambda$executeRecursively$8(NodeTestTask.java:146)
	at org.junit.platform.engine.support.hierarchical.Node.around(Node.java:137)
	at org.junit.platform.engine.support.hierarchical.NodeTestTask.lambda$executeRecursively$9(NodeTestTask.java:144)
	at org.junit.platform.engine.support.hierarchical.ThrowableCollector.execute(ThrowableCollector.java:73)
	at org.junit.platform.engine.support.hierarchical.NodeTestTask.executeRecursively(NodeTestTask.java:143)
	at org.junit.platform.engine.support.hierarchical.NodeTestTask.execute(NodeTestTask.java:100)
	at org.junit.platform.engine.support.hierarchical.SameThreadHierarchicalTestExecutorService.submit(SameThreadHierarchicalTestExecutorService.java:35)
	at org.junit.platform.engine.support.hierarchical.HierarchicalTestExecutor.execute(HierarchicalTestExecutor.java:57)
	at org.junit.platform.engine.support.hierarchical.HierarchicalTestEngine.execute(HierarchicalTestEngine.java:54)
	at org.junit.platform.launcher.core.EngineExecutionOrchestrator.execute(EngineExecutionOrchestrator.java:201)
	at org.junit.platform.launcher.core.EngineExecutionOrchestrator.execute(EngineExecutionOrchestrator.java:170)
	at org.junit.platform.launcher.core.EngineExecutionOrchestrator.execute(EngineExecutionOrchestrator.java:94)
	at org.junit.platform.launcher.core.EngineExecutionOrchestrator.lambda$execute$0(EngineExecutionOrchestrator.java:59)
	at org.junit.platform.launcher.core.EngineExecutionOrchestrator.withInterceptedStreams(EngineExecutionOrchestrator.java:142)
	at org.junit.platform.launcher.core.EngineExecutionOrchestrator.execute(EngineExecutionOrchestrator.java:58)
	at org.junit.platform.launcher.core.DefaultLauncher.execute(DefaultLauncher.java:103)
	at org.junit.platform.launcher.core.DefaultLauncher.execute(DefaultLauncher.java:85)
	at org.junit.platform.launcher.core.DelegatingLauncher.execute(DelegatingLauncher.java:47)
	at org.junit.platform.launcher.core.InterceptingLauncher.lambda$execute$1(InterceptingLauncher.java:39)
	at org.junit.platform.launcher.core.ClasspathAlignmentCheckingLauncherInterceptor.intercept(ClasspathAlignmentCheckingLauncherInterceptor.java:25)
	at org.junit.platform.launcher.core.InterceptingLauncher.execute(InterceptingLauncher.java:38)
	at org.junit.platform.launcher.core.DelegatingLauncher.execute(DelegatingLauncher.java:47)
	at org.gradle.api.internal.tasks.testing.junitplatform.JUnitPlatformTestClassProcessor$CollectAllTestClassesExecutor.processAllTestClasses(JUnitPlatformTestClassProcessor.java:124)
	at org.gradle.api.internal.tasks.testing.junitplatform.JUnitPlatformTestClassProcessor$CollectAllTestClassesExecutor.access$000(JUnitPlatformTestClassProcessor.java:99)
	at org.gradle.api.internal.tasks.testing.junitplatform.JUnitPlatformTestClassProcessor.stop(JUnitPlatformTestClassProcessor.java:94)
	at org.gradle.api.internal.tasks.testing.SuiteTestClassProcessor.stop(SuiteTestClassProcessor.java:63)
	at java.base/jdk.internal.reflect.DirectMethodHandleAccessor.invoke(DirectMethodHandleAccessor.java:103)
	at java.base/java.lang.reflect.Method.invoke(Method.java:580)
	at org.gradle.internal.dispatch.ReflectionDispatch.dispatch(ReflectionDispatch.java:36)
	at org.gradle.internal.dispatch.ReflectionDispatch.dispatch(ReflectionDispatch.java:24)
	at org.gradle.internal.dispatch.ContextClassLoaderDispatch.dispatch(ContextClassLoaderDispatch.java:33)
	at org.gradle.internal.dispatch.ProxyDispatchAdapter$DispatchingInvocationHandler.invoke(ProxyDispatchAdapter.java:92)
	at jdk.proxy1/jdk.proxy1.$Proxy4.stop(Unknown Source)
	at org.gradle.api.internal.tasks.testing.worker.TestWorker$3.run(TestWorker.java:200)
	at org.gradle.api.internal.tasks.testing.worker.TestWorker.executeAndMaintainThreadName(TestWorker.java:132)
	at org.gradle.api.internal.tasks.testing.worker.TestWorker.execute(TestWorker.java:103)
	at org.gradle.api.internal.tasks.testing.worker.TestWorker.execute(TestWorker.java:63)
	at org.gradle.process.internal.worker.child.ActionExecutionWorker.execute(ActionExecutionWorker.java:56)
	at org.gradle.process.internal.worker.child.SystemApplicationClassLoaderWorker.call(SystemApplicationClassLoaderWorker.java:121)
	at org.gradle.process.internal.worker.child.SystemApplicationClassLoaderWorker.call(SystemApplicationClassLoaderWorker.java:71)
	at worker.org.gradle.process.internal.worker.GradleWorkerMain.run(GradleWorkerMain.java:69)
	at worker.org.gradle.process.internal.worker.GradleWorkerMain.main(GradleWorkerMain.java:74)
Caused by: java.sql.SQLSyntaxErrorException: (conn=1701) Data too long for column 'symptoms' at row 1
	at org.mariadb.jdbc.export.ExceptionFactory.createException(ExceptionFactory.java:289)
	at org.mariadb.jdbc.export.ExceptionFactory.create(ExceptionFactory.java:378)
	at org.mariadb.jdbc.message.ClientMessage.readPacket(ClientMessage.java:187)
	at org.mariadb.jdbc.client.impl.StandardClient.readPacket(StandardClient.java:1364)
	at org.mariadb.jdbc.client.impl.StandardClient.readResults(StandardClient.java:1303)
	at org.mariadb.jdbc.client.impl.StandardClient.readResponse(StandardClient.java:1222)
	at org.mariadb.jdbc.client.impl.StandardClient.execute(StandardClient.java:1146)
	at org.mariadb.jdbc.Statement.executeInternal(Statement.java:1003)
	at org.mariadb.jdbc.Statement.execute(Statement.java:1132)
	at org.mariadb.jdbc.Statement.execute(Statement.java:471)
	at com.zaxxer.hikari.pool.ProxyStatement.execute(ProxyStatement.java:95)
	at com.zaxxer.hikari.pool.HikariProxyStatement.execute(HikariProxyStatement.java)
	at org.hibernate.tool.schema.internal.exec.GenerationTargetToDatabase.accept(GenerationTargetToDatabase.java:80)
	... 133 common frames omitted
2025-06-11 10:39:40 DEBUG org.hibernate.SQL - 
    alter table if exists patients 
       add constraint FKhkntdq6ujwdgqbx8iwffi2ffb 
       foreign key (insurance_id) 
       references insurances (id)
2025-06-11 10:39:40 WARN  o.m.jdbc.message.server.ErrorPacket - Error: 1452-23000: Cannot add or update a child row: a foreign key constraint fails (`sanaspace`.`#sql-alter-16c4-6a5`, CONSTRAINT `FKhkntdq6ujwdgqbx8iwffi2ffb` FOREIGN KEY (`insurance_id`) REFERENCES `insurances` (`id`))
2025-06-11 10:39:40 WARN  o.h.t.s.i.ExceptionHandlerLoggedImpl - GenerationTarget encountered exception accepting command : Error executing DDL "
    alter table if exists patients 
       add constraint FKhkntdq6ujwdgqbx8iwffi2ffb 
       foreign key (insurance_id) 
       references insurances (id)" via JDBC [(conn=1701) Cannot add or update a child row: a foreign key constraint fails (`sanaspace`.`#sql-alter-16c4-6a5`, CONSTRAINT `FKhkntdq6ujwdgqbx8iwffi2ffb` FOREIGN KEY (`insurance_id`) REFERENCES `insurances` (`id`))]
org.hibernate.tool.schema.spi.CommandAcceptanceException: Error executing DDL "
    alter table if exists patients 
       add constraint FKhkntdq6ujwdgqbx8iwffi2ffb 
       foreign key (insurance_id) 
       references insurances (id)" via JDBC [(conn=1701) Cannot add or update a child row: a foreign key constraint fails (`sanaspace`.`#sql-alter-16c4-6a5`, CONSTRAINT `FKhkntdq6ujwdgqbx8iwffi2ffb` FOREIGN KEY (`insurance_id`) REFERENCES `insurances` (`id`))]
	at org.hibernate.tool.schema.internal.exec.GenerationTargetToDatabase.accept(GenerationTargetToDatabase.java:94)
	at org.hibernate.tool.schema.internal.AbstractSchemaMigrator.applySqlString(AbstractSchemaMigrator.java:576)
	at org.hibernate.tool.schema.internal.AbstractSchemaMigrator.applySqlStrings(AbstractSchemaMigrator.java:516)
	at org.hibernate.tool.schema.internal.AbstractSchemaMigrator.applyForeignKeys(AbstractSchemaMigrator.java:448)
	at org.hibernate.tool.schema.internal.AbstractSchemaMigrator.performMigration(AbstractSchemaMigrator.java:269)
	at org.hibernate.tool.schema.internal.AbstractSchemaMigrator.doMigration(AbstractSchemaMigrator.java:112)
	at org.hibernate.tool.schema.spi.SchemaManagementToolCoordinator.performDatabaseAction(SchemaManagementToolCoordinator.java:280)
	at org.hibernate.tool.schema.spi.SchemaManagementToolCoordinator.lambda$process$5(SchemaManagementToolCoordinator.java:144)
	at java.base/java.util.HashMap.forEach(HashMap.java:1429)
	at org.hibernate.tool.schema.spi.SchemaManagementToolCoordinator.process(SchemaManagementToolCoordinator.java:141)
	at org.hibernate.boot.internal.SessionFactoryObserverForSchemaExport.sessionFactoryCreated(SessionFactoryObserverForSchemaExport.java:37)
	at org.hibernate.internal.SessionFactoryObserverChain.sessionFactoryCreated(SessionFactoryObserverChain.java:35)
	at org.hibernate.internal.SessionFactoryImpl.<init>(SessionFactoryImpl.java:324)
	at org.hibernate.boot.internal.SessionFactoryBuilderImpl.build(SessionFactoryBuilderImpl.java:463)
	at org.hibernate.jpa.boot.internal.EntityManagerFactoryBuilderImpl.build(EntityManagerFactoryBuilderImpl.java:1517)
	at org.springframework.orm.jpa.vendor.SpringHibernateJpaPersistenceProvider.createContainerEntityManagerFactory(SpringHibernateJpaPersistenceProvider.java:66)
	at org.springframework.orm.jpa.LocalContainerEntityManagerFactoryBean.createNativeEntityManagerFactory(LocalContainerEntityManagerFactoryBean.java:390)
	at org.springframework.orm.jpa.AbstractEntityManagerFactoryBean.buildNativeEntityManagerFactory(AbstractEntityManagerFactoryBean.java:419)
	at org.springframework.orm.jpa.AbstractEntityManagerFactoryBean.afterPropertiesSet(AbstractEntityManagerFactoryBean.java:400)
	at org.springframework.orm.jpa.LocalContainerEntityManagerFactoryBean.afterPropertiesSet(LocalContainerEntityManagerFactoryBean.java:366)
	at org.springframework.beans.factory.support.AbstractAutowireCapableBeanFactory.invokeInitMethods(AbstractAutowireCapableBeanFactory.java:1873)
	at org.springframework.beans.factory.support.AbstractAutowireCapableBeanFactory.initializeBean(AbstractAutowireCapableBeanFactory.java:1822)
	at org.springframework.beans.factory.support.AbstractAutowireCapableBeanFactory.doCreateBean(AbstractAutowireCapableBeanFactory.java:607)
	at org.springframework.beans.factory.support.AbstractAutowireCapableBeanFactory.createBean(AbstractAutowireCapableBeanFactory.java:529)
	at org.springframework.beans.factory.support.AbstractBeanFactory.lambda$doGetBean$0(AbstractBeanFactory.java:339)
	at org.springframework.beans.factory.support.DefaultSingletonBeanRegistry.getSingleton(DefaultSingletonBeanRegistry.java:373)
	at org.springframework.beans.factory.support.AbstractBeanFactory.doGetBean(AbstractBeanFactory.java:337)
	at org.springframework.beans.factory.support.AbstractBeanFactory.getBean(AbstractBeanFactory.java:207)
	at org.springframework.context.support.AbstractApplicationContext.finishBeanFactoryInitialization(AbstractApplicationContext.java:970)
	at org.springframework.context.support.AbstractApplicationContext.refresh(AbstractApplicationContext.java:627)
	at org.springframework.boot.SpringApplication.refresh(SpringApplication.java:753)
	at org.springframework.boot.SpringApplication.refreshContext(SpringApplication.java:439)
	at org.springframework.boot.SpringApplication.run(SpringApplication.java:318)
	at org.springframework.boot.test.context.SpringBootContextLoader.lambda$loadContext$3(SpringBootContextLoader.java:144)
	at org.springframework.util.function.ThrowingSupplier.get(ThrowingSupplier.java:58)
	at org.springframework.util.function.ThrowingSupplier.get(ThrowingSupplier.java:46)
	at org.springframework.boot.SpringApplication.withHook(SpringApplication.java:1462)
	at org.springframework.boot.test.context.SpringBootContextLoader$ContextLoaderHook.run(SpringBootContextLoader.java:563)
	at org.springframework.boot.test.context.SpringBootContextLoader.loadContext(SpringBootContextLoader.java:144)
	at org.springframework.boot.test.context.SpringBootContextLoader.loadContext(SpringBootContextLoader.java:110)
	at org.springframework.test.context.cache.DefaultCacheAwareContextLoaderDelegate.loadContextInternal(DefaultCacheAwareContextLoaderDelegate.java:225)
	at org.springframework.test.context.cache.DefaultCacheAwareContextLoaderDelegate.loadContext(DefaultCacheAwareContextLoaderDelegate.java:152)
	at org.springframework.test.context.support.DefaultTestContext.getApplicationContext(DefaultTestContext.java:130)
	at org.springframework.test.context.web.ServletTestExecutionListener.setUpRequestContextIfNecessary(ServletTestExecutionListener.java:200)
	at org.springframework.test.context.web.ServletTestExecutionListener.prepareTestInstance(ServletTestExecutionListener.java:139)
	at org.springframework.test.context.TestContextManager.prepareTestInstance(TestContextManager.java:260)
	at org.springframework.test.context.junit.jupiter.SpringExtension.postProcessTestInstance(SpringExtension.java:159)
	at org.junit.jupiter.engine.descriptor.ClassBasedTestDescriptor.lambda$invokeTestInstancePostProcessors$10(ClassBasedTestDescriptor.java:383)
	at org.junit.jupiter.engine.descriptor.ClassBasedTestDescriptor.executeAndMaskThrowable(ClassBasedTestDescriptor.java:388)
	at org.junit.jupiter.engine.descriptor.ClassBasedTestDescriptor.lambda$invokeTestInstancePostProcessors$11(ClassBasedTestDescriptor.java:382)
	at java.base/java.util.stream.ForEachOps$ForEachOp$OfRef.accept(ForEachOps.java:184)
	at java.base/java.util.stream.ReferencePipeline$3$1.accept(ReferencePipeline.java:197)
	at java.base/java.util.stream.ReferencePipeline$2$1.accept(ReferencePipeline.java:179)
	at java.base/java.util.stream.ReferencePipeline$3$1.accept(ReferencePipeline.java:197)
	at java.base/java.util.ArrayList$ArrayListSpliterator.forEachRemaining(ArrayList.java:1708)
	at java.base/java.util.stream.AbstractPipeline.copyInto(AbstractPipeline.java:509)
	at java.base/java.util.stream.AbstractPipeline.wrapAndCopyInto(AbstractPipeline.java:499)
	at java.base/java.util.stream.ForEachOps$ForEachOp.evaluateSequential(ForEachOps.java:151)
	at java.base/java.util.stream.ForEachOps$ForEachOp$OfRef.evaluateSequential(ForEachOps.java:174)
	at java.base/java.util.stream.AbstractPipeline.evaluate(AbstractPipeline.java:234)
	at java.base/java.util.stream.ReferencePipeline.forEach(ReferencePipeline.java:596)
	at org.junit.jupiter.engine.descriptor.ClassBasedTestDescriptor.invokeTestInstancePostProcessors(ClassBasedTestDescriptor.java:382)
	at org.junit.jupiter.engine.descriptor.ClassBasedTestDescriptor.lambda$instantiateAndPostProcessTestInstance$6(ClassBasedTestDescriptor.java:293)
	at org.junit.platform.engine.support.hierarchical.ThrowableCollector.execute(ThrowableCollector.java:73)
	at org.junit.jupiter.engine.descriptor.ClassBasedTestDescriptor.instantiateAndPostProcessTestInstance(ClassBasedTestDescriptor.java:292)
	at org.junit.jupiter.engine.descriptor.ClassBasedTestDescriptor.lambda$testInstancesProvider$4(ClassBasedTestDescriptor.java:281)
	at java.base/java.util.Optional.orElseGet(Optional.java:364)
	at org.junit.jupiter.engine.descriptor.ClassBasedTestDescriptor.lambda$testInstancesProvider$5(ClassBasedTestDescriptor.java:280)
	at org.junit.jupiter.engine.execution.TestInstancesProvider.getTestInstances(TestInstancesProvider.java:27)
	at org.junit.jupiter.engine.descriptor.TestMethodTestDescriptor.lambda$prepare$0(TestMethodTestDescriptor.java:112)
	at org.junit.platform.engine.support.hierarchical.ThrowableCollector.execute(ThrowableCollector.java:73)
	at org.junit.jupiter.engine.descriptor.TestMethodTestDescriptor.prepare(TestMethodTestDescriptor.java:111)
	at org.junit.jupiter.engine.descriptor.TestMethodTestDescriptor.prepare(TestMethodTestDescriptor.java:69)
	at org.junit.platform.engine.support.hierarchical.NodeTestTask.lambda$prepare$2(NodeTestTask.java:128)
	at org.junit.platform.engine.support.hierarchical.ThrowableCollector.execute(ThrowableCollector.java:73)
	at org.junit.platform.engine.support.hierarchical.NodeTestTask.prepare(NodeTestTask.java:128)
	at org.junit.platform.engine.support.hierarchical.NodeTestTask.execute(NodeTestTask.java:95)
	at java.base/java.util.ArrayList.forEach(ArrayList.java:1596)
	at org.junit.platform.engine.support.hierarchical.SameThreadHierarchicalTestExecutorService.invokeAll(SameThreadHierarchicalTestExecutorService.java:41)
	at org.junit.platform.engine.support.hierarchical.NodeTestTask.lambda$executeRecursively$6(NodeTestTask.java:160)
	at org.junit.platform.engine.support.hierarchical.ThrowableCollector.execute(ThrowableCollector.java:73)
	at org.junit.platform.engine.support.hierarchical.NodeTestTask.lambda$executeRecursively$8(NodeTestTask.java:146)
	at org.junit.platform.engine.support.hierarchical.Node.around(Node.java:137)
	at org.junit.platform.engine.support.hierarchical.NodeTestTask.lambda$executeRecursively$9(NodeTestTask.java:144)
	at org.junit.platform.engine.support.hierarchical.ThrowableCollector.execute(ThrowableCollector.java:73)
	at org.junit.platform.engine.support.hierarchical.NodeTestTask.executeRecursively(NodeTestTask.java:143)
	at org.junit.platform.engine.support.hierarchical.NodeTestTask.execute(NodeTestTask.java:100)
	at java.base/java.util.ArrayList.forEach(ArrayList.java:1596)
	at org.junit.platform.engine.support.hierarchical.SameThreadHierarchicalTestExecutorService.invokeAll(SameThreadHierarchicalTestExecutorService.java:41)
	at org.junit.platform.engine.support.hierarchical.NodeTestTask.lambda$executeRecursively$6(NodeTestTask.java:160)
	at org.junit.platform.engine.support.hierarchical.ThrowableCollector.execute(ThrowableCollector.java:73)
	at org.junit.platform.engine.support.hierarchical.NodeTestTask.lambda$executeRecursively$8(NodeTestTask.java:146)
	at org.junit.platform.engine.support.hierarchical.Node.around(Node.java:137)
	at org.junit.platform.engine.support.hierarchical.NodeTestTask.lambda$executeRecursively$9(NodeTestTask.java:144)
	at org.junit.platform.engine.support.hierarchical.ThrowableCollector.execute(ThrowableCollector.java:73)
	at org.junit.platform.engine.support.hierarchical.NodeTestTask.executeRecursively(NodeTestTask.java:143)
	at org.junit.platform.engine.support.hierarchical.NodeTestTask.execute(NodeTestTask.java:100)
	at org.junit.platform.engine.support.hierarchical.SameThreadHierarchicalTestExecutorService.submit(SameThreadHierarchicalTestExecutorService.java:35)
	at org.junit.platform.engine.support.hierarchical.HierarchicalTestExecutor.execute(HierarchicalTestExecutor.java:57)
	at org.junit.platform.engine.support.hierarchical.HierarchicalTestEngine.execute(HierarchicalTestEngine.java:54)
	at org.junit.platform.launcher.core.EngineExecutionOrchestrator.execute(EngineExecutionOrchestrator.java:201)
	at org.junit.platform.launcher.core.EngineExecutionOrchestrator.execute(EngineExecutionOrchestrator.java:170)
	at org.junit.platform.launcher.core.EngineExecutionOrchestrator.execute(EngineExecutionOrchestrator.java:94)
	at org.junit.platform.launcher.core.EngineExecutionOrchestrator.lambda$execute$0(EngineExecutionOrchestrator.java:59)
	at org.junit.platform.launcher.core.EngineExecutionOrchestrator.withInterceptedStreams(EngineExecutionOrchestrator.java:142)
	at org.junit.platform.launcher.core.EngineExecutionOrchestrator.execute(EngineExecutionOrchestrator.java:58)
	at org.junit.platform.launcher.core.DefaultLauncher.execute(DefaultLauncher.java:103)
	at org.junit.platform.launcher.core.DefaultLauncher.execute(DefaultLauncher.java:85)
	at org.junit.platform.launcher.core.DelegatingLauncher.execute(DelegatingLauncher.java:47)
	at org.junit.platform.launcher.core.InterceptingLauncher.lambda$execute$1(InterceptingLauncher.java:39)
	at org.junit.platform.launcher.core.ClasspathAlignmentCheckingLauncherInterceptor.intercept(ClasspathAlignmentCheckingLauncherInterceptor.java:25)
	at org.junit.platform.launcher.core.InterceptingLauncher.execute(InterceptingLauncher.java:38)
	at org.junit.platform.launcher.core.DelegatingLauncher.execute(DelegatingLauncher.java:47)
	at org.gradle.api.internal.tasks.testing.junitplatform.JUnitPlatformTestClassProcessor$CollectAllTestClassesExecutor.processAllTestClasses(JUnitPlatformTestClassProcessor.java:124)
	at org.gradle.api.internal.tasks.testing.junitplatform.JUnitPlatformTestClassProcessor$CollectAllTestClassesExecutor.access$000(JUnitPlatformTestClassProcessor.java:99)
	at org.gradle.api.internal.tasks.testing.junitplatform.JUnitPlatformTestClassProcessor.stop(JUnitPlatformTestClassProcessor.java:94)
	at org.gradle.api.internal.tasks.testing.SuiteTestClassProcessor.stop(SuiteTestClassProcessor.java:63)
	at java.base/jdk.internal.reflect.DirectMethodHandleAccessor.invoke(DirectMethodHandleAccessor.java:103)
	at java.base/java.lang.reflect.Method.invoke(Method.java:580)
	at org.gradle.internal.dispatch.ReflectionDispatch.dispatch(ReflectionDispatch.java:36)
	at org.gradle.internal.dispatch.ReflectionDispatch.dispatch(ReflectionDispatch.java:24)
	at org.gradle.internal.dispatch.ContextClassLoaderDispatch.dispatch(ContextClassLoaderDispatch.java:33)
	at org.gradle.internal.dispatch.ProxyDispatchAdapter$DispatchingInvocationHandler.invoke(ProxyDispatchAdapter.java:92)
	at jdk.proxy1/jdk.proxy1.$Proxy4.stop(Unknown Source)
	at org.gradle.api.internal.tasks.testing.worker.TestWorker$3.run(TestWorker.java:200)
	at org.gradle.api.internal.tasks.testing.worker.TestWorker.executeAndMaintainThreadName(TestWorker.java:132)
	at org.gradle.api.internal.tasks.testing.worker.TestWorker.execute(TestWorker.java:103)
	at org.gradle.api.internal.tasks.testing.worker.TestWorker.execute(TestWorker.java:63)
	at org.gradle.process.internal.worker.child.ActionExecutionWorker.execute(ActionExecutionWorker.java:56)
	at org.gradle.process.internal.worker.child.SystemApplicationClassLoaderWorker.call(SystemApplicationClassLoaderWorker.java:121)
	at org.gradle.process.internal.worker.child.SystemApplicationClassLoaderWorker.call(SystemApplicationClassLoaderWorker.java:71)
	at worker.org.gradle.process.internal.worker.GradleWorkerMain.run(GradleWorkerMain.java:69)
	at worker.org.gradle.process.internal.worker.GradleWorkerMain.main(GradleWorkerMain.java:74)
Caused by: java.sql.SQLIntegrityConstraintViolationException: (conn=1701) Cannot add or update a child row: a foreign key constraint fails (`sanaspace`.`#sql-alter-16c4-6a5`, CONSTRAINT `FKhkntdq6ujwdgqbx8iwffi2ffb` FOREIGN KEY (`insurance_id`) REFERENCES `insurances` (`id`))
	at org.mariadb.jdbc.export.ExceptionFactory.createException(ExceptionFactory.java:297)
	at org.mariadb.jdbc.export.ExceptionFactory.create(ExceptionFactory.java:378)
	at org.mariadb.jdbc.message.ClientMessage.readPacket(ClientMessage.java:187)
	at org.mariadb.jdbc.client.impl.StandardClient.readPacket(StandardClient.java:1364)
	at org.mariadb.jdbc.client.impl.StandardClient.readResults(StandardClient.java:1303)
	at org.mariadb.jdbc.client.impl.StandardClient.readResponse(StandardClient.java:1222)
	at org.mariadb.jdbc.client.impl.StandardClient.execute(StandardClient.java:1146)
	at org.mariadb.jdbc.Statement.executeInternal(Statement.java:1003)
	at org.mariadb.jdbc.Statement.execute(Statement.java:1132)
	at org.mariadb.jdbc.Statement.execute(Statement.java:471)
	at com.zaxxer.hikari.pool.ProxyStatement.execute(ProxyStatement.java:95)
	at com.zaxxer.hikari.pool.HikariProxyStatement.execute(HikariProxyStatement.java)
	at org.hibernate.tool.schema.internal.exec.GenerationTargetToDatabase.accept(GenerationTargetToDatabase.java:80)
	... 132 common frames omitted
2025-06-11 10:39:40 DEBUG org.hibernate.SQL - 
    alter table if exists prescriptions 
       add constraint FK957asorswh9j2ee6w6471j23o 
       foreign key (medication_id) 
       references medications (id)
2025-06-11 10:39:40 WARN  o.m.jdbc.message.server.ErrorPacket - Error: 1452-23000: Cannot add or update a child row: a foreign key constraint fails (`sanaspace`.`#sql-alter-16c4-6a5`, CONSTRAINT `FK957asorswh9j2ee6w6471j23o` FOREIGN KEY (`medication_id`) REFERENCES `medications` (`id`))
2025-06-11 10:39:40 WARN  o.h.t.s.i.ExceptionHandlerLoggedImpl - GenerationTarget encountered exception accepting command : Error executing DDL "
    alter table if exists prescriptions 
       add constraint FK957asorswh9j2ee6w6471j23o 
       foreign key (medication_id) 
       references medications (id)" via JDBC [(conn=1701) Cannot add or update a child row: a foreign key constraint fails (`sanaspace`.`#sql-alter-16c4-6a5`, CONSTRAINT `FK957asorswh9j2ee6w6471j23o` FOREIGN KEY (`medication_id`) REFERENCES `medications` (`id`))]
org.hibernate.tool.schema.spi.CommandAcceptanceException: Error executing DDL "
    alter table if exists prescriptions 
       add constraint FK957asorswh9j2ee6w6471j23o 
       foreign key (medication_id) 
       references medications (id)" via JDBC [(conn=1701) Cannot add or update a child row: a foreign key constraint fails (`sanaspace`.`#sql-alter-16c4-6a5`, CONSTRAINT `FK957asorswh9j2ee6w6471j23o` FOREIGN KEY (`medication_id`) REFERENCES `medications` (`id`))]
	at org.hibernate.tool.schema.internal.exec.GenerationTargetToDatabase.accept(GenerationTargetToDatabase.java:94)
	at org.hibernate.tool.schema.internal.AbstractSchemaMigrator.applySqlString(AbstractSchemaMigrator.java:576)
	at org.hibernate.tool.schema.internal.AbstractSchemaMigrator.applySqlStrings(AbstractSchemaMigrator.java:516)
	at org.hibernate.tool.schema.internal.AbstractSchemaMigrator.applyForeignKeys(AbstractSchemaMigrator.java:448)
	at org.hibernate.tool.schema.internal.AbstractSchemaMigrator.performMigration(AbstractSchemaMigrator.java:269)
	at org.hibernate.tool.schema.internal.AbstractSchemaMigrator.doMigration(AbstractSchemaMigrator.java:112)
	at org.hibernate.tool.schema.spi.SchemaManagementToolCoordinator.performDatabaseAction(SchemaManagementToolCoordinator.java:280)
	at org.hibernate.tool.schema.spi.SchemaManagementToolCoordinator.lambda$process$5(SchemaManagementToolCoordinator.java:144)
	at java.base/java.util.HashMap.forEach(HashMap.java:1429)
	at org.hibernate.tool.schema.spi.SchemaManagementToolCoordinator.process(SchemaManagementToolCoordinator.java:141)
	at org.hibernate.boot.internal.SessionFactoryObserverForSchemaExport.sessionFactoryCreated(SessionFactoryObserverForSchemaExport.java:37)
	at org.hibernate.internal.SessionFactoryObserverChain.sessionFactoryCreated(SessionFactoryObserverChain.java:35)
	at org.hibernate.internal.SessionFactoryImpl.<init>(SessionFactoryImpl.java:324)
	at org.hibernate.boot.internal.SessionFactoryBuilderImpl.build(SessionFactoryBuilderImpl.java:463)
	at org.hibernate.jpa.boot.internal.EntityManagerFactoryBuilderImpl.build(EntityManagerFactoryBuilderImpl.java:1517)
	at org.springframework.orm.jpa.vendor.SpringHibernateJpaPersistenceProvider.createContainerEntityManagerFactory(SpringHibernateJpaPersistenceProvider.java:66)
	at org.springframework.orm.jpa.LocalContainerEntityManagerFactoryBean.createNativeEntityManagerFactory(LocalContainerEntityManagerFactoryBean.java:390)
	at org.springframework.orm.jpa.AbstractEntityManagerFactoryBean.buildNativeEntityManagerFactory(AbstractEntityManagerFactoryBean.java:419)
	at org.springframework.orm.jpa.AbstractEntityManagerFactoryBean.afterPropertiesSet(AbstractEntityManagerFactoryBean.java:400)
	at org.springframework.orm.jpa.LocalContainerEntityManagerFactoryBean.afterPropertiesSet(LocalContainerEntityManagerFactoryBean.java:366)
	at org.springframework.beans.factory.support.AbstractAutowireCapableBeanFactory.invokeInitMethods(AbstractAutowireCapableBeanFactory.java:1873)
	at org.springframework.beans.factory.support.AbstractAutowireCapableBeanFactory.initializeBean(AbstractAutowireCapableBeanFactory.java:1822)
	at org.springframework.beans.factory.support.AbstractAutowireCapableBeanFactory.doCreateBean(AbstractAutowireCapableBeanFactory.java:607)
	at org.springframework.beans.factory.support.AbstractAutowireCapableBeanFactory.createBean(AbstractAutowireCapableBeanFactory.java:529)
	at org.springframework.beans.factory.support.AbstractBeanFactory.lambda$doGetBean$0(AbstractBeanFactory.java:339)
	at org.springframework.beans.factory.support.DefaultSingletonBeanRegistry.getSingleton(DefaultSingletonBeanRegistry.java:373)
	at org.springframework.beans.factory.support.AbstractBeanFactory.doGetBean(AbstractBeanFactory.java:337)
	at org.springframework.beans.factory.support.AbstractBeanFactory.getBean(AbstractBeanFactory.java:207)
	at org.springframework.context.support.AbstractApplicationContext.finishBeanFactoryInitialization(AbstractApplicationContext.java:970)
	at org.springframework.context.support.AbstractApplicationContext.refresh(AbstractApplicationContext.java:627)
	at org.springframework.boot.SpringApplication.refresh(SpringApplication.java:753)
	at org.springframework.boot.SpringApplication.refreshContext(SpringApplication.java:439)
	at org.springframework.boot.SpringApplication.run(SpringApplication.java:318)
	at org.springframework.boot.test.context.SpringBootContextLoader.lambda$loadContext$3(SpringBootContextLoader.java:144)
	at org.springframework.util.function.ThrowingSupplier.get(ThrowingSupplier.java:58)
	at org.springframework.util.function.ThrowingSupplier.get(ThrowingSupplier.java:46)
	at org.springframework.boot.SpringApplication.withHook(SpringApplication.java:1462)
	at org.springframework.boot.test.context.SpringBootContextLoader$ContextLoaderHook.run(SpringBootContextLoader.java:563)
	at org.springframework.boot.test.context.SpringBootContextLoader.loadContext(SpringBootContextLoader.java:144)
	at org.springframework.boot.test.context.SpringBootContextLoader.loadContext(SpringBootContextLoader.java:110)
	at org.springframework.test.context.cache.DefaultCacheAwareContextLoaderDelegate.loadContextInternal(DefaultCacheAwareContextLoaderDelegate.java:225)
	at org.springframework.test.context.cache.DefaultCacheAwareContextLoaderDelegate.loadContext(DefaultCacheAwareContextLoaderDelegate.java:152)
	at org.springframework.test.context.support.DefaultTestContext.getApplicationContext(DefaultTestContext.java:130)
	at org.springframework.test.context.web.ServletTestExecutionListener.setUpRequestContextIfNecessary(ServletTestExecutionListener.java:200)
	at org.springframework.test.context.web.ServletTestExecutionListener.prepareTestInstance(ServletTestExecutionListener.java:139)
	at org.springframework.test.context.TestContextManager.prepareTestInstance(TestContextManager.java:260)
	at org.springframework.test.context.junit.jupiter.SpringExtension.postProcessTestInstance(SpringExtension.java:159)
	at org.junit.jupiter.engine.descriptor.ClassBasedTestDescriptor.lambda$invokeTestInstancePostProcessors$10(ClassBasedTestDescriptor.java:383)
	at org.junit.jupiter.engine.descriptor.ClassBasedTestDescriptor.executeAndMaskThrowable(ClassBasedTestDescriptor.java:388)
	at org.junit.jupiter.engine.descriptor.ClassBasedTestDescriptor.lambda$invokeTestInstancePostProcessors$11(ClassBasedTestDescriptor.java:382)
	at java.base/java.util.stream.ForEachOps$ForEachOp$OfRef.accept(ForEachOps.java:184)
	at java.base/java.util.stream.ReferencePipeline$3$1.accept(ReferencePipeline.java:197)
	at java.base/java.util.stream.ReferencePipeline$2$1.accept(ReferencePipeline.java:179)
	at java.base/java.util.stream.ReferencePipeline$3$1.accept(ReferencePipeline.java:197)
	at java.base/java.util.ArrayList$ArrayListSpliterator.forEachRemaining(ArrayList.java:1708)
	at java.base/java.util.stream.AbstractPipeline.copyInto(AbstractPipeline.java:509)
	at java.base/java.util.stream.AbstractPipeline.wrapAndCopyInto(AbstractPipeline.java:499)
	at java.base/java.util.stream.ForEachOps$ForEachOp.evaluateSequential(ForEachOps.java:151)
	at java.base/java.util.stream.ForEachOps$ForEachOp$OfRef.evaluateSequential(ForEachOps.java:174)
	at java.base/java.util.stream.AbstractPipeline.evaluate(AbstractPipeline.java:234)
	at java.base/java.util.stream.ReferencePipeline.forEach(ReferencePipeline.java:596)
	at org.junit.jupiter.engine.descriptor.ClassBasedTestDescriptor.invokeTestInstancePostProcessors(ClassBasedTestDescriptor.java:382)
	at org.junit.jupiter.engine.descriptor.ClassBasedTestDescriptor.lambda$instantiateAndPostProcessTestInstance$6(ClassBasedTestDescriptor.java:293)
	at org.junit.platform.engine.support.hierarchical.ThrowableCollector.execute(ThrowableCollector.java:73)
	at org.junit.jupiter.engine.descriptor.ClassBasedTestDescriptor.instantiateAndPostProcessTestInstance(ClassBasedTestDescriptor.java:292)
	at org.junit.jupiter.engine.descriptor.ClassBasedTestDescriptor.lambda$testInstancesProvider$4(ClassBasedTestDescriptor.java:281)
	at java.base/java.util.Optional.orElseGet(Optional.java:364)
	at org.junit.jupiter.engine.descriptor.ClassBasedTestDescriptor.lambda$testInstancesProvider$5(ClassBasedTestDescriptor.java:280)
	at org.junit.jupiter.engine.execution.TestInstancesProvider.getTestInstances(TestInstancesProvider.java:27)
	at org.junit.jupiter.engine.descriptor.TestMethodTestDescriptor.lambda$prepare$0(TestMethodTestDescriptor.java:112)
	at org.junit.platform.engine.support.hierarchical.ThrowableCollector.execute(ThrowableCollector.java:73)
	at org.junit.jupiter.engine.descriptor.TestMethodTestDescriptor.prepare(TestMethodTestDescriptor.java:111)
	at org.junit.jupiter.engine.descriptor.TestMethodTestDescriptor.prepare(TestMethodTestDescriptor.java:69)
	at org.junit.platform.engine.support.hierarchical.NodeTestTask.lambda$prepare$2(NodeTestTask.java:128)
	at org.junit.platform.engine.support.hierarchical.ThrowableCollector.execute(ThrowableCollector.java:73)
	at org.junit.platform.engine.support.hierarchical.NodeTestTask.prepare(NodeTestTask.java:128)
	at org.junit.platform.engine.support.hierarchical.NodeTestTask.execute(NodeTestTask.java:95)
	at java.base/java.util.ArrayList.forEach(ArrayList.java:1596)
	at org.junit.platform.engine.support.hierarchical.SameThreadHierarchicalTestExecutorService.invokeAll(SameThreadHierarchicalTestExecutorService.java:41)
	at org.junit.platform.engine.support.hierarchical.NodeTestTask.lambda$executeRecursively$6(NodeTestTask.java:160)
	at org.junit.platform.engine.support.hierarchical.ThrowableCollector.execute(ThrowableCollector.java:73)
	at org.junit.platform.engine.support.hierarchical.NodeTestTask.lambda$executeRecursively$8(NodeTestTask.java:146)
	at org.junit.platform.engine.support.hierarchical.Node.around(Node.java:137)
	at org.junit.platform.engine.support.hierarchical.NodeTestTask.lambda$executeRecursively$9(NodeTestTask.java:144)
	at org.junit.platform.engine.support.hierarchical.ThrowableCollector.execute(ThrowableCollector.java:73)
	at org.junit.platform.engine.support.hierarchical.NodeTestTask.executeRecursively(NodeTestTask.java:143)
	at org.junit.platform.engine.support.hierarchical.NodeTestTask.execute(NodeTestTask.java:100)
	at java.base/java.util.ArrayList.forEach(ArrayList.java:1596)
	at org.junit.platform.engine.support.hierarchical.SameThreadHierarchicalTestExecutorService.invokeAll(SameThreadHierarchicalTestExecutorService.java:41)
	at org.junit.platform.engine.support.hierarchical.NodeTestTask.lambda$executeRecursively$6(NodeTestTask.java:160)
	at org.junit.platform.engine.support.hierarchical.ThrowableCollector.execute(ThrowableCollector.java:73)
	at org.junit.platform.engine.support.hierarchical.NodeTestTask.lambda$executeRecursively$8(NodeTestTask.java:146)
	at org.junit.platform.engine.support.hierarchical.Node.around(Node.java:137)
	at org.junit.platform.engine.support.hierarchical.NodeTestTask.lambda$executeRecursively$9(NodeTestTask.java:144)
	at org.junit.platform.engine.support.hierarchical.ThrowableCollector.execute(ThrowableCollector.java:73)
	at org.junit.platform.engine.support.hierarchical.NodeTestTask.executeRecursively(NodeTestTask.java:143)
	at org.junit.platform.engine.support.hierarchical.NodeTestTask.execute(NodeTestTask.java:100)
	at org.junit.platform.engine.support.hierarchical.SameThreadHierarchicalTestExecutorService.submit(SameThreadHierarchicalTestExecutorService.java:35)
	at org.junit.platform.engine.support.hierarchical.HierarchicalTestExecutor.execute(HierarchicalTestExecutor.java:57)
	at org.junit.platform.engine.support.hierarchical.HierarchicalTestEngine.execute(HierarchicalTestEngine.java:54)
	at org.junit.platform.launcher.core.EngineExecutionOrchestrator.execute(EngineExecutionOrchestrator.java:201)
	at org.junit.platform.launcher.core.EngineExecutionOrchestrator.execute(EngineExecutionOrchestrator.java:170)
	at org.junit.platform.launcher.core.EngineExecutionOrchestrator.execute(EngineExecutionOrchestrator.java:94)
	at org.junit.platform.launcher.core.EngineExecutionOrchestrator.lambda$execute$0(EngineExecutionOrchestrator.java:59)
	at org.junit.platform.launcher.core.EngineExecutionOrchestrator.withInterceptedStreams(EngineExecutionOrchestrator.java:142)
	at org.junit.platform.launcher.core.EngineExecutionOrchestrator.execute(EngineExecutionOrchestrator.java:58)
	at org.junit.platform.launcher.core.DefaultLauncher.execute(DefaultLauncher.java:103)
	at org.junit.platform.launcher.core.DefaultLauncher.execute(DefaultLauncher.java:85)
	at org.junit.platform.launcher.core.DelegatingLauncher.execute(DelegatingLauncher.java:47)
	at org.junit.platform.launcher.core.InterceptingLauncher.lambda$execute$1(InterceptingLauncher.java:39)
	at org.junit.platform.launcher.core.ClasspathAlignmentCheckingLauncherInterceptor.intercept(ClasspathAlignmentCheckingLauncherInterceptor.java:25)
	at org.junit.platform.launcher.core.InterceptingLauncher.execute(InterceptingLauncher.java:38)
	at org.junit.platform.launcher.core.DelegatingLauncher.execute(DelegatingLauncher.java:47)
	at org.gradle.api.internal.tasks.testing.junitplatform.JUnitPlatformTestClassProcessor$CollectAllTestClassesExecutor.processAllTestClasses(JUnitPlatformTestClassProcessor.java:124)
	at org.gradle.api.internal.tasks.testing.junitplatform.JUnitPlatformTestClassProcessor$CollectAllTestClassesExecutor.access$000(JUnitPlatformTestClassProcessor.java:99)
	at org.gradle.api.internal.tasks.testing.junitplatform.JUnitPlatformTestClassProcessor.stop(JUnitPlatformTestClassProcessor.java:94)
	at org.gradle.api.internal.tasks.testing.SuiteTestClassProcessor.stop(SuiteTestClassProcessor.java:63)
	at java.base/jdk.internal.reflect.DirectMethodHandleAccessor.invoke(DirectMethodHandleAccessor.java:103)
	at java.base/java.lang.reflect.Method.invoke(Method.java:580)
	at org.gradle.internal.dispatch.ReflectionDispatch.dispatch(ReflectionDispatch.java:36)
	at org.gradle.internal.dispatch.ReflectionDispatch.dispatch(ReflectionDispatch.java:24)
	at org.gradle.internal.dispatch.ContextClassLoaderDispatch.dispatch(ContextClassLoaderDispatch.java:33)
	at org.gradle.internal.dispatch.ProxyDispatchAdapter$DispatchingInvocationHandler.invoke(ProxyDispatchAdapter.java:92)
	at jdk.proxy1/jdk.proxy1.$Proxy4.stop(Unknown Source)
	at org.gradle.api.internal.tasks.testing.worker.TestWorker$3.run(TestWorker.java:200)
	at org.gradle.api.internal.tasks.testing.worker.TestWorker.executeAndMaintainThreadName(TestWorker.java:132)
	at org.gradle.api.internal.tasks.testing.worker.TestWorker.execute(TestWorker.java:103)
	at org.gradle.api.internal.tasks.testing.worker.TestWorker.execute(TestWorker.java:63)
	at org.gradle.process.internal.worker.child.ActionExecutionWorker.execute(ActionExecutionWorker.java:56)
	at org.gradle.process.internal.worker.child.SystemApplicationClassLoaderWorker.call(SystemApplicationClassLoaderWorker.java:121)
	at org.gradle.process.internal.worker.child.SystemApplicationClassLoaderWorker.call(SystemApplicationClassLoaderWorker.java:71)
	at worker.org.gradle.process.internal.worker.GradleWorkerMain.run(GradleWorkerMain.java:69)
	at worker.org.gradle.process.internal.worker.GradleWorkerMain.main(GradleWorkerMain.java:74)
Caused by: java.sql.SQLIntegrityConstraintViolationException: (conn=1701) Cannot add or update a child row: a foreign key constraint fails (`sanaspace`.`#sql-alter-16c4-6a5`, CONSTRAINT `FK957asorswh9j2ee6w6471j23o` FOREIGN KEY (`medication_id`) REFERENCES `medications` (`id`))
	at org.mariadb.jdbc.export.ExceptionFactory.createException(ExceptionFactory.java:297)
	at org.mariadb.jdbc.export.ExceptionFactory.create(ExceptionFactory.java:378)
	at org.mariadb.jdbc.message.ClientMessage.readPacket(ClientMessage.java:187)
	at org.mariadb.jdbc.client.impl.StandardClient.readPacket(StandardClient.java:1364)
	at org.mariadb.jdbc.client.impl.StandardClient.readResults(StandardClient.java:1303)
	at org.mariadb.jdbc.client.impl.StandardClient.readResponse(StandardClient.java:1222)
	at org.mariadb.jdbc.client.impl.StandardClient.execute(StandardClient.java:1146)
	at org.mariadb.jdbc.Statement.executeInternal(Statement.java:1003)
	at org.mariadb.jdbc.Statement.execute(Statement.java:1132)
	at org.mariadb.jdbc.Statement.execute(Statement.java:471)
	at com.zaxxer.hikari.pool.ProxyStatement.execute(ProxyStatement.java:95)
	at com.zaxxer.hikari.pool.HikariProxyStatement.execute(HikariProxyStatement.java)
	at org.hibernate.tool.schema.internal.exec.GenerationTargetToDatabase.accept(GenerationTargetToDatabase.java:80)
	... 132 common frames omitted
2025-06-11 10:39:40 INFO  o.s.o.j.LocalContainerEntityManagerFactoryBean - Initialized JPA EntityManagerFactory for persistence unit 'default'
2025-06-11 10:39:43 WARN  o.s.b.a.o.j.JpaBaseConfiguration$JpaWebConfiguration - spring.jpa.open-in-view is enabled by default. Therefore, database queries may be performed during view rendering. Explicitly configure spring.jpa.open-in-view to disable this warning
2025-06-11 10:39:44 INFO  o.s.b.a.w.s.WelcomePageHandlerMapping - Adding welcome page template: index
2025-06-11 10:39:46 INFO  o.s.d.r.c.RepositoryConfigurationDelegate - Bootstrapping Spring Data JPA repositories in DEFAULT mode.
2025-06-11 10:39:47 INFO  o.s.d.r.c.RepositoryConfigurationDelegate - Finished Spring Data repository scanning in 293 ms. Found 6 JPA repository interfaces.
2025-06-11 10:39:48 INFO  o.s.b.t.m.w.SpringBootMockServletContext - Initializing Spring TestDispatcherServlet ''
2025-06-11 10:39:48 INFO  o.s.t.w.s.TestDispatcherServlet - Initializing Servlet ''
2025-06-11 10:39:48 INFO  o.s.b.a.e.web.EndpointLinksResolver - Exposing 1 endpoint beneath base path '/actuator'
2025-06-11 10:39:48 INFO  o.s.t.w.s.TestDispatcherServlet - Completed initialization in 83 ms
2025-06-11 10:39:49 INFO  i.g.m.s.DoctorControllerTests - Started DoctorControllerTests in 31.895 seconds (process running for 38.496)
2025-06-11 10:39:49 INFO  i.g.m.sanaspace.SanaspaceApplication - 🚀 Fetching database tables - {} - 2025-06-11T09:39:49.627314600Z
2025-06-11 10:39:49 INFO  i.g.m.sanaspace.SanaspaceApplication - 💡 Tables found in database:
2025-06-11 10:39:49 INFO  i.g.m.sanaspace.SanaspaceApplication - 💡  - doctors
2025-06-11 10:39:49 INFO  i.g.m.sanaspace.SanaspaceApplication - 💡  - insurances
2025-06-11 10:39:49 INFO  i.g.m.sanaspace.SanaspaceApplication - 💡  - medications
2025-06-11 10:39:49 INFO  i.g.m.sanaspace.SanaspaceApplication - 💡  - patients
2025-06-11 10:39:49 INFO  i.g.m.sanaspace.SanaspaceApplication - 💡  - prescriptions
2025-06-11 10:39:49 INFO  i.g.m.sanaspace.SanaspaceApplication - 💡  - visits
2025-06-11 10:39:49 INFO  i.g.m.sanaspace.SanaspaceApplication - ✅ Successfully fetched database tables - Took 43ms
2025-06-11 10:39:51 INFO  o.s.b.w.e.tomcat.TomcatWebServer - Tomcat initialized with port 8080 (http)
2025-06-11 10:39:51 INFO  o.a.catalina.core.StandardService - Starting service [Tomcat]
2025-06-11 10:39:51 INFO  o.a.catalina.core.StandardEngine - Starting Servlet engine: [Apache Tomcat/10.1.41]
2025-06-11 10:39:51 INFO  o.a.c.c.C.[Tomcat].[localhost].[/] - Initializing Spring embedded WebApplicationContext
2025-06-11 10:39:51 INFO  o.s.b.w.s.c.ServletWebServerApplicationContext - Root WebApplicationContext: initialization completed in 14057 ms
2025-06-11 10:39:51 INFO  i.g.m.sanaspace.controllers.CDoctor - 🚀 Partially updating Doctor... - {id=ff7c0432-89ab-40c5-bc50-f6b77439d9c6, uri=/api/doctors/ff7c0432-89ab-40c5-bc50-f6b77439d9c6, method=PATCH, updates=[firstName, email]} - 2025-06-11T09:39:51.718987Z
2025-06-11 10:39:51 INFO  i.g.m.sanaspace.services.SDoctor - 🚀 Updating doctor fields... - {updates=[firstName, email], id=ff7c0432-89ab-40c5-bc50-f6b77439d9c6} - 2025-06-11T09:39:51.796390500Z
2025-06-11 10:39:51 DEBUG org.hibernate.SQL - 
    select
        d1_0.id,
        d1_0.address,
        d1_0.email,
        d1_0.experience,
        d1_0.first_name,
        d1_0.last_name,
        d1_0.specialization 
    from
        doctors d1_0 
    where
        d1_0.id=?
2025-06-11 10:39:52 ERROR i.g.m.sanaspace.services.SDoctor - ❌ ❌ Doctor not found with id: ff7c0432-89ab-40c5-bc50-f6b77439d9c6: Doctor not found with id: ff7c0432-89ab-40c5-bc50-f6b77439d9c6 - Request: partial update doctor - Took 251ms
Stack: io.github.matthewjacobsd.sanaspace.services.SDoctor.lambda$updateDoctorFields$7(SDoctor.java:97)
java.base/java.util.Optional.orElseThrow(Optional.java:403)
io.github.matthewjacobsd.sanaspace.services.SDoctor.lambda$updateDoctorFields$9(SDoctor.java:97)
2025-06-11 10:39:52 ERROR i.g.m.sanaspace.controllers.CDoctor - ❌ Failed to partially update doctor: Doctor not found with id: ff7c0432-89ab-40c5-bc50-f6b77439d9c6: Doctor not found with id: ff7c0432-89ab-40c5-bc50-f6b77439d9c6 - Request: /api/doctors/ff7c0432-89ab-40c5-bc50-f6b77439d9c6 - Took 358ms
Stack: io.github.matthewjacobsd.sanaspace.services.SDoctor.lambda$updateDoctorFields$7(SDoctor.java:97)
java.base/java.util.Optional.orElseThrow(Optional.java:403)
io.github.matthewjacobsd.sanaspace.services.SDoctor.lambda$updateDoctorFields$9(SDoctor.java:97)
2025-06-11 10:39:52 INFO  o.h.jpa.internal.util.LogHelper - HHH000204: Processing PersistenceUnitInfo [name: default]
2025-06-11 10:39:53 INFO  i.g.m.sanaspace.controllers.CDoctor - 🚀 Updating doctor... - {id=ff7c0432-89ab-40c5-bc50-f6b77439d9c6, firstName=Michael, method=PUT, uri=/api/doctors/ff7c0432-89ab-40c5-bc50-f6b77439d9c6, lastName=Smith} - 2025-06-11T09:39:53.040293500Z
2025-06-11 10:39:53 INFO  i.g.m.sanaspace.services.SDoctor - 🚀 Updating doctor... - {lastName=Smith, id=ff7c0432-89ab-40c5-bc50-f6b77439d9c6, firstName=Michael} - 2025-06-11T09:39:53.048025700Z
2025-06-11 10:39:53 DEBUG org.hibernate.SQL - 
    select
        d1_0.id,
        d1_0.address,
        d1_0.email,
        d1_0.experience,
        d1_0.first_name,
        d1_0.last_name,
        d1_0.specialization 
    from
        doctors d1_0 
    where
        d1_0.id=?
2025-06-11 10:39:53 ERROR i.g.m.sanaspace.services.SDoctor - ❌ ❌ Doctor not found with id: ff7c0432-89ab-40c5-bc50-f6b77439d9c6: Doctor not found with id: ff7c0432-89ab-40c5-bc50-f6b77439d9c6 - Request: update doctor - Took 36ms
Stack: io.github.matthewjacobsd.sanaspace.services.SDoctor.lambda$updateDoctor$5(SDoctor.java:76)
java.base/java.util.Optional.orElseThrow(Optional.java:403)
io.github.matthewjacobsd.sanaspace.services.SDoctor.lambda$updateDoctor$6(SDoctor.java:76)
2025-06-11 10:39:53 ERROR i.g.m.sanaspace.controllers.CDoctor - ❌ Failed to update doctor: Doctor not found with id: ff7c0432-89ab-40c5-bc50-f6b77439d9c6: Doctor not found with id: ff7c0432-89ab-40c5-bc50-f6b77439d9c6 - Request: /api/doctors/ff7c0432-89ab-40c5-bc50-f6b77439d9c6 - Took 59ms
Stack: io.github.matthewjacobsd.sanaspace.services.SDoctor.lambda$updateDoctor$5(SDoctor.java:76)
java.base/java.util.Optional.orElseThrow(Optional.java:403)
io.github.matthewjacobsd.sanaspace.services.SDoctor.lambda$updateDoctor$6(SDoctor.java:76)
2025-06-11 10:39:53 INFO  i.g.m.sanaspace.controllers.CDoctor - 🚀 Deleting doctor... - {uri=/api/doctors/ff7c0432-89ab-40c5-bc50-f6b77439d9c6, id=ff7c0432-89ab-40c5-bc50-f6b77439d9c6, method=DELETE} - 2025-06-11T09:39:53.155290500Z
2025-06-11 10:39:53 INFO  i.g.m.sanaspace.services.SDoctor - 🚀 Deleting doctor... - {id=ff7c0432-89ab-40c5-bc50-f6b77439d9c6} - 2025-06-11T09:39:53.225242100Z
2025-06-11 10:39:53 DEBUG org.hibernate.SQL - 
    select
        d1_0.id,
        d1_0.address,
        d1_0.email,
        d1_0.experience,
        d1_0.first_name,
        d1_0.last_name,
        d1_0.specialization 
    from
        doctors d1_0 
    where
        d1_0.id=?
2025-06-11 10:39:53 ERROR i.g.m.sanaspace.services.SDoctor - ❌ ❌ Doctor not found with id: ff7c0432-89ab-40c5-bc50-f6b77439d9c6: Doctor not found with id: ff7c0432-89ab-40c5-bc50-f6b77439d9c6 - Request: delete doctor - Took 11ms
Stack: io.github.matthewjacobsd.sanaspace.services.SDoctor.lambda$deleteDoctor$10(SDoctor.java:119)
java.base/java.util.Optional.orElseThrow(Optional.java:403)
io.github.matthewjacobsd.sanaspace.services.SDoctor.lambda$deleteDoctor$11(SDoctor.java:119)
2025-06-11 10:39:53 ERROR i.g.m.sanaspace.controllers.CDoctor - ❌ Failed to delete doctor: Doctor not found with id: ff7c0432-89ab-40c5-bc50-f6b77439d9c6: Doctor not found with id: ff7c0432-89ab-40c5-bc50-f6b77439d9c6 - Request: /api/doctors/ff7c0432-89ab-40c5-bc50-f6b77439d9c6 - Took 103ms
Stack: io.github.matthewjacobsd.sanaspace.services.SDoctor.lambda$deleteDoctor$10(SDoctor.java:119)
java.base/java.util.Optional.orElseThrow(Optional.java:403)
io.github.matthewjacobsd.sanaspace.services.SDoctor.lambda$deleteDoctor$11(SDoctor.java:119)
2025-06-11 10:39:53 INFO  i.g.m.sanaspace.controllers.CDoctor - 🚀 Fetching doctor by ID... - {uri=/api/doctors/ff7c0432-89ab-40c5-bc50-f6b77439d9c6, id=ff7c0432-89ab-40c5-bc50-f6b77439d9c6, method=GET} - 2025-06-11T09:39:53.310610900Z
2025-06-11 10:39:53 INFO  i.g.m.sanaspace.services.SDoctor - 🚀 Fetching single doctor... - {id=ff7c0432-89ab-40c5-bc50-f6b77439d9c6} - 2025-06-11T09:39:53.403242400Z
2025-06-11 10:39:53 DEBUG org.hibernate.SQL - 
    select
        d1_0.id,
        d1_0.address,
        d1_0.email,
        d1_0.experience,
        d1_0.first_name,
        d1_0.last_name,
        d1_0.specialization 
    from
        doctors d1_0 
    where
        d1_0.id=?
2025-06-11 10:39:53 ERROR i.g.m.sanaspace.services.SDoctor - ❌ ❌ Doctor not found with id: ff7c0432-89ab-40c5-bc50-f6b77439d9c6: Doctor not found with id: ff7c0432-89ab-40c5-bc50-f6b77439d9c6 - Request: fetch doctor by ID - Took 33ms
Stack: io.github.matthewjacobsd.sanaspace.services.SDoctor.lambda$fetchDoctorById$3(SDoctor.java:69)
java.base/java.util.Optional.orElseThrow(Optional.java:403)
io.github.matthewjacobsd.sanaspace.services.SDoctor.lambda$fetchDoctorById$4(SDoctor.java:69)
2025-06-11 10:39:53 ERROR i.g.m.sanaspace.controllers.CDoctor - ❌ Failed to fetch doctor: Doctor not found with id: ff7c0432-89ab-40c5-bc50-f6b77439d9c6: Doctor not found with id: ff7c0432-89ab-40c5-bc50-f6b77439d9c6 - Request: /api/doctors/ff7c0432-89ab-40c5-bc50-f6b77439d9c6 - Took 129ms
Stack: io.github.matthewjacobsd.sanaspace.services.SDoctor.lambda$fetchDoctorById$3(SDoctor.java:69)
java.base/java.util.Optional.orElseThrow(Optional.java:403)
io.github.matthewjacobsd.sanaspace.services.SDoctor.lambda$fetchDoctorById$4(SDoctor.java:69)
2025-06-11 10:39:53 INFO  i.g.m.sanaspace.controllers.CDoctor - 🚀 Fetching doctors... - {limit=10, uri=/api/doctors, page=1, method=GET} - 2025-06-11T09:39:53.506061Z
2025-06-11 10:39:53 INFO  i.g.m.sanaspace.services.SDoctor - 🚀 Fetching doctors... - {page=0, size=10} - 2025-06-11T09:39:53.551564500Z
2025-06-11 10:39:53 INFO  org.hibernate.Version - HHH000412: Hibernate ORM core version 6.6.15.Final
2025-06-11 10:39:53 INFO  o.h.c.i.RegionFactoryInitiator - HHH000026: Second-level cache disabled
2025-06-11 10:39:53 DEBUG org.hibernate.SQL - 
    /* <criteria> */ select
        d1_0.id,
        d1_0.address,
        d1_0.email,
        d1_0.experience,
        d1_0.first_name,
        d1_0.last_name,
        d1_0.specialization 
    from
        doctors d1_0 
    limit
        ?, ?
2025-06-11 10:39:54 DEBUG org.hibernate.SQL - 
    /* <criteria> */ select
        count(d1_0.id) 
    from
        doctors d1_0
2025-06-11 10:39:54 INFO  i.g.m.sanaspace.services.SDoctor - ✅ ✅ fetch all doctors - Took 604ms
2025-06-11 10:39:54 INFO  i.g.m.sanaspace.controllers.CDoctor - ✅ Doctors fetched successfully - Took 696ms
2025-06-11 10:39:54 INFO  i.g.m.sanaspace.controllers.CDoctor - 🚀 Saving doctor... - {firstName=Amara, uri=/api/doctors, lastName=Patel, method=POST} - 2025-06-11T09:39:54.311801500Z
2025-06-11 10:39:54 INFO  i.g.m.sanaspace.services.SDoctor - 🚀 Saving doctor... - {firstName=Amara, lastName=Patel} - 2025-06-11T09:39:54.338393300Z
2025-06-11 10:39:54 INFO  i.g.m.sanaspace.services.SDoctor - ✅ ✅ save doctor - Took 70ms
2025-06-11 10:39:54 DEBUG org.hibernate.SQL - 
    /* insert for
        io.github.matthewjacobsd.sanaspace.models.Doctor */insert 
    into
        doctors (address, email, experience, first_name, last_name, specialization, id) 
    values
        (?, ?, ?, ?, ?, ?, ?)
2025-06-11 10:39:54 INFO  i.g.m.sanaspace.controllers.CDoctor - ✅ Doctor saved successfully - Took 371ms
2025-06-11 10:39:55 INFO  o.s.o.j.LocalContainerEntityManagerFactoryBean - Closing JPA EntityManagerFactory for persistence unit 'default'
2025-06-11 10:39:55 INFO  com.zaxxer.hikari.HikariDataSource - HikariPool-1 - Shutdown initiated...
2025-06-11 10:39:55 INFO  com.zaxxer.hikari.HikariDataSource - HikariPool-1 - Shutdown completed.
2025-06-11 10:39:55 INFO  o.s.o.j.p.SpringPersistenceUnitInfo - No LoadTimeWeaver setup: ignoring JPA class transformer
2025-06-11 10:39:56 INFO  com.zaxxer.hikari.HikariDataSource - HikariPool-1 - Starting...
2025-06-11 10:39:56 INFO  com.zaxxer.hikari.pool.HikariPool - HikariPool-1 - Added connection org.mariadb.jdbc.Connection@1cddc1ab
2025-06-11 10:39:56 INFO  com.zaxxer.hikari.HikariDataSource - HikariPool-1 - Start completed.
2025-06-11 10:39:56 INFO  o.hibernate.orm.connections.pooling - HHH10001005: Database info:
	Database JDBC URL [Connecting through datasource 'HikariDataSource (HikariPool-1)']
	Database driver: undefined/unknown
	Database version: 11.7.2
	Autocommit mode: undefined/unknown
	Isolation level: undefined/unknown
	Minimum pool size: undefined/unknown
	Maximum pool size: undefined/unknown
2025-06-11 10:39:58 INFO  o.h.e.t.j.p.i.JtaPlatformInitiator - HHH000489: No JTA platform available (set 'hibernate.transaction.jta.platform' to enable JTA platform integration)
2025-06-11 10:39:58 DEBUG org.hibernate.SQL - 
    alter table if exists visits 
       modify column symptoms varchar(50)
2025-06-11 10:39:58 WARN  o.m.jdbc.message.server.ErrorPacket - Error: 1406-22001: Data too long for column 'symptoms' at row 1
2025-06-11 10:39:58 WARN  o.h.t.s.i.ExceptionHandlerLoggedImpl - GenerationTarget encountered exception accepting command : Error executing DDL "
    alter table if exists visits 
       modify column symptoms varchar(50)" via JDBC [(conn=1711) Data too long for column 'symptoms' at row 1]
org.hibernate.tool.schema.spi.CommandAcceptanceException: Error executing DDL "
    alter table if exists visits 
       modify column symptoms varchar(50)" via JDBC [(conn=1711) Data too long for column 'symptoms' at row 1]
	at org.hibernate.tool.schema.internal.exec.GenerationTargetToDatabase.accept(GenerationTargetToDatabase.java:94)
	at org.hibernate.tool.schema.internal.AbstractSchemaMigrator.applySqlString(AbstractSchemaMigrator.java:576)
	at org.hibernate.tool.schema.internal.AbstractSchemaMigrator.applySqlStrings(AbstractSchemaMigrator.java:516)
	at org.hibernate.tool.schema.internal.AbstractSchemaMigrator.migrateTable(AbstractSchemaMigrator.java:334)
	at org.hibernate.tool.schema.internal.GroupedSchemaMigratorImpl.performTablesMigration(GroupedSchemaMigratorImpl.java:84)
	at org.hibernate.tool.schema.internal.AbstractSchemaMigrator.performMigration(AbstractSchemaMigrator.java:233)
	at org.hibernate.tool.schema.internal.AbstractSchemaMigrator.doMigration(AbstractSchemaMigrator.java:112)
	at org.hibernate.tool.schema.spi.SchemaManagementToolCoordinator.performDatabaseAction(SchemaManagementToolCoordinator.java:280)
	at org.hibernate.tool.schema.spi.SchemaManagementToolCoordinator.lambda$process$5(SchemaManagementToolCoordinator.java:144)
	at java.base/java.util.HashMap.forEach(HashMap.java:1429)
	at org.hibernate.tool.schema.spi.SchemaManagementToolCoordinator.process(SchemaManagementToolCoordinator.java:141)
	at org.hibernate.boot.internal.SessionFactoryObserverForSchemaExport.sessionFactoryCreated(SessionFactoryObserverForSchemaExport.java:37)
	at org.hibernate.internal.SessionFactoryObserverChain.sessionFactoryCreated(SessionFactoryObserverChain.java:35)
	at org.hibernate.internal.SessionFactoryImpl.<init>(SessionFactoryImpl.java:324)
	at org.hibernate.boot.internal.SessionFactoryBuilderImpl.build(SessionFactoryBuilderImpl.java:463)
	at org.hibernate.jpa.boot.internal.EntityManagerFactoryBuilderImpl.build(EntityManagerFactoryBuilderImpl.java:1517)
	at org.springframework.orm.jpa.vendor.SpringHibernateJpaPersistenceProvider.createContainerEntityManagerFactory(SpringHibernateJpaPersistenceProvider.java:66)
	at org.springframework.orm.jpa.LocalContainerEntityManagerFactoryBean.createNativeEntityManagerFactory(LocalContainerEntityManagerFactoryBean.java:390)
	at org.springframework.orm.jpa.AbstractEntityManagerFactoryBean.buildNativeEntityManagerFactory(AbstractEntityManagerFactoryBean.java:419)
	at org.springframework.orm.jpa.AbstractEntityManagerFactoryBean.afterPropertiesSet(AbstractEntityManagerFactoryBean.java:400)
	at org.springframework.orm.jpa.LocalContainerEntityManagerFactoryBean.afterPropertiesSet(LocalContainerEntityManagerFactoryBean.java:366)
	at org.springframework.beans.factory.support.AbstractAutowireCapableBeanFactory.invokeInitMethods(AbstractAutowireCapableBeanFactory.java:1873)
	at org.springframework.beans.factory.support.AbstractAutowireCapableBeanFactory.initializeBean(AbstractAutowireCapableBeanFactory.java:1822)
	at org.springframework.beans.factory.support.AbstractAutowireCapableBeanFactory.doCreateBean(AbstractAutowireCapableBeanFactory.java:607)
	at org.springframework.beans.factory.support.AbstractAutowireCapableBeanFactory.createBean(AbstractAutowireCapableBeanFactory.java:529)
	at org.springframework.beans.factory.support.AbstractBeanFactory.lambda$doGetBean$0(AbstractBeanFactory.java:339)
	at org.springframework.beans.factory.support.DefaultSingletonBeanRegistry.getSingleton(DefaultSingletonBeanRegistry.java:373)
	at org.springframework.beans.factory.support.AbstractBeanFactory.doGetBean(AbstractBeanFactory.java:337)
	at org.springframework.beans.factory.support.AbstractBeanFactory.getBean(AbstractBeanFactory.java:207)
	at org.springframework.context.support.AbstractApplicationContext.finishBeanFactoryInitialization(AbstractApplicationContext.java:970)
	at org.springframework.context.support.AbstractApplicationContext.refresh(AbstractApplicationContext.java:627)
	at org.springframework.boot.web.servlet.context.ServletWebServerApplicationContext.refresh(ServletWebServerApplicationContext.java:146)
	at org.springframework.boot.SpringApplication.refresh(SpringApplication.java:753)
	at org.springframework.boot.SpringApplication.refreshContext(SpringApplication.java:439)
	at org.springframework.boot.SpringApplication.run(SpringApplication.java:318)
	at org.springframework.boot.SpringApplication.run(SpringApplication.java:1362)
	at org.springframework.boot.SpringApplication.run(SpringApplication.java:1351)
	at io.github.matthewjacobsd.sanaspace.SanaspaceApplication.main(SanaspaceApplication.java:24)
	at java.base/jdk.internal.reflect.DirectMethodHandleAccessor.invoke(DirectMethodHandleAccessor.java:103)
	at java.base/java.lang.reflect.Method.invoke(Method.java:580)
	at org.springframework.boot.devtools.restart.RestartLauncher.run(RestartLauncher.java:50)
Caused by: java.sql.SQLSyntaxErrorException: (conn=1711) Data too long for column 'symptoms' at row 1
	at org.mariadb.jdbc.export.ExceptionFactory.createException(ExceptionFactory.java:289)
	at org.mariadb.jdbc.export.ExceptionFactory.create(ExceptionFactory.java:378)
	at org.mariadb.jdbc.message.ClientMessage.readPacket(ClientMessage.java:187)
	at org.mariadb.jdbc.client.impl.StandardClient.readPacket(StandardClient.java:1364)
	at org.mariadb.jdbc.client.impl.StandardClient.readResults(StandardClient.java:1303)
	at org.mariadb.jdbc.client.impl.StandardClient.readResponse(StandardClient.java:1222)
	at org.mariadb.jdbc.client.impl.StandardClient.execute(StandardClient.java:1146)
	at org.mariadb.jdbc.Statement.executeInternal(Statement.java:1003)
	at org.mariadb.jdbc.Statement.execute(Statement.java:1132)
	at org.mariadb.jdbc.Statement.execute(Statement.java:471)
	at com.zaxxer.hikari.pool.ProxyStatement.execute(ProxyStatement.java:95)
	at com.zaxxer.hikari.pool.HikariProxyStatement.execute(HikariProxyStatement.java)
	at org.hibernate.tool.schema.internal.exec.GenerationTargetToDatabase.accept(GenerationTargetToDatabase.java:80)
	... 40 common frames omitted
2025-06-11 10:39:58 DEBUG org.hibernate.SQL - 
    alter table if exists patients 
       add constraint FKhkntdq6ujwdgqbx8iwffi2ffb 
       foreign key (insurance_id) 
       references insurances (id)
2025-06-11 10:39:58 WARN  o.m.jdbc.message.server.ErrorPacket - Error: 1452-23000: Cannot add or update a child row: a foreign key constraint fails (`sanaspace`.`#sql-alter-16c4-6af`, CONSTRAINT `FKhkntdq6ujwdgqbx8iwffi2ffb` FOREIGN KEY (`insurance_id`) REFERENCES `insurances` (`id`))
2025-06-11 10:39:58 WARN  o.h.t.s.i.ExceptionHandlerLoggedImpl - GenerationTarget encountered exception accepting command : Error executing DDL "
    alter table if exists patients 
       add constraint FKhkntdq6ujwdgqbx8iwffi2ffb 
       foreign key (insurance_id) 
       references insurances (id)" via JDBC [(conn=1711) Cannot add or update a child row: a foreign key constraint fails (`sanaspace`.`#sql-alter-16c4-6af`, CONSTRAINT `FKhkntdq6ujwdgqbx8iwffi2ffb` FOREIGN KEY (`insurance_id`) REFERENCES `insurances` (`id`))]
org.hibernate.tool.schema.spi.CommandAcceptanceException: Error executing DDL "
    alter table if exists patients 
       add constraint FKhkntdq6ujwdgqbx8iwffi2ffb 
       foreign key (insurance_id) 
       references insurances (id)" via JDBC [(conn=1711) Cannot add or update a child row: a foreign key constraint fails (`sanaspace`.`#sql-alter-16c4-6af`, CONSTRAINT `FKhkntdq6ujwdgqbx8iwffi2ffb` FOREIGN KEY (`insurance_id`) REFERENCES `insurances` (`id`))]
	at org.hibernate.tool.schema.internal.exec.GenerationTargetToDatabase.accept(GenerationTargetToDatabase.java:94)
	at org.hibernate.tool.schema.internal.AbstractSchemaMigrator.applySqlString(AbstractSchemaMigrator.java:576)
	at org.hibernate.tool.schema.internal.AbstractSchemaMigrator.applySqlStrings(AbstractSchemaMigrator.java:516)
	at org.hibernate.tool.schema.internal.AbstractSchemaMigrator.applyForeignKeys(AbstractSchemaMigrator.java:448)
	at org.hibernate.tool.schema.internal.AbstractSchemaMigrator.performMigration(AbstractSchemaMigrator.java:269)
	at org.hibernate.tool.schema.internal.AbstractSchemaMigrator.doMigration(AbstractSchemaMigrator.java:112)
	at org.hibernate.tool.schema.spi.SchemaManagementToolCoordinator.performDatabaseAction(SchemaManagementToolCoordinator.java:280)
	at org.hibernate.tool.schema.spi.SchemaManagementToolCoordinator.lambda$process$5(SchemaManagementToolCoordinator.java:144)
	at java.base/java.util.HashMap.forEach(HashMap.java:1429)
	at org.hibernate.tool.schema.spi.SchemaManagementToolCoordinator.process(SchemaManagementToolCoordinator.java:141)
	at org.hibernate.boot.internal.SessionFactoryObserverForSchemaExport.sessionFactoryCreated(SessionFactoryObserverForSchemaExport.java:37)
	at org.hibernate.internal.SessionFactoryObserverChain.sessionFactoryCreated(SessionFactoryObserverChain.java:35)
	at org.hibernate.internal.SessionFactoryImpl.<init>(SessionFactoryImpl.java:324)
	at org.hibernate.boot.internal.SessionFactoryBuilderImpl.build(SessionFactoryBuilderImpl.java:463)
	at org.hibernate.jpa.boot.internal.EntityManagerFactoryBuilderImpl.build(EntityManagerFactoryBuilderImpl.java:1517)
	at org.springframework.orm.jpa.vendor.SpringHibernateJpaPersistenceProvider.createContainerEntityManagerFactory(SpringHibernateJpaPersistenceProvider.java:66)
	at org.springframework.orm.jpa.LocalContainerEntityManagerFactoryBean.createNativeEntityManagerFactory(LocalContainerEntityManagerFactoryBean.java:390)
	at org.springframework.orm.jpa.AbstractEntityManagerFactoryBean.buildNativeEntityManagerFactory(AbstractEntityManagerFactoryBean.java:419)
	at org.springframework.orm.jpa.AbstractEntityManagerFactoryBean.afterPropertiesSet(AbstractEntityManagerFactoryBean.java:400)
	at org.springframework.orm.jpa.LocalContainerEntityManagerFactoryBean.afterPropertiesSet(LocalContainerEntityManagerFactoryBean.java:366)
	at org.springframework.beans.factory.support.AbstractAutowireCapableBeanFactory.invokeInitMethods(AbstractAutowireCapableBeanFactory.java:1873)
	at org.springframework.beans.factory.support.AbstractAutowireCapableBeanFactory.initializeBean(AbstractAutowireCapableBeanFactory.java:1822)
	at org.springframework.beans.factory.support.AbstractAutowireCapableBeanFactory.doCreateBean(AbstractAutowireCapableBeanFactory.java:607)
	at org.springframework.beans.factory.support.AbstractAutowireCapableBeanFactory.createBean(AbstractAutowireCapableBeanFactory.java:529)
	at org.springframework.beans.factory.support.AbstractBeanFactory.lambda$doGetBean$0(AbstractBeanFactory.java:339)
	at org.springframework.beans.factory.support.DefaultSingletonBeanRegistry.getSingleton(DefaultSingletonBeanRegistry.java:373)
	at org.springframework.beans.factory.support.AbstractBeanFactory.doGetBean(AbstractBeanFactory.java:337)
	at org.springframework.beans.factory.support.AbstractBeanFactory.getBean(AbstractBeanFactory.java:207)
	at org.springframework.context.support.AbstractApplicationContext.finishBeanFactoryInitialization(AbstractApplicationContext.java:970)
	at org.springframework.context.support.AbstractApplicationContext.refresh(AbstractApplicationContext.java:627)
	at org.springframework.boot.web.servlet.context.ServletWebServerApplicationContext.refresh(ServletWebServerApplicationContext.java:146)
	at org.springframework.boot.SpringApplication.refresh(SpringApplication.java:753)
	at org.springframework.boot.SpringApplication.refreshContext(SpringApplication.java:439)
	at org.springframework.boot.SpringApplication.run(SpringApplication.java:318)
	at org.springframework.boot.SpringApplication.run(SpringApplication.java:1362)
	at org.springframework.boot.SpringApplication.run(SpringApplication.java:1351)
	at io.github.matthewjacobsd.sanaspace.SanaspaceApplication.main(SanaspaceApplication.java:24)
	at java.base/jdk.internal.reflect.DirectMethodHandleAccessor.invoke(DirectMethodHandleAccessor.java:103)
	at java.base/java.lang.reflect.Method.invoke(Method.java:580)
	at org.springframework.boot.devtools.restart.RestartLauncher.run(RestartLauncher.java:50)
Caused by: java.sql.SQLIntegrityConstraintViolationException: (conn=1711) Cannot add or update a child row: a foreign key constraint fails (`sanaspace`.`#sql-alter-16c4-6af`, CONSTRAINT `FKhkntdq6ujwdgqbx8iwffi2ffb` FOREIGN KEY (`insurance_id`) REFERENCES `insurances` (`id`))
	at org.mariadb.jdbc.export.ExceptionFactory.createException(ExceptionFactory.java:297)
	at org.mariadb.jdbc.export.ExceptionFactory.create(ExceptionFactory.java:378)
	at org.mariadb.jdbc.message.ClientMessage.readPacket(ClientMessage.java:187)
	at org.mariadb.jdbc.client.impl.StandardClient.readPacket(StandardClient.java:1364)
	at org.mariadb.jdbc.client.impl.StandardClient.readResults(StandardClient.java:1303)
	at org.mariadb.jdbc.client.impl.StandardClient.readResponse(StandardClient.java:1222)
	at org.mariadb.jdbc.client.impl.StandardClient.execute(StandardClient.java:1146)
	at org.mariadb.jdbc.Statement.executeInternal(Statement.java:1003)
	at org.mariadb.jdbc.Statement.execute(Statement.java:1132)
	at org.mariadb.jdbc.Statement.execute(Statement.java:471)
	at com.zaxxer.hikari.pool.ProxyStatement.execute(ProxyStatement.java:95)
	at com.zaxxer.hikari.pool.HikariProxyStatement.execute(HikariProxyStatement.java)
	at org.hibernate.tool.schema.internal.exec.GenerationTargetToDatabase.accept(GenerationTargetToDatabase.java:80)
	... 39 common frames omitted
2025-06-11 10:39:58 DEBUG org.hibernate.SQL - 
    alter table if exists prescriptions 
       add constraint FK957asorswh9j2ee6w6471j23o 
       foreign key (medication_id) 
       references medications (id)
2025-06-11 10:39:58 WARN  o.m.jdbc.message.server.ErrorPacket - Error: 1452-23000: Cannot add or update a child row: a foreign key constraint fails (`sanaspace`.`#sql-alter-16c4-6af`, CONSTRAINT `FK957asorswh9j2ee6w6471j23o` FOREIGN KEY (`medication_id`) REFERENCES `medications` (`id`))
2025-06-11 10:39:58 WARN  o.h.t.s.i.ExceptionHandlerLoggedImpl - GenerationTarget encountered exception accepting command : Error executing DDL "
    alter table if exists prescriptions 
       add constraint FK957asorswh9j2ee6w6471j23o 
       foreign key (medication_id) 
       references medications (id)" via JDBC [(conn=1711) Cannot add or update a child row: a foreign key constraint fails (`sanaspace`.`#sql-alter-16c4-6af`, CONSTRAINT `FK957asorswh9j2ee6w6471j23o` FOREIGN KEY (`medication_id`) REFERENCES `medications` (`id`))]
org.hibernate.tool.schema.spi.CommandAcceptanceException: Error executing DDL "
    alter table if exists prescriptions 
       add constraint FK957asorswh9j2ee6w6471j23o 
       foreign key (medication_id) 
       references medications (id)" via JDBC [(conn=1711) Cannot add or update a child row: a foreign key constraint fails (`sanaspace`.`#sql-alter-16c4-6af`, CONSTRAINT `FK957asorswh9j2ee6w6471j23o` FOREIGN KEY (`medication_id`) REFERENCES `medications` (`id`))]
	at org.hibernate.tool.schema.internal.exec.GenerationTargetToDatabase.accept(GenerationTargetToDatabase.java:94)
	at org.hibernate.tool.schema.internal.AbstractSchemaMigrator.applySqlString(AbstractSchemaMigrator.java:576)
	at org.hibernate.tool.schema.internal.AbstractSchemaMigrator.applySqlStrings(AbstractSchemaMigrator.java:516)
	at org.hibernate.tool.schema.internal.AbstractSchemaMigrator.applyForeignKeys(AbstractSchemaMigrator.java:448)
	at org.hibernate.tool.schema.internal.AbstractSchemaMigrator.performMigration(AbstractSchemaMigrator.java:269)
	at org.hibernate.tool.schema.internal.AbstractSchemaMigrator.doMigration(AbstractSchemaMigrator.java:112)
	at org.hibernate.tool.schema.spi.SchemaManagementToolCoordinator.performDatabaseAction(SchemaManagementToolCoordinator.java:280)
	at org.hibernate.tool.schema.spi.SchemaManagementToolCoordinator.lambda$process$5(SchemaManagementToolCoordinator.java:144)
	at java.base/java.util.HashMap.forEach(HashMap.java:1429)
	at org.hibernate.tool.schema.spi.SchemaManagementToolCoordinator.process(SchemaManagementToolCoordinator.java:141)
	at org.hibernate.boot.internal.SessionFactoryObserverForSchemaExport.sessionFactoryCreated(SessionFactoryObserverForSchemaExport.java:37)
	at org.hibernate.internal.SessionFactoryObserverChain.sessionFactoryCreated(SessionFactoryObserverChain.java:35)
	at org.hibernate.internal.SessionFactoryImpl.<init>(SessionFactoryImpl.java:324)
	at org.hibernate.boot.internal.SessionFactoryBuilderImpl.build(SessionFactoryBuilderImpl.java:463)
	at org.hibernate.jpa.boot.internal.EntityManagerFactoryBuilderImpl.build(EntityManagerFactoryBuilderImpl.java:1517)
	at org.springframework.orm.jpa.vendor.SpringHibernateJpaPersistenceProvider.createContainerEntityManagerFactory(SpringHibernateJpaPersistenceProvider.java:66)
	at org.springframework.orm.jpa.LocalContainerEntityManagerFactoryBean.createNativeEntityManagerFactory(LocalContainerEntityManagerFactoryBean.java:390)
	at org.springframework.orm.jpa.AbstractEntityManagerFactoryBean.buildNativeEntityManagerFactory(AbstractEntityManagerFactoryBean.java:419)
	at org.springframework.orm.jpa.AbstractEntityManagerFactoryBean.afterPropertiesSet(AbstractEntityManagerFactoryBean.java:400)
	at org.springframework.orm.jpa.LocalContainerEntityManagerFactoryBean.afterPropertiesSet(LocalContainerEntityManagerFactoryBean.java:366)
	at org.springframework.beans.factory.support.AbstractAutowireCapableBeanFactory.invokeInitMethods(AbstractAutowireCapableBeanFactory.java:1873)
	at org.springframework.beans.factory.support.AbstractAutowireCapableBeanFactory.initializeBean(AbstractAutowireCapableBeanFactory.java:1822)
	at org.springframework.beans.factory.support.AbstractAutowireCapableBeanFactory.doCreateBean(AbstractAutowireCapableBeanFactory.java:607)
	at org.springframework.beans.factory.support.AbstractAutowireCapableBeanFactory.createBean(AbstractAutowireCapableBeanFactory.java:529)
	at org.springframework.beans.factory.support.AbstractBeanFactory.lambda$doGetBean$0(AbstractBeanFactory.java:339)
	at org.springframework.beans.factory.support.DefaultSingletonBeanRegistry.getSingleton(DefaultSingletonBeanRegistry.java:373)
	at org.springframework.beans.factory.support.AbstractBeanFactory.doGetBean(AbstractBeanFactory.java:337)
	at org.springframework.beans.factory.support.AbstractBeanFactory.getBean(AbstractBeanFactory.java:207)
	at org.springframework.context.support.AbstractApplicationContext.finishBeanFactoryInitialization(AbstractApplicationContext.java:970)
	at org.springframework.context.support.AbstractApplicationContext.refresh(AbstractApplicationContext.java:627)
	at org.springframework.boot.web.servlet.context.ServletWebServerApplicationContext.refresh(ServletWebServerApplicationContext.java:146)
	at org.springframework.boot.SpringApplication.refresh(SpringApplication.java:753)
	at org.springframework.boot.SpringApplication.refreshContext(SpringApplication.java:439)
	at org.springframework.boot.SpringApplication.run(SpringApplication.java:318)
	at org.springframework.boot.SpringApplication.run(SpringApplication.java:1362)
	at org.springframework.boot.SpringApplication.run(SpringApplication.java:1351)
	at io.github.matthewjacobsd.sanaspace.SanaspaceApplication.main(SanaspaceApplication.java:24)
	at java.base/jdk.internal.reflect.DirectMethodHandleAccessor.invoke(DirectMethodHandleAccessor.java:103)
	at java.base/java.lang.reflect.Method.invoke(Method.java:580)
	at org.springframework.boot.devtools.restart.RestartLauncher.run(RestartLauncher.java:50)
Caused by: java.sql.SQLIntegrityConstraintViolationException: (conn=1711) Cannot add or update a child row: a foreign key constraint fails (`sanaspace`.`#sql-alter-16c4-6af`, CONSTRAINT `FK957asorswh9j2ee6w6471j23o` FOREIGN KEY (`medication_id`) REFERENCES `medications` (`id`))
	at org.mariadb.jdbc.export.ExceptionFactory.createException(ExceptionFactory.java:297)
	at org.mariadb.jdbc.export.ExceptionFactory.create(ExceptionFactory.java:378)
	at org.mariadb.jdbc.message.ClientMessage.readPacket(ClientMessage.java:187)
	at org.mariadb.jdbc.client.impl.StandardClient.readPacket(StandardClient.java:1364)
	at org.mariadb.jdbc.client.impl.StandardClient.readResults(StandardClient.java:1303)
	at org.mariadb.jdbc.client.impl.StandardClient.readResponse(StandardClient.java:1222)
	at org.mariadb.jdbc.client.impl.StandardClient.execute(StandardClient.java:1146)
	at org.mariadb.jdbc.Statement.executeInternal(Statement.java:1003)
	at org.mariadb.jdbc.Statement.execute(Statement.java:1132)
	at org.mariadb.jdbc.Statement.execute(Statement.java:471)
	at com.zaxxer.hikari.pool.ProxyStatement.execute(ProxyStatement.java:95)
	at com.zaxxer.hikari.pool.HikariProxyStatement.execute(HikariProxyStatement.java)
	at org.hibernate.tool.schema.internal.exec.GenerationTargetToDatabase.accept(GenerationTargetToDatabase.java:80)
	... 39 common frames omitted
2025-06-11 10:39:58 INFO  o.s.o.j.LocalContainerEntityManagerFactoryBean - Initialized JPA EntityManagerFactory for persistence unit 'default'
2025-06-11 10:39:59 WARN  o.s.b.a.o.j.JpaBaseConfiguration$JpaWebConfiguration - spring.jpa.open-in-view is enabled by default. Therefore, database queries may be performed during view rendering. Explicitly configure spring.jpa.open-in-view to disable this warning
2025-06-11 10:40:00 INFO  o.s.b.a.w.s.WelcomePageHandlerMapping - Adding welcome page template: index
2025-06-11 10:40:01 INFO  o.s.b.d.a.OptionalLiveReloadServer - LiveReload server is running on port 35729
2025-06-11 10:40:01 INFO  o.s.b.a.e.web.EndpointLinksResolver - Exposing 1 endpoint beneath base path '/actuator'
2025-06-11 10:40:02 INFO  o.s.b.w.e.tomcat.TomcatWebServer - Tomcat started on port 8080 (http) with context path '/'
2025-06-11 10:40:02 INFO  i.g.m.sanaspace.SanaspaceApplication - Started SanaspaceApplication in 28.904 seconds (process running for 35.704)
2025-06-11 10:40:02 INFO  i.g.m.sanaspace.SanaspaceApplication - 🚀 Fetching database tables - {} - 2025-06-11T09:40:02.247417200Z
2025-06-11 10:40:02 INFO  i.g.m.sanaspace.SanaspaceApplication - 💡 Tables found in database:
2025-06-11 10:40:02 INFO  i.g.m.sanaspace.SanaspaceApplication - 💡  - doctors
2025-06-11 10:40:02 INFO  i.g.m.sanaspace.SanaspaceApplication - 💡  - insurances
2025-06-11 10:40:02 INFO  i.g.m.sanaspace.SanaspaceApplication - 💡  - medications
2025-06-11 10:40:02 INFO  i.g.m.sanaspace.SanaspaceApplication - 💡  - patients
2025-06-11 10:40:02 INFO  i.g.m.sanaspace.SanaspaceApplication - 💡  - prescriptions
2025-06-11 10:40:02 INFO  i.g.m.sanaspace.SanaspaceApplication - 💡  - visits
2025-06-11 10:40:02 INFO  i.g.m.sanaspace.SanaspaceApplication - ✅ Successfully fetched database tables - Took 27ms
2025-06-11 10:40:02 INFO  i.g.m.sanaspace.SanaspaceApplication - ✅ Sanaspace application started successfully - Took 28975ms
2025-06-11 10:40:02 ERROR i.g.m.sanaspace.SanaspaceApplication - ❌ Failed to start Sanaspace application: null - Request: Application startup - Took 30195ms
Stack: org.springframework.boot.devtools.restart.SilentExitExceptionHandler.exitCurrentThread(SilentExitExceptionHandler.java:92)
org.springframework.boot.devtools.restart.Restarter.immediateRestart(Restarter.java:179)
org.springframework.boot.devtools.restart.Restarter.initialize(Restarter.java:163)
2025-06-11 10:40:55 INFO  o.a.c.c.C.[Tomcat].[localhost].[/] - Initializing Spring DispatcherServlet 'dispatcherServlet'
2025-06-11 10:40:55 INFO  o.s.web.servlet.DispatcherServlet - Initializing Servlet 'dispatcherServlet'
2025-06-11 10:40:55 INFO  o.s.web.servlet.DispatcherServlet - Completed initialization in 4 ms
2025-06-11 10:40:55 INFO  i.g.m.s.controllers.CPrescription - 🚀 Saving prescription... - {uri=/api/prescriptions, method=POST, prescriptionDate=2025-05-20, dosage=50} - 2025-06-11T09:40:55.629159500Z
2025-06-11 10:40:55 INFO  i.g.m.s.services.SPrescription - 🚀 Saving prescription... - {prescriptionDate=2025-05-20, dosage=50} - 2025-06-11T09:40:55.644129100Z
2025-06-11 10:40:55 INFO  i.g.m.s.services.SPrescription - ✅ ✅ save prescription - Took 39ms
2025-06-11 10:40:55 DEBUG org.hibernate.SQL - 
    /* insert for
        io.github.matthewjacobsd.sanaspace.models.Prescription */insert 
    into
        prescriptions (comments, doctor_id, dosage_amount, duration, medication_id, patient_id, prescription_date, id) 
    values
        (?, ?, ?, ?, ?, ?, ?, ?)
2025-06-11 10:40:55 WARN  o.m.jdbc.message.server.ErrorPacket - Error: 1452-23000: Cannot add or update a child row: a foreign key constraint fails (`sanaspace`.`prescriptions`, CONSTRAINT `FKqydyol76jn1o37k1bdbkjgq74` FOREIGN KEY (`patient_id`) REFERENCES `patients` (`id`))
2025-06-11 10:40:55 WARN  o.h.e.jdbc.spi.SqlExceptionHelper - SQL Error: 1452, SQLState: 23000
2025-06-11 10:40:55 ERROR o.h.e.jdbc.spi.SqlExceptionHelper - (conn=1711) Cannot add or update a child row: a foreign key constraint fails (`sanaspace`.`prescriptions`, CONSTRAINT `FKqydyol76jn1o37k1bdbkjgq74` FOREIGN KEY (`patient_id`) REFERENCES `patients` (`id`))
2025-06-11 10:40:55 ERROR i.g.m.s.controllers.CPrescription - ❌ Failed to save prescription: could not execute statement [(conn=1711) Cannot add or update a child row: a foreign key constraint fails (`sanaspace`.`prescriptions`, CONSTRAINT `FKqydyol76jn1o37k1bdbkjgq74` FOREIGN KEY (`patient_id`) REFERENCES `patients` (`id`))] [/* insert for io.github.matthewjacobsd.sanaspace.models.Prescription */insert into prescriptions (comments,doctor_id,dosage_amount,duration,medication_id,patient_id,prescription_date,id) values (?,?,?,?,?,?,?,?)]; SQL [/* insert for io.github.matthewjacobsd.sanaspace.models.Prescription */insert into prescriptions (comments,doctor_id,dosage_amount,duration,medication_id,patient_id,prescription_date,id) values (?,?,?,?,?,?,?,?)]; constraint [null]: could not execute statement [(conn=1711) Cannot add or update a child row: a foreign key constraint fails (`sanaspace`.`prescriptions`, CONSTRAINT `FKqydyol76jn1o37k1bdbkjgq74` FOREIGN KEY (`patient_id`) REFERENCES `patients` (`id`))] [/* insert for io.github.matthewjacobsd.sanaspace.models.Prescription */insert into prescriptions (comments,doctor_id,dosage_amount,duration,medication_id,patient_id,prescription_date,id) values (?,?,?,?,?,?,?,?)]; SQL [/* insert for io.github.matthewjacobsd.sanaspace.models.Prescription */insert into prescriptions (comments,doctor_id,dosage_amount,duration,medication_id,patient_id,prescription_date,id) values (?,?,?,?,?,?,?,?)]; constraint [null] - Request: /api/prescriptions - Took 121ms
Stack: org.springframework.orm.jpa.vendor.HibernateJpaDialect.convertHibernateAccessException(HibernateJpaDialect.java:294)
org.springframework.orm.jpa.vendor.HibernateJpaDialect.convertHibernateAccessException(HibernateJpaDialect.java:256)
org.springframework.orm.jpa.vendor.HibernateJpaDialect.translateExceptionIfPossible(HibernateJpaDialect.java:241)
2025-06-11 10:41:28 INFO  i.g.m.s.controllers.CPrescription - 🚀 Saving prescription... - {uri=/api/prescriptions, method=POST, prescriptionDate=2025-05-20, dosage=50} - 2025-06-11T09:41:28.590139600Z
2025-06-11 10:41:28 INFO  i.g.m.s.services.SPrescription - 🚀 Saving prescription... - {prescriptionDate=2025-05-20, dosage=50} - 2025-06-11T09:41:28.595098Z
2025-06-11 10:41:28 INFO  i.g.m.s.services.SPrescription - ✅ ✅ save prescription - Took 3ms
2025-06-11 10:41:28 DEBUG org.hibernate.SQL - 
    /* insert for
        io.github.matthewjacobsd.sanaspace.models.Prescription */insert 
    into
        prescriptions (comments, doctor_id, dosage_amount, duration, medication_id, patient_id, prescription_date, id) 
    values
        (?, ?, ?, ?, ?, ?, ?, ?)
2025-06-11 10:41:28 WARN  o.m.jdbc.message.server.ErrorPacket - Error: 1452-23000: Cannot add or update a child row: a foreign key constraint fails (`sanaspace`.`prescriptions`, CONSTRAINT `FKqydyol76jn1o37k1bdbkjgq74` FOREIGN KEY (`patient_id`) REFERENCES `patients` (`id`))
2025-06-11 10:41:28 WARN  o.h.e.jdbc.spi.SqlExceptionHelper - SQL Error: 1452, SQLState: 23000
2025-06-11 10:41:28 ERROR o.h.e.jdbc.spi.SqlExceptionHelper - (conn=1711) Cannot add or update a child row: a foreign key constraint fails (`sanaspace`.`prescriptions`, CONSTRAINT `FKqydyol76jn1o37k1bdbkjgq74` FOREIGN KEY (`patient_id`) REFERENCES `patients` (`id`))
2025-06-11 10:41:28 ERROR i.g.m.s.controllers.CPrescription - ❌ Failed to save prescription: could not execute statement [(conn=1711) Cannot add or update a child row: a foreign key constraint fails (`sanaspace`.`prescriptions`, CONSTRAINT `FKqydyol76jn1o37k1bdbkjgq74` FOREIGN KEY (`patient_id`) REFERENCES `patients` (`id`))] [/* insert for io.github.matthewjacobsd.sanaspace.models.Prescription */insert into prescriptions (comments,doctor_id,dosage_amount,duration,medication_id,patient_id,prescription_date,id) values (?,?,?,?,?,?,?,?)]; SQL [/* insert for io.github.matthewjacobsd.sanaspace.models.Prescription */insert into prescriptions (comments,doctor_id,dosage_amount,duration,medication_id,patient_id,prescription_date,id) values (?,?,?,?,?,?,?,?)]; constraint [null]: could not execute statement [(conn=1711) Cannot add or update a child row: a foreign key constraint fails (`sanaspace`.`prescriptions`, CONSTRAINT `FKqydyol76jn1o37k1bdbkjgq74` FOREIGN KEY (`patient_id`) REFERENCES `patients` (`id`))] [/* insert for io.github.matthewjacobsd.sanaspace.models.Prescription */insert into prescriptions (comments,doctor_id,dosage_amount,duration,medication_id,patient_id,prescription_date,id) values (?,?,?,?,?,?,?,?)]; SQL [/* insert for io.github.matthewjacobsd.sanaspace.models.Prescription */insert into prescriptions (comments,doctor_id,dosage_amount,duration,medication_id,patient_id,prescription_date,id) values (?,?,?,?,?,?,?,?)]; constraint [null] - Request: /api/prescriptions - Took 31ms
Stack: org.springframework.orm.jpa.vendor.HibernateJpaDialect.convertHibernateAccessException(HibernateJpaDialect.java:294)
org.springframework.orm.jpa.vendor.HibernateJpaDialect.convertHibernateAccessException(HibernateJpaDialect.java:256)
org.springframework.orm.jpa.vendor.HibernateJpaDialect.translateExceptionIfPossible(HibernateJpaDialect.java:241)
2025-06-11 10:42:57 INFO  i.g.m.sanaspace.controllers.CPatient - 🚀 Fetching patient by ID... - {method=GET, id=a550e897-57f5-402a-9efd-95c97bb9901e, uri=/api/patients/a550e897-57f5-402a-9efd-95c97bb9901e} - 2025-06-11T09:42:57.382456600Z
2025-06-11 10:42:57 INFO  i.g.m.sanaspace.services.SPatient - 🚀 Fetching single patient... - {id=a550e897-57f5-402a-9efd-95c97bb9901e} - 2025-06-11T09:42:57.392041100Z
2025-06-11 10:42:57 DEBUG org.hibernate.SQL - 
    select
        p1_0.id,
        p1_0.address,
        p1_0.email,
        p1_0.first_name,
        i1_0.id,
        i1_0.address,
        i1_0.company_name,
        i1_0.phone_number,
        p1_0.patient_insurance,
        p1_0.last_name,
        p1_0.phone_number,
        p1_0.postcode 
    from
        patients p1_0 
    left join
        insurances i1_0 
            on i1_0.id=p1_0.insurance_id 
    where
        p1_0.id=?
2025-06-11 10:42:57 ERROR i.g.m.sanaspace.services.SPatient - ❌ ❌ Patient not found with id: a550e897-57f5-402a-9efd-95c97bb9901e: Patient not found with id: a550e897-57f5-402a-9efd-95c97bb9901e - Request: fetch patient by ID - Took 145ms
Stack: io.github.matthewjacobsd.sanaspace.services.SPatient.lambda$fetchPatientById$3(SPatient.java:69)
java.base/java.util.Optional.orElseThrow(Optional.java:403)
io.github.matthewjacobsd.sanaspace.services.SPatient.lambda$fetchPatientById$4(SPatient.java:69)
2025-06-11 10:42:57 ERROR i.g.m.sanaspace.controllers.CPatient - ❌ Failed to fetch patient: Patient not found with id: a550e897-57f5-402a-9efd-95c97bb9901e: Patient not found with id: a550e897-57f5-402a-9efd-95c97bb9901e - Request: /api/patients/a550e897-57f5-402a-9efd-95c97bb9901e - Took 159ms
Stack: io.github.matthewjacobsd.sanaspace.services.SPatient.lambda$fetchPatientById$3(SPatient.java:69)
java.base/java.util.Optional.orElseThrow(Optional.java:403)
io.github.matthewjacobsd.sanaspace.services.SPatient.lambda$fetchPatientById$4(SPatient.java:69)
2025-06-11 10:43:08 INFO  i.g.m.sanaspace.controllers.CPatient - 🚀 Saving patient... - {uri=/api/patients, firstName=Emma, method=POST, lastName=Rodriguez} - 2025-06-11T09:43:08.713290700Z
2025-06-11 10:43:08 INFO  i.g.m.sanaspace.services.SPatient - 🚀 Saving patient... - {lastName=Rodriguez, firstName=Emma} - 2025-06-11T09:43:08.718231600Z
2025-06-11 10:43:08 INFO  i.g.m.sanaspace.services.SPatient - ✅ ✅ save patient - Took 19ms
2025-06-11 10:43:08 DEBUG org.hibernate.SQL - 
    /* insert for
        io.github.matthewjacobsd.sanaspace.models.Patient */insert 
    into
        patients (address, email, first_name, insurance_id, patient_insurance, last_name, phone_number, postcode, id) 
    values
        (?, ?, ?, ?, ?, ?, ?, ?, ?)
2025-06-11 10:43:08 INFO  i.g.m.sanaspace.controllers.CPatient - ✅ Patient saved successfully - Took 50ms
2025-06-11 10:43:49 INFO  i.g.m.sanaspace.controllers.CPatient - 🚀 Partially updating patient... - {uri=/api/patients/1c8a4074-3506-480e-ab53-0fb9afad47e0, id=1c8a4074-3506-480e-ab53-0fb9afad47e0, updates=[firstName, lastName, address, email], method=PATCH} - 2025-06-11T09:43:49.150051400Z
2025-06-11 10:43:49 INFO  i.g.m.sanaspace.services.SPatient - 🚀 Updating patient fields... - {updates=[firstName, lastName, address, email], id=1c8a4074-3506-480e-ab53-0fb9afad47e0} - 2025-06-11T09:43:49.152491100Z
2025-06-11 10:43:49 DEBUG org.hibernate.SQL - 
    select
        p1_0.id,
        p1_0.address,
        p1_0.email,
        p1_0.first_name,
        i1_0.id,
        i1_0.address,
        i1_0.company_name,
        i1_0.phone_number,
        p1_0.patient_insurance,
        p1_0.last_name,
        p1_0.phone_number,
        p1_0.postcode 
    from
        patients p1_0 
    left join
        insurances i1_0 
            on i1_0.id=p1_0.insurance_id 
    where
        p1_0.id=?
2025-06-11 10:43:49 INFO  i.g.m.sanaspace.services.SPatient - ✅ ✅ partial update patient - Took 20ms
2025-06-11 10:43:49 DEBUG org.hibernate.SQL - 
    /* update
        for io.github.matthewjacobsd.sanaspace.models.Patient */update patients 
    set
        address=?,
        email=?,
        first_name=?,
        insurance_id=?,
        patient_insurance=?,
        last_name=?,
        phone_number=?,
        postcode=? 
    where
        id=?
2025-06-11 10:43:49 INFO  i.g.m.sanaspace.controllers.CPatient - ✅ Patient partially updated successfully - Took 48ms
2025-06-11 10:43:51 INFO  i.g.m.sanaspace.controllers.CPatient - 🚀 Updating patient... - {uri=/api/patients/1c8a4074-3506-480e-ab53-0fb9afad47e0, method=PUT, firstName=Derek, id=1c8a4074-3506-480e-ab53-0fb9afad47e0, lastName=Doe} - 2025-06-11T09:43:51.746939400Z
2025-06-11 10:43:51 INFO  i.g.m.sanaspace.services.SPatient - 🚀 Updating patient... - {lastName=Doe, firstName=Derek, id=1c8a4074-3506-480e-ab53-0fb9afad47e0} - 2025-06-11T09:43:51.749959900Z
2025-06-11 10:43:51 DEBUG org.hibernate.SQL - 
    select
        p1_0.id,
        p1_0.address,
        p1_0.email,
        p1_0.first_name,
        i1_0.id,
        i1_0.address,
        i1_0.company_name,
        i1_0.phone_number,
        p1_0.patient_insurance,
        p1_0.last_name,
        p1_0.phone_number,
        p1_0.postcode 
    from
        patients p1_0 
    left join
        insurances i1_0 
            on i1_0.id=p1_0.insurance_id 
    where
        p1_0.id=?
2025-06-11 10:43:51 INFO  i.g.m.sanaspace.services.SPatient - ✅ ✅ update patient - Took 8ms
2025-06-11 10:43:51 DEBUG org.hibernate.SQL - 
    /* update
        for io.github.matthewjacobsd.sanaspace.models.Patient */update patients 
    set
        address=?,
        email=?,
        first_name=?,
        insurance_id=?,
        patient_insurance=?,
        last_name=?,
        phone_number=?,
        postcode=? 
    where
        id=?
2025-06-11 10:43:51 INFO  i.g.m.sanaspace.controllers.CPatient - ✅ Patient updated successfully - Took 20ms
2025-06-11 10:44:02 INFO  i.g.m.sanaspace.controllers.CPatient - 🚀 Fetching patient by ID... - {method=GET, id=1c8a4074-3506-480e-ab53-0fb9afad47e0, uri=/api/patients/1c8a4074-3506-480e-ab53-0fb9afad47e0} - 2025-06-11T09:44:02.875155300Z
2025-06-11 10:44:02 INFO  i.g.m.sanaspace.services.SPatient - 🚀 Fetching single patient... - {id=1c8a4074-3506-480e-ab53-0fb9afad47e0} - 2025-06-11T09:44:02.877114400Z
2025-06-11 10:44:02 DEBUG org.hibernate.SQL - 
    select
        p1_0.id,
        p1_0.address,
        p1_0.email,
        p1_0.first_name,
        i1_0.id,
        i1_0.address,
        i1_0.company_name,
        i1_0.phone_number,
        p1_0.patient_insurance,
        p1_0.last_name,
        p1_0.phone_number,
        p1_0.postcode 
    from
        patients p1_0 
    left join
        insurances i1_0 
            on i1_0.id=p1_0.insurance_id 
    where
        p1_0.id=?
2025-06-11 10:44:02 INFO  i.g.m.sanaspace.services.SPatient - ✅ ✅ fetch patient by ID - Took 6ms
2025-06-11 10:44:02 INFO  i.g.m.sanaspace.controllers.CPatient - ✅ Patient fetched successfully - Took 11ms
2025-06-11 10:44:09 INFO  i.g.m.sanaspace.controllers.CPatient - 🚀 Deleting patient... - {method=DELETE, id=1c8a4074-3506-480e-ab53-0fb9afad47e0, uri=/api/patients/1c8a4074-3506-480e-ab53-0fb9afad47e0} - 2025-06-11T09:44:09.622000100Z
2025-06-11 10:44:09 INFO  i.g.m.sanaspace.services.SPatient - 🚀 Deleting patient... - {id=1c8a4074-3506-480e-ab53-0fb9afad47e0} - 2025-06-11T09:44:09.625709Z
2025-06-11 10:44:09 DEBUG org.hibernate.SQL - 
    select
        p1_0.id,
        p1_0.address,
        p1_0.email,
        p1_0.first_name,
        i1_0.id,
        i1_0.address,
        i1_0.company_name,
        i1_0.phone_number,
        p1_0.patient_insurance,
        p1_0.last_name,
        p1_0.phone_number,
        p1_0.postcode 
    from
        patients p1_0 
    left join
        insurances i1_0 
            on i1_0.id=p1_0.insurance_id 
    where
        p1_0.id=?
2025-06-11 10:44:09 DEBUG org.hibernate.SQL - 
    select
        p1_0.patient_id,
        p1_0.id,
        p1_0.comments,
        d1_0.id,
        d1_0.address,
        d1_0.email,
        d1_0.experience,
        d1_0.first_name,
        d1_0.last_name,
        d1_0.specialization,
        p1_0.dosage_amount,
        p1_0.duration,
        m1_0.id,
        m1_0.benefits,
        m1_0.name,
        m1_0.side_effects,
        p1_0.prescription_date 
    from
        prescriptions p1_0 
    left join
        doctors d1_0 
            on d1_0.id=p1_0.doctor_id 
    left join
        medications m1_0 
            on m1_0.id=p1_0.medication_id 
    where
        p1_0.patient_id=?
2025-06-11 10:44:09 DEBUG org.hibernate.SQL - 
    select
        v1_0.patient_id,
        v1_0.doctor_id,
        v1_0.visit_date,
        v1_0.diagnosis,
        d1_0.id,
        d1_0.address,
        d1_0.email,
        d1_0.experience,
        d1_0.first_name,
        d1_0.last_name,
        d1_0.specialization,
        v1_0.symptoms 
    from
        visits v1_0 
    left join
        doctors d1_0 
            on d1_0.id=v1_0.doctor_id 
    where
        v1_0.patient_id=?
2025-06-11 10:44:09 INFO  i.g.m.sanaspace.services.SPatient - ✅ ✅ delete patient - Took 88ms
2025-06-11 10:44:09 DEBUG org.hibernate.SQL - 
    /* delete for io.github.matthewjacobsd.sanaspace.models.Patient */delete 
    from
        patients 
    where
        id=?
2025-06-11 10:44:09 INFO  i.g.m.sanaspace.controllers.CPatient - ✅ Patient deleted successfully - Took 113ms
2025-06-11 10:44:16 INFO  i.g.m.sanaspace.controllers.CPatient - 🚀 Saving patient... - {uri=/api/patients, firstName=Emma, method=POST, lastName=Rodriguez} - 2025-06-11T09:44:16.670846800Z
2025-06-11 10:44:16 INFO  i.g.m.sanaspace.services.SPatient - 🚀 Saving patient... - {lastName=Rodriguez, firstName=Emma} - 2025-06-11T09:44:16.672848900Z
2025-06-11 10:44:16 INFO  i.g.m.sanaspace.services.SPatient - ✅ ✅ save patient - Took 2ms
2025-06-11 10:44:16 DEBUG org.hibernate.SQL - 
    /* insert for
        io.github.matthewjacobsd.sanaspace.models.Patient */insert 
    into
        patients (address, email, first_name, insurance_id, patient_insurance, last_name, phone_number, postcode, id) 
    values
        (?, ?, ?, ?, ?, ?, ?, ?, ?)
2025-06-11 10:44:16 INFO  i.g.m.sanaspace.controllers.CPatient - ✅ Patient saved successfully - Took 12ms
2025-06-11 10:44:44 INFO  i.g.m.s.controllers.CPrescription - 🚀 Saving prescription... - {uri=/api/prescriptions, method=POST, prescriptionDate=2025-05-20, dosage=50} - 2025-06-11T09:44:44.678142100Z
2025-06-11 10:44:44 INFO  i.g.m.s.services.SPrescription - 🚀 Saving prescription... - {prescriptionDate=2025-05-20, dosage=50} - 2025-06-11T09:44:44.681669100Z
2025-06-11 10:44:44 INFO  i.g.m.s.services.SPrescription - ✅ ✅ save prescription - Took 2ms
2025-06-11 10:44:44 DEBUG org.hibernate.SQL - 
    /* insert for
        io.github.matthewjacobsd.sanaspace.models.Prescription */insert 
    into
        prescriptions (comments, doctor_id, dosage_amount, duration, medication_id, patient_id, prescription_date, id) 
    values
        (?, ?, ?, ?, ?, ?, ?, ?)
2025-06-11 10:44:44 WARN  o.m.jdbc.message.server.ErrorPacket - Error: 1452-23000: Cannot add or update a child row: a foreign key constraint fails (`sanaspace`.`prescriptions`, CONSTRAINT `FKqydyol76jn1o37k1bdbkjgq74` FOREIGN KEY (`patient_id`) REFERENCES `patients` (`id`))
2025-06-11 10:44:44 WARN  o.h.e.jdbc.spi.SqlExceptionHelper - SQL Error: 1452, SQLState: 23000
2025-06-11 10:44:44 ERROR o.h.e.jdbc.spi.SqlExceptionHelper - (conn=1711) Cannot add or update a child row: a foreign key constraint fails (`sanaspace`.`prescriptions`, CONSTRAINT `FKqydyol76jn1o37k1bdbkjgq74` FOREIGN KEY (`patient_id`) REFERENCES `patients` (`id`))
2025-06-11 10:44:44 ERROR i.g.m.s.controllers.CPrescription - ❌ Failed to save prescription: could not execute statement [(conn=1711) Cannot add or update a child row: a foreign key constraint fails (`sanaspace`.`prescriptions`, CONSTRAINT `FKqydyol76jn1o37k1bdbkjgq74` FOREIGN KEY (`patient_id`) REFERENCES `patients` (`id`))] [/* insert for io.github.matthewjacobsd.sanaspace.models.Prescription */insert into prescriptions (comments,doctor_id,dosage_amount,duration,medication_id,patient_id,prescription_date,id) values (?,?,?,?,?,?,?,?)]; SQL [/* insert for io.github.matthewjacobsd.sanaspace.models.Prescription */insert into prescriptions (comments,doctor_id,dosage_amount,duration,medication_id,patient_id,prescription_date,id) values (?,?,?,?,?,?,?,?)]; constraint [null]: could not execute statement [(conn=1711) Cannot add or update a child row: a foreign key constraint fails (`sanaspace`.`prescriptions`, CONSTRAINT `FKqydyol76jn1o37k1bdbkjgq74` FOREIGN KEY (`patient_id`) REFERENCES `patients` (`id`))] [/* insert for io.github.matthewjacobsd.sanaspace.models.Prescription */insert into prescriptions (comments,doctor_id,dosage_amount,duration,medication_id,patient_id,prescription_date,id) values (?,?,?,?,?,?,?,?)]; SQL [/* insert for io.github.matthewjacobsd.sanaspace.models.Prescription */insert into prescriptions (comments,doctor_id,dosage_amount,duration,medication_id,patient_id,prescription_date,id) values (?,?,?,?,?,?,?,?)]; constraint [null] - Request: /api/prescriptions - Took 23ms
Stack: org.springframework.orm.jpa.vendor.HibernateJpaDialect.convertHibernateAccessException(HibernateJpaDialect.java:294)
org.springframework.orm.jpa.vendor.HibernateJpaDialect.convertHibernateAccessException(HibernateJpaDialect.java:256)
org.springframework.orm.jpa.vendor.HibernateJpaDialect.translateExceptionIfPossible(HibernateJpaDialect.java:241)
2025-06-11 10:45:29 INFO  i.g.m.s.controllers.CPrescription - 🚀 Saving prescription... - {uri=/api/prescriptions, method=POST, prescriptionDate=2025-05-20, dosage=50} - 2025-06-11T09:45:29.886246100Z
2025-06-11 10:45:29 INFO  i.g.m.s.services.SPrescription - 🚀 Saving prescription... - {prescriptionDate=2025-05-20, dosage=50} - 2025-06-11T09:45:29.889762Z
2025-06-11 10:45:29 INFO  i.g.m.s.services.SPrescription - ✅ ✅ save prescription - Took 3ms
2025-06-11 10:45:29 DEBUG org.hibernate.SQL - 
    /* insert for
        io.github.matthewjacobsd.sanaspace.models.Prescription */insert 
    into
        prescriptions (comments, doctor_id, dosage_amount, duration, medication_id, patient_id, prescription_date, id) 
    values
        (?, ?, ?, ?, ?, ?, ?, ?)
2025-06-11 10:45:29 INFO  i.g.m.s.controllers.CPrescription - ✅ Prescription saved successfully - Took 16ms
2025-06-11 10:47:14 WARN  o.s.w.s.m.m.a.ExceptionHandlerExceptionResolver - Resolved [org.springframework.web.servlet.resource.NoResourceFoundException: No static resource api/prescriptions.]
2025-06-11 10:51:00 WARN  o.s.w.s.m.m.a.ExceptionHandlerExceptionResolver - Resolved [org.springframework.web.servlet.resource.NoResourceFoundException: No static resource api/prescriptions.]
2025-06-11 10:53:27 INFO  o.s.b.d.a.LocalDevToolsAutoConfiguration$RestartingClassPathChangeChangedEventListener - Restarting due to 33 class path changes (0 additions, 33 deletions, 0 modifications)
2025-06-11 10:53:27 INFO  o.s.b.w.e.tomcat.GracefulShutdown - Commencing graceful shutdown. Waiting for active requests to complete
2025-06-11 10:53:27 INFO  o.s.b.w.e.tomcat.GracefulShutdown - Graceful shutdown complete
2025-06-11 10:53:27 INFO  o.s.o.j.LocalContainerEntityManagerFactoryBean - Closing JPA EntityManagerFactory for persistence unit 'default'
2025-06-11 10:53:28 INFO  com.zaxxer.hikari.HikariDataSource - HikariPool-1 - Shutdown initiated...
2025-06-11 10:53:28 INFO  com.zaxxer.hikari.HikariDataSource - HikariPool-1 - Shutdown completed.
2025-06-11 10:53:28 INFO  i.g.m.sanaspace.SanaspaceApplication - 🚀 Starting Sanaspace application - {} - 2025-06-11T09:53:28.719993600Z
2025-06-11 10:53:28 INFO  i.g.m.sanaspace.SanaspaceApplication - Starting SanaspaceApplication using Java 21.0.7 with PID 28372 (C:\Users\emerd\Code\sanaspace\build\classes\java\main started by emerd in C:\Users\emerd\Code\sanaspace)
2025-06-11 10:53:28 INFO  i.g.m.sanaspace.SanaspaceApplication - No active profile set, falling back to 1 default profile: "default"
2025-06-11 10:53:31 INFO  o.s.d.r.c.RepositoryConfigurationDelegate - Bootstrapping Spring Data JPA repositories in DEFAULT mode.
2025-06-11 10:53:31 INFO  o.s.d.r.c.RepositoryConfigurationDelegate - Finished Spring Data repository scanning in 12 ms. Found 0 JPA repository interfaces.
2025-06-11 10:53:32 INFO  o.s.b.w.e.tomcat.TomcatWebServer - Tomcat initialized with port 8080 (http)
2025-06-11 10:53:32 INFO  o.a.catalina.core.StandardService - Starting service [Tomcat]
2025-06-11 10:53:32 INFO  o.a.catalina.core.StandardEngine - Starting Servlet engine: [Apache Tomcat/10.1.41]
2025-06-11 10:53:32 INFO  o.a.c.c.C.[Tomcat].[localhost].[/] - Initializing Spring embedded WebApplicationContext
2025-06-11 10:53:32 INFO  o.s.b.w.s.c.ServletWebServerApplicationContext - Root WebApplicationContext: initialization completed in 3373 ms
2025-06-11 10:53:32 INFO  o.h.jpa.internal.util.LogHelper - HHH000204: Processing PersistenceUnitInfo [name: default]
2025-06-11 10:53:32 INFO  o.h.c.i.RegionFactoryInitiator - HHH000026: Second-level cache disabled
2025-06-11 10:53:33 INFO  o.s.o.j.p.SpringPersistenceUnitInfo - No LoadTimeWeaver setup: ignoring JPA class transformer
2025-06-11 10:53:33 INFO  com.zaxxer.hikari.HikariDataSource - HikariPool-2 - Starting...
2025-06-11 10:53:33 INFO  com.zaxxer.hikari.pool.HikariPool - HikariPool-2 - Added connection org.mariadb.jdbc.Connection@53734519
2025-06-11 10:53:33 INFO  com.zaxxer.hikari.HikariDataSource - HikariPool-2 - Start completed.
2025-06-11 10:53:33 INFO  o.hibernate.orm.connections.pooling - HHH10001005: Database info:
	Database JDBC URL [Connecting through datasource 'HikariDataSource (HikariPool-2)']
	Database driver: undefined/unknown
	Database version: 11.7.2
	Autocommit mode: undefined/unknown
	Isolation level: undefined/unknown
	Minimum pool size: undefined/unknown
	Maximum pool size: undefined/unknown
2025-06-11 10:53:33 INFO  o.h.e.t.j.p.i.JtaPlatformInitiator - HHH000489: No JTA platform available (set 'hibernate.transaction.jta.platform' to enable JTA platform integration)
2025-06-11 10:53:33 INFO  o.s.o.j.LocalContainerEntityManagerFactoryBean - Initialized JPA EntityManagerFactory for persistence unit 'default'
2025-06-11 10:53:34 WARN  o.s.b.a.o.j.JpaBaseConfiguration$JpaWebConfiguration - spring.jpa.open-in-view is enabled by default. Therefore, database queries may be performed during view rendering. Explicitly configure spring.jpa.open-in-view to disable this warning
2025-06-11 10:53:34 INFO  o.s.b.a.w.s.WelcomePageHandlerMapping - Adding welcome page template: index
2025-06-11 10:53:36 INFO  o.s.b.d.a.OptionalLiveReloadServer - LiveReload server is running on port 35729
2025-06-11 10:53:36 INFO  o.s.b.a.e.web.EndpointLinksResolver - Exposing 1 endpoint beneath base path '/actuator'
2025-06-11 10:53:36 INFO  o.s.b.w.e.tomcat.TomcatWebServer - Tomcat started on port 8080 (http) with context path '/'
2025-06-11 10:53:36 INFO  i.g.m.sanaspace.SanaspaceApplication - Started SanaspaceApplication in 7.691 seconds (process running for 849.912)
2025-06-11 10:53:36 INFO  i.g.m.sanaspace.SanaspaceApplication - 🚀 Fetching database tables - {} - 2025-06-11T09:53:36.439099800Z
2025-06-11 10:53:36 INFO  i.g.m.sanaspace.SanaspaceApplication - 💡 Tables found in database:
2025-06-11 10:53:36 INFO  i.g.m.sanaspace.SanaspaceApplication - 💡  - doctors
2025-06-11 10:53:36 INFO  i.g.m.sanaspace.SanaspaceApplication - 💡  - insurances
2025-06-11 10:53:36 INFO  i.g.m.sanaspace.SanaspaceApplication - 💡  - medications
2025-06-11 10:53:36 INFO  i.g.m.sanaspace.SanaspaceApplication - 💡  - patients
2025-06-11 10:53:36 INFO  i.g.m.sanaspace.SanaspaceApplication - 💡  - prescriptions
2025-06-11 10:53:36 INFO  i.g.m.sanaspace.SanaspaceApplication - 💡  - visits
2025-06-11 10:53:36 INFO  i.g.m.sanaspace.SanaspaceApplication - ✅ Successfully fetched database tables - Took 80ms
2025-06-11 10:53:36 INFO  o.s.b.d.a.ConditionEvaluationDeltaLoggingListener - Condition evaluation unchanged
2025-06-11 10:53:36 INFO  i.g.m.sanaspace.SanaspaceApplication - ✅ Sanaspace application started successfully - Took 7816ms
2025-06-11 10:53:40 INFO  o.s.b.d.a.LocalDevToolsAutoConfiguration$RestartingClassPathChangeChangedEventListener - Restarting due to 33 class path changes (33 additions, 0 deletions, 0 modifications)
2025-06-11 10:53:40 INFO  o.s.b.w.e.tomcat.GracefulShutdown - Commencing graceful shutdown. Waiting for active requests to complete
2025-06-11 10:53:40 INFO  o.s.b.w.e.tomcat.GracefulShutdown - Graceful shutdown complete
2025-06-11 10:53:40 INFO  o.s.o.j.LocalContainerEntityManagerFactoryBean - Closing JPA EntityManagerFactory for persistence unit 'default'
2025-06-11 10:53:40 INFO  com.zaxxer.hikari.HikariDataSource - HikariPool-2 - Shutdown initiated...
2025-06-11 10:53:41 INFO  com.zaxxer.hikari.HikariDataSource - HikariPool-2 - Shutdown completed.
2025-06-11 10:53:48 INFO  i.g.m.sanaspace.SanaspaceApplication - Starting SanaspaceApplication using Java 21.0.7 with PID 12140 (C:\Users\emerd\Code\sanaspace\build\classes\java\main started by emerd in C:\Users\emerd\Code\sanaspace)
2025-06-11 10:53:48 INFO  i.g.m.sanaspace.SanaspaceApplication - No active profile set, falling back to 1 default profile: "default"
2025-06-11 10:53:48 INFO  o.s.b.d.e.DevToolsPropertyDefaultsPostProcessor - Devtools property defaults active! Set 'spring.devtools.add-properties' to 'false' to disable
2025-06-11 10:53:48 INFO  o.s.b.d.e.DevToolsPropertyDefaultsPostProcessor - For additional web related logging consider setting the 'logging.level.web' property to 'DEBUG'
2025-06-11 10:53:52 INFO  o.s.d.r.c.RepositoryConfigurationDelegate - Bootstrapping Spring Data JPA repositories in DEFAULT mode.
2025-06-11 10:53:53 INFO  o.s.d.r.c.RepositoryConfigurationDelegate - Finished Spring Data repository scanning in 273 ms. Found 6 JPA repository interfaces.
2025-06-11 10:53:55 INFO  o.s.b.w.e.tomcat.TomcatWebServer - Tomcat initialized with port 8080 (http)
2025-06-11 10:53:55 INFO  o.a.catalina.core.StandardService - Starting service [Tomcat]
2025-06-11 10:53:55 INFO  o.a.catalina.core.StandardEngine - Starting Servlet engine: [Apache Tomcat/10.1.41]
2025-06-11 10:53:56 INFO  o.a.c.c.C.[Tomcat].[localhost].[/] - Initializing Spring embedded WebApplicationContext
2025-06-11 10:53:56 INFO  o.s.b.w.s.c.ServletWebServerApplicationContext - Root WebApplicationContext: initialization completed in 7478 ms
2025-06-11 10:53:57 INFO  o.h.jpa.internal.util.LogHelper - HHH000204: Processing PersistenceUnitInfo [name: default]
2025-06-11 10:53:57 INFO  org.hibernate.Version - HHH000412: Hibernate ORM core version 6.6.15.Final
2025-06-11 10:53:58 INFO  o.h.c.i.RegionFactoryInitiator - HHH000026: Second-level cache disabled
2025-06-11 10:53:59 INFO  o.s.o.j.p.SpringPersistenceUnitInfo - No LoadTimeWeaver setup: ignoring JPA class transformer
2025-06-11 10:53:59 INFO  com.zaxxer.hikari.HikariDataSource - HikariPool-1 - Starting...
2025-06-11 10:53:59 INFO  com.zaxxer.hikari.pool.HikariPool - HikariPool-1 - Added connection org.mariadb.jdbc.Connection@e1fecad
2025-06-11 10:53:59 INFO  com.zaxxer.hikari.HikariDataSource - HikariPool-1 - Start completed.
2025-06-11 10:53:59 INFO  o.hibernate.orm.connections.pooling - HHH10001005: Database info:
	Database JDBC URL [Connecting through datasource 'HikariDataSource (HikariPool-1)']
	Database driver: undefined/unknown
	Database version: 11.7.2
	Autocommit mode: undefined/unknown
	Isolation level: undefined/unknown
	Minimum pool size: undefined/unknown
	Maximum pool size: undefined/unknown
2025-06-11 10:54:02 INFO  o.h.e.t.j.p.i.JtaPlatformInitiator - HHH000489: No JTA platform available (set 'hibernate.transaction.jta.platform' to enable JTA platform integration)
2025-06-11 10:54:02 DEBUG org.hibernate.SQL - 
    alter table if exists visits 
       modify column symptoms varchar(50)
2025-06-11 10:54:02 WARN  o.m.jdbc.message.server.ErrorPacket - Error: 1406-22001: Data too long for column 'symptoms' at row 1
2025-06-11 10:54:02 WARN  o.h.t.s.i.ExceptionHandlerLoggedImpl - GenerationTarget encountered exception accepting command : Error executing DDL "
    alter table if exists visits 
       modify column symptoms varchar(50)" via JDBC [(conn=1731) Data too long for column 'symptoms' at row 1]
org.hibernate.tool.schema.spi.CommandAcceptanceException: Error executing DDL "
    alter table if exists visits 
       modify column symptoms varchar(50)" via JDBC [(conn=1731) Data too long for column 'symptoms' at row 1]
	at org.hibernate.tool.schema.internal.exec.GenerationTargetToDatabase.accept(GenerationTargetToDatabase.java:94)
	at org.hibernate.tool.schema.internal.AbstractSchemaMigrator.applySqlString(AbstractSchemaMigrator.java:576)
	at org.hibernate.tool.schema.internal.AbstractSchemaMigrator.applySqlStrings(AbstractSchemaMigrator.java:516)
	at org.hibernate.tool.schema.internal.AbstractSchemaMigrator.migrateTable(AbstractSchemaMigrator.java:334)
	at org.hibernate.tool.schema.internal.GroupedSchemaMigratorImpl.performTablesMigration(GroupedSchemaMigratorImpl.java:84)
	at org.hibernate.tool.schema.internal.AbstractSchemaMigrator.performMigration(AbstractSchemaMigrator.java:233)
	at org.hibernate.tool.schema.internal.AbstractSchemaMigrator.doMigration(AbstractSchemaMigrator.java:112)
	at org.hibernate.tool.schema.spi.SchemaManagementToolCoordinator.performDatabaseAction(SchemaManagementToolCoordinator.java:280)
	at org.hibernate.tool.schema.spi.SchemaManagementToolCoordinator.lambda$process$5(SchemaManagementToolCoordinator.java:144)
	at java.base/java.util.HashMap.forEach(HashMap.java:1429)
	at org.hibernate.tool.schema.spi.SchemaManagementToolCoordinator.process(SchemaManagementToolCoordinator.java:141)
	at org.hibernate.boot.internal.SessionFactoryObserverForSchemaExport.sessionFactoryCreated(SessionFactoryObserverForSchemaExport.java:37)
	at org.hibernate.internal.SessionFactoryObserverChain.sessionFactoryCreated(SessionFactoryObserverChain.java:35)
	at org.hibernate.internal.SessionFactoryImpl.<init>(SessionFactoryImpl.java:324)
	at org.hibernate.boot.internal.SessionFactoryBuilderImpl.build(SessionFactoryBuilderImpl.java:463)
	at org.hibernate.jpa.boot.internal.EntityManagerFactoryBuilderImpl.build(EntityManagerFactoryBuilderImpl.java:1517)
	at org.springframework.orm.jpa.vendor.SpringHibernateJpaPersistenceProvider.createContainerEntityManagerFactory(SpringHibernateJpaPersistenceProvider.java:66)
	at org.springframework.orm.jpa.LocalContainerEntityManagerFactoryBean.createNativeEntityManagerFactory(LocalContainerEntityManagerFactoryBean.java:390)
	at org.springframework.orm.jpa.AbstractEntityManagerFactoryBean.buildNativeEntityManagerFactory(AbstractEntityManagerFactoryBean.java:419)
	at org.springframework.orm.jpa.AbstractEntityManagerFactoryBean.afterPropertiesSet(AbstractEntityManagerFactoryBean.java:400)
	at org.springframework.orm.jpa.LocalContainerEntityManagerFactoryBean.afterPropertiesSet(LocalContainerEntityManagerFactoryBean.java:366)
	at org.springframework.beans.factory.support.AbstractAutowireCapableBeanFactory.invokeInitMethods(AbstractAutowireCapableBeanFactory.java:1873)
	at org.springframework.beans.factory.support.AbstractAutowireCapableBeanFactory.initializeBean(AbstractAutowireCapableBeanFactory.java:1822)
	at org.springframework.beans.factory.support.AbstractAutowireCapableBeanFactory.doCreateBean(AbstractAutowireCapableBeanFactory.java:607)
	at org.springframework.beans.factory.support.AbstractAutowireCapableBeanFactory.createBean(AbstractAutowireCapableBeanFactory.java:529)
	at org.springframework.beans.factory.support.AbstractBeanFactory.lambda$doGetBean$0(AbstractBeanFactory.java:339)
	at org.springframework.beans.factory.support.DefaultSingletonBeanRegistry.getSingleton(DefaultSingletonBeanRegistry.java:373)
	at org.springframework.beans.factory.support.AbstractBeanFactory.doGetBean(AbstractBeanFactory.java:337)
	at org.springframework.beans.factory.support.AbstractBeanFactory.getBean(AbstractBeanFactory.java:207)
	at org.springframework.context.support.AbstractApplicationContext.finishBeanFactoryInitialization(AbstractApplicationContext.java:970)
	at org.springframework.context.support.AbstractApplicationContext.refresh(AbstractApplicationContext.java:627)
	at org.springframework.boot.web.servlet.context.ServletWebServerApplicationContext.refresh(ServletWebServerApplicationContext.java:146)
	at org.springframework.boot.SpringApplication.refresh(SpringApplication.java:753)
	at org.springframework.boot.SpringApplication.refreshContext(SpringApplication.java:439)
	at org.springframework.boot.SpringApplication.run(SpringApplication.java:318)
	at org.springframework.boot.SpringApplication.run(SpringApplication.java:1362)
	at org.springframework.boot.SpringApplication.run(SpringApplication.java:1351)
	at io.github.matthewjacobsd.sanaspace.SanaspaceApplication.main(SanaspaceApplication.java:24)
	at java.base/jdk.internal.reflect.DirectMethodHandleAccessor.invoke(DirectMethodHandleAccessor.java:103)
	at java.base/java.lang.reflect.Method.invoke(Method.java:580)
	at org.springframework.boot.devtools.restart.RestartLauncher.run(RestartLauncher.java:50)
Caused by: java.sql.SQLSyntaxErrorException: (conn=1731) Data too long for column 'symptoms' at row 1
	at org.mariadb.jdbc.export.ExceptionFactory.createException(ExceptionFactory.java:289)
	at org.mariadb.jdbc.export.ExceptionFactory.create(ExceptionFactory.java:378)
	at org.mariadb.jdbc.message.ClientMessage.readPacket(ClientMessage.java:187)
	at org.mariadb.jdbc.client.impl.StandardClient.readPacket(StandardClient.java:1364)
	at org.mariadb.jdbc.client.impl.StandardClient.readResults(StandardClient.java:1303)
	at org.mariadb.jdbc.client.impl.StandardClient.readResponse(StandardClient.java:1222)
	at org.mariadb.jdbc.client.impl.StandardClient.execute(StandardClient.java:1146)
	at org.mariadb.jdbc.Statement.executeInternal(Statement.java:1003)
	at org.mariadb.jdbc.Statement.execute(Statement.java:1132)
	at org.mariadb.jdbc.Statement.execute(Statement.java:471)
	at com.zaxxer.hikari.pool.ProxyStatement.execute(ProxyStatement.java:95)
	at com.zaxxer.hikari.pool.HikariProxyStatement.execute(HikariProxyStatement.java)
	at org.hibernate.tool.schema.internal.exec.GenerationTargetToDatabase.accept(GenerationTargetToDatabase.java:80)
	... 40 common frames omitted
2025-06-11 10:54:02 DEBUG org.hibernate.SQL - 
    alter table if exists patients 
       add constraint FKhkntdq6ujwdgqbx8iwffi2ffb 
       foreign key (insurance_id) 
       references insurances (id)
2025-06-11 10:54:02 WARN  o.m.jdbc.message.server.ErrorPacket - Error: 1452-23000: Cannot add or update a child row: a foreign key constraint fails (`sanaspace`.`#sql-alter-16c4-6c3`, CONSTRAINT `FKhkntdq6ujwdgqbx8iwffi2ffb` FOREIGN KEY (`insurance_id`) REFERENCES `insurances` (`id`))
2025-06-11 10:54:02 WARN  o.h.t.s.i.ExceptionHandlerLoggedImpl - GenerationTarget encountered exception accepting command : Error executing DDL "
    alter table if exists patients 
       add constraint FKhkntdq6ujwdgqbx8iwffi2ffb 
       foreign key (insurance_id) 
       references insurances (id)" via JDBC [(conn=1731) Cannot add or update a child row: a foreign key constraint fails (`sanaspace`.`#sql-alter-16c4-6c3`, CONSTRAINT `FKhkntdq6ujwdgqbx8iwffi2ffb` FOREIGN KEY (`insurance_id`) REFERENCES `insurances` (`id`))]
org.hibernate.tool.schema.spi.CommandAcceptanceException: Error executing DDL "
    alter table if exists patients 
       add constraint FKhkntdq6ujwdgqbx8iwffi2ffb 
       foreign key (insurance_id) 
       references insurances (id)" via JDBC [(conn=1731) Cannot add or update a child row: a foreign key constraint fails (`sanaspace`.`#sql-alter-16c4-6c3`, CONSTRAINT `FKhkntdq6ujwdgqbx8iwffi2ffb` FOREIGN KEY (`insurance_id`) REFERENCES `insurances` (`id`))]
	at org.hibernate.tool.schema.internal.exec.GenerationTargetToDatabase.accept(GenerationTargetToDatabase.java:94)
	at org.hibernate.tool.schema.internal.AbstractSchemaMigrator.applySqlString(AbstractSchemaMigrator.java:576)
	at org.hibernate.tool.schema.internal.AbstractSchemaMigrator.applySqlStrings(AbstractSchemaMigrator.java:516)
	at org.hibernate.tool.schema.internal.AbstractSchemaMigrator.applyForeignKeys(AbstractSchemaMigrator.java:448)
	at org.hibernate.tool.schema.internal.AbstractSchemaMigrator.performMigration(AbstractSchemaMigrator.java:269)
	at org.hibernate.tool.schema.internal.AbstractSchemaMigrator.doMigration(AbstractSchemaMigrator.java:112)
	at org.hibernate.tool.schema.spi.SchemaManagementToolCoordinator.performDatabaseAction(SchemaManagementToolCoordinator.java:280)
	at org.hibernate.tool.schema.spi.SchemaManagementToolCoordinator.lambda$process$5(SchemaManagementToolCoordinator.java:144)
	at java.base/java.util.HashMap.forEach(HashMap.java:1429)
	at org.hibernate.tool.schema.spi.SchemaManagementToolCoordinator.process(SchemaManagementToolCoordinator.java:141)
	at org.hibernate.boot.internal.SessionFactoryObserverForSchemaExport.sessionFactoryCreated(SessionFactoryObserverForSchemaExport.java:37)
	at org.hibernate.internal.SessionFactoryObserverChain.sessionFactoryCreated(SessionFactoryObserverChain.java:35)
	at org.hibernate.internal.SessionFactoryImpl.<init>(SessionFactoryImpl.java:324)
	at org.hibernate.boot.internal.SessionFactoryBuilderImpl.build(SessionFactoryBuilderImpl.java:463)
	at org.hibernate.jpa.boot.internal.EntityManagerFactoryBuilderImpl.build(EntityManagerFactoryBuilderImpl.java:1517)
	at org.springframework.orm.jpa.vendor.SpringHibernateJpaPersistenceProvider.createContainerEntityManagerFactory(SpringHibernateJpaPersistenceProvider.java:66)
	at org.springframework.orm.jpa.LocalContainerEntityManagerFactoryBean.createNativeEntityManagerFactory(LocalContainerEntityManagerFactoryBean.java:390)
	at org.springframework.orm.jpa.AbstractEntityManagerFactoryBean.buildNativeEntityManagerFactory(AbstractEntityManagerFactoryBean.java:419)
	at org.springframework.orm.jpa.AbstractEntityManagerFactoryBean.afterPropertiesSet(AbstractEntityManagerFactoryBean.java:400)
	at org.springframework.orm.jpa.LocalContainerEntityManagerFactoryBean.afterPropertiesSet(LocalContainerEntityManagerFactoryBean.java:366)
	at org.springframework.beans.factory.support.AbstractAutowireCapableBeanFactory.invokeInitMethods(AbstractAutowireCapableBeanFactory.java:1873)
	at org.springframework.beans.factory.support.AbstractAutowireCapableBeanFactory.initializeBean(AbstractAutowireCapableBeanFactory.java:1822)
	at org.springframework.beans.factory.support.AbstractAutowireCapableBeanFactory.doCreateBean(AbstractAutowireCapableBeanFactory.java:607)
	at org.springframework.beans.factory.support.AbstractAutowireCapableBeanFactory.createBean(AbstractAutowireCapableBeanFactory.java:529)
	at org.springframework.beans.factory.support.AbstractBeanFactory.lambda$doGetBean$0(AbstractBeanFactory.java:339)
	at org.springframework.beans.factory.support.DefaultSingletonBeanRegistry.getSingleton(DefaultSingletonBeanRegistry.java:373)
	at org.springframework.beans.factory.support.AbstractBeanFactory.doGetBean(AbstractBeanFactory.java:337)
	at org.springframework.beans.factory.support.AbstractBeanFactory.getBean(AbstractBeanFactory.java:207)
	at org.springframework.context.support.AbstractApplicationContext.finishBeanFactoryInitialization(AbstractApplicationContext.java:970)
	at org.springframework.context.support.AbstractApplicationContext.refresh(AbstractApplicationContext.java:627)
	at org.springframework.boot.web.servlet.context.ServletWebServerApplicationContext.refresh(ServletWebServerApplicationContext.java:146)
	at org.springframework.boot.SpringApplication.refresh(SpringApplication.java:753)
	at org.springframework.boot.SpringApplication.refreshContext(SpringApplication.java:439)
	at org.springframework.boot.SpringApplication.run(SpringApplication.java:318)
	at org.springframework.boot.SpringApplication.run(SpringApplication.java:1362)
	at org.springframework.boot.SpringApplication.run(SpringApplication.java:1351)
	at io.github.matthewjacobsd.sanaspace.SanaspaceApplication.main(SanaspaceApplication.java:24)
	at java.base/jdk.internal.reflect.DirectMethodHandleAccessor.invoke(DirectMethodHandleAccessor.java:103)
	at java.base/java.lang.reflect.Method.invoke(Method.java:580)
	at org.springframework.boot.devtools.restart.RestartLauncher.run(RestartLauncher.java:50)
Caused by: java.sql.SQLIntegrityConstraintViolationException: (conn=1731) Cannot add or update a child row: a foreign key constraint fails (`sanaspace`.`#sql-alter-16c4-6c3`, CONSTRAINT `FKhkntdq6ujwdgqbx8iwffi2ffb` FOREIGN KEY (`insurance_id`) REFERENCES `insurances` (`id`))
	at org.mariadb.jdbc.export.ExceptionFactory.createException(ExceptionFactory.java:297)
	at org.mariadb.jdbc.export.ExceptionFactory.create(ExceptionFactory.java:378)
	at org.mariadb.jdbc.message.ClientMessage.readPacket(ClientMessage.java:187)
	at org.mariadb.jdbc.client.impl.StandardClient.readPacket(StandardClient.java:1364)
	at org.mariadb.jdbc.client.impl.StandardClient.readResults(StandardClient.java:1303)
	at org.mariadb.jdbc.client.impl.StandardClient.readResponse(StandardClient.java:1222)
	at org.mariadb.jdbc.client.impl.StandardClient.execute(StandardClient.java:1146)
	at org.mariadb.jdbc.Statement.executeInternal(Statement.java:1003)
	at org.mariadb.jdbc.Statement.execute(Statement.java:1132)
	at org.mariadb.jdbc.Statement.execute(Statement.java:471)
	at com.zaxxer.hikari.pool.ProxyStatement.execute(ProxyStatement.java:95)
	at com.zaxxer.hikari.pool.HikariProxyStatement.execute(HikariProxyStatement.java)
	at org.hibernate.tool.schema.internal.exec.GenerationTargetToDatabase.accept(GenerationTargetToDatabase.java:80)
	... 39 common frames omitted
2025-06-11 10:54:02 DEBUG org.hibernate.SQL - 
    alter table if exists prescriptions 
       add constraint FK957asorswh9j2ee6w6471j23o 
       foreign key (medication_id) 
       references medications (id)
2025-06-11 10:54:03 WARN  o.m.jdbc.message.server.ErrorPacket - Error: 1452-23000: Cannot add or update a child row: a foreign key constraint fails (`sanaspace`.`#sql-alter-16c4-6c3`, CONSTRAINT `FK957asorswh9j2ee6w6471j23o` FOREIGN KEY (`medication_id`) REFERENCES `medications` (`id`))
2025-06-11 10:54:03 WARN  o.h.t.s.i.ExceptionHandlerLoggedImpl - GenerationTarget encountered exception accepting command : Error executing DDL "
    alter table if exists prescriptions 
       add constraint FK957asorswh9j2ee6w6471j23o 
       foreign key (medication_id) 
       references medications (id)" via JDBC [(conn=1731) Cannot add or update a child row: a foreign key constraint fails (`sanaspace`.`#sql-alter-16c4-6c3`, CONSTRAINT `FK957asorswh9j2ee6w6471j23o` FOREIGN KEY (`medication_id`) REFERENCES `medications` (`id`))]
org.hibernate.tool.schema.spi.CommandAcceptanceException: Error executing DDL "
    alter table if exists prescriptions 
       add constraint FK957asorswh9j2ee6w6471j23o 
       foreign key (medication_id) 
       references medications (id)" via JDBC [(conn=1731) Cannot add or update a child row: a foreign key constraint fails (`sanaspace`.`#sql-alter-16c4-6c3`, CONSTRAINT `FK957asorswh9j2ee6w6471j23o` FOREIGN KEY (`medication_id`) REFERENCES `medications` (`id`))]
	at org.hibernate.tool.schema.internal.exec.GenerationTargetToDatabase.accept(GenerationTargetToDatabase.java:94)
	at org.hibernate.tool.schema.internal.AbstractSchemaMigrator.applySqlString(AbstractSchemaMigrator.java:576)
	at org.hibernate.tool.schema.internal.AbstractSchemaMigrator.applySqlStrings(AbstractSchemaMigrator.java:516)
	at org.hibernate.tool.schema.internal.AbstractSchemaMigrator.applyForeignKeys(AbstractSchemaMigrator.java:448)
	at org.hibernate.tool.schema.internal.AbstractSchemaMigrator.performMigration(AbstractSchemaMigrator.java:269)
	at org.hibernate.tool.schema.internal.AbstractSchemaMigrator.doMigration(AbstractSchemaMigrator.java:112)
	at org.hibernate.tool.schema.spi.SchemaManagementToolCoordinator.performDatabaseAction(SchemaManagementToolCoordinator.java:280)
	at org.hibernate.tool.schema.spi.SchemaManagementToolCoordinator.lambda$process$5(SchemaManagementToolCoordinator.java:144)
	at java.base/java.util.HashMap.forEach(HashMap.java:1429)
	at org.hibernate.tool.schema.spi.SchemaManagementToolCoordinator.process(SchemaManagementToolCoordinator.java:141)
	at org.hibernate.boot.internal.SessionFactoryObserverForSchemaExport.sessionFactoryCreated(SessionFactoryObserverForSchemaExport.java:37)
	at org.hibernate.internal.SessionFactoryObserverChain.sessionFactoryCreated(SessionFactoryObserverChain.java:35)
	at org.hibernate.internal.SessionFactoryImpl.<init>(SessionFactoryImpl.java:324)
	at org.hibernate.boot.internal.SessionFactoryBuilderImpl.build(SessionFactoryBuilderImpl.java:463)
	at org.hibernate.jpa.boot.internal.EntityManagerFactoryBuilderImpl.build(EntityManagerFactoryBuilderImpl.java:1517)
	at org.springframework.orm.jpa.vendor.SpringHibernateJpaPersistenceProvider.createContainerEntityManagerFactory(SpringHibernateJpaPersistenceProvider.java:66)
	at org.springframework.orm.jpa.LocalContainerEntityManagerFactoryBean.createNativeEntityManagerFactory(LocalContainerEntityManagerFactoryBean.java:390)
	at org.springframework.orm.jpa.AbstractEntityManagerFactoryBean.buildNativeEntityManagerFactory(AbstractEntityManagerFactoryBean.java:419)
	at org.springframework.orm.jpa.AbstractEntityManagerFactoryBean.afterPropertiesSet(AbstractEntityManagerFactoryBean.java:400)
	at org.springframework.orm.jpa.LocalContainerEntityManagerFactoryBean.afterPropertiesSet(LocalContainerEntityManagerFactoryBean.java:366)
	at org.springframework.beans.factory.support.AbstractAutowireCapableBeanFactory.invokeInitMethods(AbstractAutowireCapableBeanFactory.java:1873)
	at org.springframework.beans.factory.support.AbstractAutowireCapableBeanFactory.initializeBean(AbstractAutowireCapableBeanFactory.java:1822)
	at org.springframework.beans.factory.support.AbstractAutowireCapableBeanFactory.doCreateBean(AbstractAutowireCapableBeanFactory.java:607)
	at org.springframework.beans.factory.support.AbstractAutowireCapableBeanFactory.createBean(AbstractAutowireCapableBeanFactory.java:529)
	at org.springframework.beans.factory.support.AbstractBeanFactory.lambda$doGetBean$0(AbstractBeanFactory.java:339)
	at org.springframework.beans.factory.support.DefaultSingletonBeanRegistry.getSingleton(DefaultSingletonBeanRegistry.java:373)
	at org.springframework.beans.factory.support.AbstractBeanFactory.doGetBean(AbstractBeanFactory.java:337)
	at org.springframework.beans.factory.support.AbstractBeanFactory.getBean(AbstractBeanFactory.java:207)
	at org.springframework.context.support.AbstractApplicationContext.finishBeanFactoryInitialization(AbstractApplicationContext.java:970)
	at org.springframework.context.support.AbstractApplicationContext.refresh(AbstractApplicationContext.java:627)
	at org.springframework.boot.web.servlet.context.ServletWebServerApplicationContext.refresh(ServletWebServerApplicationContext.java:146)
	at org.springframework.boot.SpringApplication.refresh(SpringApplication.java:753)
	at org.springframework.boot.SpringApplication.refreshContext(SpringApplication.java:439)
	at org.springframework.boot.SpringApplication.run(SpringApplication.java:318)
	at org.springframework.boot.SpringApplication.run(SpringApplication.java:1362)
	at org.springframework.boot.SpringApplication.run(SpringApplication.java:1351)
	at io.github.matthewjacobsd.sanaspace.SanaspaceApplication.main(SanaspaceApplication.java:24)
	at java.base/jdk.internal.reflect.DirectMethodHandleAccessor.invoke(DirectMethodHandleAccessor.java:103)
	at java.base/java.lang.reflect.Method.invoke(Method.java:580)
	at org.springframework.boot.devtools.restart.RestartLauncher.run(RestartLauncher.java:50)
Caused by: java.sql.SQLIntegrityConstraintViolationException: (conn=1731) Cannot add or update a child row: a foreign key constraint fails (`sanaspace`.`#sql-alter-16c4-6c3`, CONSTRAINT `FK957asorswh9j2ee6w6471j23o` FOREIGN KEY (`medication_id`) REFERENCES `medications` (`id`))
	at org.mariadb.jdbc.export.ExceptionFactory.createException(ExceptionFactory.java:297)
	at org.mariadb.jdbc.export.ExceptionFactory.create(ExceptionFactory.java:378)
	at org.mariadb.jdbc.message.ClientMessage.readPacket(ClientMessage.java:187)
	at org.mariadb.jdbc.client.impl.StandardClient.readPacket(StandardClient.java:1364)
	at org.mariadb.jdbc.client.impl.StandardClient.readResults(StandardClient.java:1303)
	at org.mariadb.jdbc.client.impl.StandardClient.readResponse(StandardClient.java:1222)
	at org.mariadb.jdbc.client.impl.StandardClient.execute(StandardClient.java:1146)
	at org.mariadb.jdbc.Statement.executeInternal(Statement.java:1003)
	at org.mariadb.jdbc.Statement.execute(Statement.java:1132)
	at org.mariadb.jdbc.Statement.execute(Statement.java:471)
	at com.zaxxer.hikari.pool.ProxyStatement.execute(ProxyStatement.java:95)
	at com.zaxxer.hikari.pool.HikariProxyStatement.execute(HikariProxyStatement.java)
	at org.hibernate.tool.schema.internal.exec.GenerationTargetToDatabase.accept(GenerationTargetToDatabase.java:80)
	... 39 common frames omitted
2025-06-11 10:54:03 INFO  o.s.o.j.LocalContainerEntityManagerFactoryBean - Initialized JPA EntityManagerFactory for persistence unit 'default'
2025-06-11 10:54:04 WARN  o.s.b.a.o.j.JpaBaseConfiguration$JpaWebConfiguration - spring.jpa.open-in-view is enabled by default. Therefore, database queries may be performed during view rendering. Explicitly configure spring.jpa.open-in-view to disable this warning
2025-06-11 10:54:04 INFO  o.s.b.a.w.s.WelcomePageHandlerMapping - Adding welcome page template: index
2025-06-11 10:54:07 INFO  o.s.b.d.a.OptionalLiveReloadServer - LiveReload server is running on port 35729
2025-06-11 10:54:07 INFO  o.s.b.a.e.web.EndpointLinksResolver - Exposing 1 endpoint beneath base path '/actuator'
2025-06-11 10:54:08 INFO  o.s.b.w.e.tomcat.TomcatWebServer - Tomcat started on port 8080 (http) with context path '/'
2025-06-11 10:54:08 INFO  i.g.m.sanaspace.SanaspaceApplication - Started SanaspaceApplication in 22.207 seconds (process running for 25.566)
2025-06-11 10:54:08 INFO  i.g.m.sanaspace.SanaspaceApplication - 🚀 Fetching database tables - {} - 2025-06-11T09:54:08.121401300Z
2025-06-11 10:54:08 INFO  i.g.m.sanaspace.SanaspaceApplication - 💡 Tables found in database:
2025-06-11 10:54:08 INFO  i.g.m.sanaspace.SanaspaceApplication - 💡  - doctors
2025-06-11 10:54:08 INFO  i.g.m.sanaspace.SanaspaceApplication - 💡  - insurances
2025-06-11 10:54:08 INFO  i.g.m.sanaspace.SanaspaceApplication - 💡  - medications
2025-06-11 10:54:08 INFO  i.g.m.sanaspace.SanaspaceApplication - 💡  - patients
2025-06-11 10:54:08 INFO  i.g.m.sanaspace.SanaspaceApplication - 💡  - prescriptions
2025-06-11 10:54:08 INFO  i.g.m.sanaspace.SanaspaceApplication - 💡  - visits
2025-06-11 10:54:08 INFO  i.g.m.sanaspace.SanaspaceApplication - ✅ Successfully fetched database tables - Took 17ms
2025-06-11 10:54:08 INFO  i.g.m.sanaspace.SanaspaceApplication - ✅ Sanaspace application started successfully - Took 22260ms
2025-06-11 10:54:08 ERROR i.g.m.sanaspace.SanaspaceApplication - ❌ Failed to start Sanaspace application: null - Request: Application startup - Took 23250ms
Stack: org.springframework.boot.devtools.restart.SilentExitExceptionHandler.exitCurrentThread(SilentExitExceptionHandler.java:92)
org.springframework.boot.devtools.restart.Restarter.immediateRestart(Restarter.java:179)
org.springframework.boot.devtools.restart.Restarter.initialize(Restarter.java:163)
2025-06-11 10:54:09 INFO  o.a.c.c.C.[Tomcat].[localhost].[/] - Initializing Spring DispatcherServlet 'dispatcherServlet'
2025-06-11 10:54:09 INFO  o.s.web.servlet.DispatcherServlet - Initializing Servlet 'dispatcherServlet'
2025-06-11 10:54:09 INFO  o.s.web.servlet.DispatcherServlet - Completed initialization in 3 ms
2025-06-11 10:54:45 WARN  o.s.w.s.m.m.a.ExceptionHandlerExceptionResolver - Resolved [org.springframework.web.servlet.resource.NoResourceFoundException: No static resource api/prescriptions.]
2025-06-11 10:54:47 WARN  o.s.w.s.m.m.a.ExceptionHandlerExceptionResolver - Resolved [org.springframework.web.servlet.resource.NoResourceFoundException: No static resource api/prescriptions.]
2025-06-11 10:54:48 WARN  o.s.w.s.m.m.a.ExceptionHandlerExceptionResolver - Resolved [org.springframework.web.servlet.resource.NoResourceFoundException: No static resource api/prescriptions.]
2025-06-11 10:54:53 WARN  o.s.w.s.m.m.a.ExceptionHandlerExceptionResolver - Resolved [org.springframework.web.servlet.resource.NoResourceFoundException: No static resource api/prescriptions.]
2025-06-11 11:18:35 INFO  i.g.m.sanaspace.SanaspaceApplication - Starting SanaspaceApplication using Java 21.0.7 with PID 5136 (C:\Users\emerd\Code\sanaspace\build\classes\java\main started by emerd in C:\Users\emerd\Code\sanaspace)
2025-06-11 11:18:35 INFO  i.g.m.sanaspace.SanaspaceApplication - No active profile set, falling back to 1 default profile: "default"
2025-06-11 11:18:36 INFO  o.s.b.d.e.DevToolsPropertyDefaultsPostProcessor - Devtools property defaults active! Set 'spring.devtools.add-properties' to 'false' to disable
2025-06-11 11:18:36 INFO  o.s.b.d.e.DevToolsPropertyDefaultsPostProcessor - For additional web related logging consider setting the 'logging.level.web' property to 'DEBUG'
2025-06-11 11:18:39 INFO  o.s.d.r.c.RepositoryConfigurationDelegate - Bootstrapping Spring Data JPA repositories in DEFAULT mode.
2025-06-11 11:18:39 INFO  o.s.d.r.c.RepositoryConfigurationDelegate - Finished Spring Data repository scanning in 173 ms. Found 6 JPA repository interfaces.
2025-06-11 11:18:41 INFO  o.s.b.w.e.tomcat.TomcatWebServer - Tomcat initialized with port 8080 (http)
2025-06-11 11:18:41 INFO  o.a.catalina.core.StandardService - Starting service [Tomcat]
2025-06-11 11:18:41 INFO  o.a.catalina.core.StandardEngine - Starting Servlet engine: [Apache Tomcat/10.1.41]
2025-06-11 11:18:41 INFO  o.a.c.c.C.[Tomcat].[localhost].[/] - Initializing Spring embedded WebApplicationContext
2025-06-11 11:18:41 INFO  o.s.b.w.s.c.ServletWebServerApplicationContext - Root WebApplicationContext: initialization completed in 5877 ms
2025-06-11 11:18:42 INFO  o.h.jpa.internal.util.LogHelper - HHH000204: Processing PersistenceUnitInfo [name: default]
2025-06-11 11:18:43 INFO  org.hibernate.Version - HHH000412: Hibernate ORM core version 6.6.15.Final
2025-06-11 11:18:43 INFO  o.h.c.i.RegionFactoryInitiator - HHH000026: Second-level cache disabled
2025-06-11 11:18:44 INFO  o.s.o.j.p.SpringPersistenceUnitInfo - No LoadTimeWeaver setup: ignoring JPA class transformer
2025-06-11 11:18:44 INFO  com.zaxxer.hikari.HikariDataSource - HikariPool-1 - Starting...
2025-06-11 11:18:45 INFO  com.zaxxer.hikari.pool.HikariPool - HikariPool-1 - Added connection org.mariadb.jdbc.Connection@54c09151
2025-06-11 11:18:45 INFO  com.zaxxer.hikari.HikariDataSource - HikariPool-1 - Start completed.
2025-06-11 11:18:45 INFO  o.hibernate.orm.connections.pooling - HHH10001005: Database info:
	Database JDBC URL [Connecting through datasource 'HikariDataSource (HikariPool-1)']
	Database driver: undefined/unknown
	Database version: 11.7.2
	Autocommit mode: undefined/unknown
	Isolation level: undefined/unknown
	Minimum pool size: undefined/unknown
	Maximum pool size: undefined/unknown
2025-06-11 11:18:47 INFO  o.h.e.t.j.p.i.JtaPlatformInitiator - HHH000489: No JTA platform available (set 'hibernate.transaction.jta.platform' to enable JTA platform integration)
2025-06-11 11:18:47 DEBUG org.hibernate.SQL - 
    alter table if exists visits 
       modify column symptoms varchar(50)
2025-06-11 11:18:47 WARN  o.m.jdbc.message.server.ErrorPacket - Error: 1406-22001: Data too long for column 'symptoms' at row 1
2025-06-11 11:18:47 WARN  o.h.t.s.i.ExceptionHandlerLoggedImpl - GenerationTarget encountered exception accepting command : Error executing DDL "
    alter table if exists visits 
       modify column symptoms varchar(50)" via JDBC [(conn=1741) Data too long for column 'symptoms' at row 1]
org.hibernate.tool.schema.spi.CommandAcceptanceException: Error executing DDL "
    alter table if exists visits 
       modify column symptoms varchar(50)" via JDBC [(conn=1741) Data too long for column 'symptoms' at row 1]
	at org.hibernate.tool.schema.internal.exec.GenerationTargetToDatabase.accept(GenerationTargetToDatabase.java:94)
	at org.hibernate.tool.schema.internal.AbstractSchemaMigrator.applySqlString(AbstractSchemaMigrator.java:576)
	at org.hibernate.tool.schema.internal.AbstractSchemaMigrator.applySqlStrings(AbstractSchemaMigrator.java:516)
	at org.hibernate.tool.schema.internal.AbstractSchemaMigrator.migrateTable(AbstractSchemaMigrator.java:334)
	at org.hibernate.tool.schema.internal.GroupedSchemaMigratorImpl.performTablesMigration(GroupedSchemaMigratorImpl.java:84)
	at org.hibernate.tool.schema.internal.AbstractSchemaMigrator.performMigration(AbstractSchemaMigrator.java:233)
	at org.hibernate.tool.schema.internal.AbstractSchemaMigrator.doMigration(AbstractSchemaMigrator.java:112)
	at org.hibernate.tool.schema.spi.SchemaManagementToolCoordinator.performDatabaseAction(SchemaManagementToolCoordinator.java:280)
	at org.hibernate.tool.schema.spi.SchemaManagementToolCoordinator.lambda$process$5(SchemaManagementToolCoordinator.java:144)
	at java.base/java.util.HashMap.forEach(HashMap.java:1429)
	at org.hibernate.tool.schema.spi.SchemaManagementToolCoordinator.process(SchemaManagementToolCoordinator.java:141)
	at org.hibernate.boot.internal.SessionFactoryObserverForSchemaExport.sessionFactoryCreated(SessionFactoryObserverForSchemaExport.java:37)
	at org.hibernate.internal.SessionFactoryObserverChain.sessionFactoryCreated(SessionFactoryObserverChain.java:35)
	at org.hibernate.internal.SessionFactoryImpl.<init>(SessionFactoryImpl.java:324)
	at org.hibernate.boot.internal.SessionFactoryBuilderImpl.build(SessionFactoryBuilderImpl.java:463)
	at org.hibernate.jpa.boot.internal.EntityManagerFactoryBuilderImpl.build(EntityManagerFactoryBuilderImpl.java:1517)
	at org.springframework.orm.jpa.vendor.SpringHibernateJpaPersistenceProvider.createContainerEntityManagerFactory(SpringHibernateJpaPersistenceProvider.java:66)
	at org.springframework.orm.jpa.LocalContainerEntityManagerFactoryBean.createNativeEntityManagerFactory(LocalContainerEntityManagerFactoryBean.java:390)
	at org.springframework.orm.jpa.AbstractEntityManagerFactoryBean.buildNativeEntityManagerFactory(AbstractEntityManagerFactoryBean.java:419)
	at org.springframework.orm.jpa.AbstractEntityManagerFactoryBean.afterPropertiesSet(AbstractEntityManagerFactoryBean.java:400)
	at org.springframework.orm.jpa.LocalContainerEntityManagerFactoryBean.afterPropertiesSet(LocalContainerEntityManagerFactoryBean.java:366)
	at org.springframework.beans.factory.support.AbstractAutowireCapableBeanFactory.invokeInitMethods(AbstractAutowireCapableBeanFactory.java:1873)
	at org.springframework.beans.factory.support.AbstractAutowireCapableBeanFactory.initializeBean(AbstractAutowireCapableBeanFactory.java:1822)
	at org.springframework.beans.factory.support.AbstractAutowireCapableBeanFactory.doCreateBean(AbstractAutowireCapableBeanFactory.java:607)
	at org.springframework.beans.factory.support.AbstractAutowireCapableBeanFactory.createBean(AbstractAutowireCapableBeanFactory.java:529)
	at org.springframework.beans.factory.support.AbstractBeanFactory.lambda$doGetBean$0(AbstractBeanFactory.java:339)
	at org.springframework.beans.factory.support.DefaultSingletonBeanRegistry.getSingleton(DefaultSingletonBeanRegistry.java:373)
	at org.springframework.beans.factory.support.AbstractBeanFactory.doGetBean(AbstractBeanFactory.java:337)
	at org.springframework.beans.factory.support.AbstractBeanFactory.getBean(AbstractBeanFactory.java:207)
	at org.springframework.context.support.AbstractApplicationContext.finishBeanFactoryInitialization(AbstractApplicationContext.java:970)
	at org.springframework.context.support.AbstractApplicationContext.refresh(AbstractApplicationContext.java:627)
	at org.springframework.boot.web.servlet.context.ServletWebServerApplicationContext.refresh(ServletWebServerApplicationContext.java:146)
	at org.springframework.boot.SpringApplication.refresh(SpringApplication.java:753)
	at org.springframework.boot.SpringApplication.refreshContext(SpringApplication.java:439)
	at org.springframework.boot.SpringApplication.run(SpringApplication.java:318)
	at org.springframework.boot.SpringApplication.run(SpringApplication.java:1362)
	at org.springframework.boot.SpringApplication.run(SpringApplication.java:1351)
	at io.github.matthewjacobsd.sanaspace.SanaspaceApplication.main(SanaspaceApplication.java:24)
	at java.base/jdk.internal.reflect.DirectMethodHandleAccessor.invoke(DirectMethodHandleAccessor.java:103)
	at java.base/java.lang.reflect.Method.invoke(Method.java:580)
	at org.springframework.boot.devtools.restart.RestartLauncher.run(RestartLauncher.java:50)
Caused by: java.sql.SQLSyntaxErrorException: (conn=1741) Data too long for column 'symptoms' at row 1
	at org.mariadb.jdbc.export.ExceptionFactory.createException(ExceptionFactory.java:289)
	at org.mariadb.jdbc.export.ExceptionFactory.create(ExceptionFactory.java:378)
	at org.mariadb.jdbc.message.ClientMessage.readPacket(ClientMessage.java:187)
	at org.mariadb.jdbc.client.impl.StandardClient.readPacket(StandardClient.java:1364)
	at org.mariadb.jdbc.client.impl.StandardClient.readResults(StandardClient.java:1303)
	at org.mariadb.jdbc.client.impl.StandardClient.readResponse(StandardClient.java:1222)
	at org.mariadb.jdbc.client.impl.StandardClient.execute(StandardClient.java:1146)
	at org.mariadb.jdbc.Statement.executeInternal(Statement.java:1003)
	at org.mariadb.jdbc.Statement.execute(Statement.java:1132)
	at org.mariadb.jdbc.Statement.execute(Statement.java:471)
	at com.zaxxer.hikari.pool.ProxyStatement.execute(ProxyStatement.java:95)
	at com.zaxxer.hikari.pool.HikariProxyStatement.execute(HikariProxyStatement.java)
	at org.hibernate.tool.schema.internal.exec.GenerationTargetToDatabase.accept(GenerationTargetToDatabase.java:80)
	... 40 common frames omitted
2025-06-11 11:18:47 DEBUG org.hibernate.SQL - 
    alter table if exists patients 
       add constraint FKhkntdq6ujwdgqbx8iwffi2ffb 
       foreign key (insurance_id) 
       references insurances (id)
2025-06-11 11:18:47 WARN  o.m.jdbc.message.server.ErrorPacket - Error: 1452-23000: Cannot add or update a child row: a foreign key constraint fails (`sanaspace`.`#sql-alter-16c4-6cd`, CONSTRAINT `FKhkntdq6ujwdgqbx8iwffi2ffb` FOREIGN KEY (`insurance_id`) REFERENCES `insurances` (`id`))
2025-06-11 11:18:47 WARN  o.h.t.s.i.ExceptionHandlerLoggedImpl - GenerationTarget encountered exception accepting command : Error executing DDL "
    alter table if exists patients 
       add constraint FKhkntdq6ujwdgqbx8iwffi2ffb 
       foreign key (insurance_id) 
       references insurances (id)" via JDBC [(conn=1741) Cannot add or update a child row: a foreign key constraint fails (`sanaspace`.`#sql-alter-16c4-6cd`, CONSTRAINT `FKhkntdq6ujwdgqbx8iwffi2ffb` FOREIGN KEY (`insurance_id`) REFERENCES `insurances` (`id`))]
org.hibernate.tool.schema.spi.CommandAcceptanceException: Error executing DDL "
    alter table if exists patients 
       add constraint FKhkntdq6ujwdgqbx8iwffi2ffb 
       foreign key (insurance_id) 
       references insurances (id)" via JDBC [(conn=1741) Cannot add or update a child row: a foreign key constraint fails (`sanaspace`.`#sql-alter-16c4-6cd`, CONSTRAINT `FKhkntdq6ujwdgqbx8iwffi2ffb` FOREIGN KEY (`insurance_id`) REFERENCES `insurances` (`id`))]
	at org.hibernate.tool.schema.internal.exec.GenerationTargetToDatabase.accept(GenerationTargetToDatabase.java:94)
	at org.hibernate.tool.schema.internal.AbstractSchemaMigrator.applySqlString(AbstractSchemaMigrator.java:576)
	at org.hibernate.tool.schema.internal.AbstractSchemaMigrator.applySqlStrings(AbstractSchemaMigrator.java:516)
	at org.hibernate.tool.schema.internal.AbstractSchemaMigrator.applyForeignKeys(AbstractSchemaMigrator.java:448)
	at org.hibernate.tool.schema.internal.AbstractSchemaMigrator.performMigration(AbstractSchemaMigrator.java:269)
	at org.hibernate.tool.schema.internal.AbstractSchemaMigrator.doMigration(AbstractSchemaMigrator.java:112)
	at org.hibernate.tool.schema.spi.SchemaManagementToolCoordinator.performDatabaseAction(SchemaManagementToolCoordinator.java:280)
	at org.hibernate.tool.schema.spi.SchemaManagementToolCoordinator.lambda$process$5(SchemaManagementToolCoordinator.java:144)
	at java.base/java.util.HashMap.forEach(HashMap.java:1429)
	at org.hibernate.tool.schema.spi.SchemaManagementToolCoordinator.process(SchemaManagementToolCoordinator.java:141)
	at org.hibernate.boot.internal.SessionFactoryObserverForSchemaExport.sessionFactoryCreated(SessionFactoryObserverForSchemaExport.java:37)
	at org.hibernate.internal.SessionFactoryObserverChain.sessionFactoryCreated(SessionFactoryObserverChain.java:35)
	at org.hibernate.internal.SessionFactoryImpl.<init>(SessionFactoryImpl.java:324)
	at org.hibernate.boot.internal.SessionFactoryBuilderImpl.build(SessionFactoryBuilderImpl.java:463)
	at org.hibernate.jpa.boot.internal.EntityManagerFactoryBuilderImpl.build(EntityManagerFactoryBuilderImpl.java:1517)
	at org.springframework.orm.jpa.vendor.SpringHibernateJpaPersistenceProvider.createContainerEntityManagerFactory(SpringHibernateJpaPersistenceProvider.java:66)
	at org.springframework.orm.jpa.LocalContainerEntityManagerFactoryBean.createNativeEntityManagerFactory(LocalContainerEntityManagerFactoryBean.java:390)
	at org.springframework.orm.jpa.AbstractEntityManagerFactoryBean.buildNativeEntityManagerFactory(AbstractEntityManagerFactoryBean.java:419)
	at org.springframework.orm.jpa.AbstractEntityManagerFactoryBean.afterPropertiesSet(AbstractEntityManagerFactoryBean.java:400)
	at org.springframework.orm.jpa.LocalContainerEntityManagerFactoryBean.afterPropertiesSet(LocalContainerEntityManagerFactoryBean.java:366)
	at org.springframework.beans.factory.support.AbstractAutowireCapableBeanFactory.invokeInitMethods(AbstractAutowireCapableBeanFactory.java:1873)
	at org.springframework.beans.factory.support.AbstractAutowireCapableBeanFactory.initializeBean(AbstractAutowireCapableBeanFactory.java:1822)
	at org.springframework.beans.factory.support.AbstractAutowireCapableBeanFactory.doCreateBean(AbstractAutowireCapableBeanFactory.java:607)
	at org.springframework.beans.factory.support.AbstractAutowireCapableBeanFactory.createBean(AbstractAutowireCapableBeanFactory.java:529)
	at org.springframework.beans.factory.support.AbstractBeanFactory.lambda$doGetBean$0(AbstractBeanFactory.java:339)
	at org.springframework.beans.factory.support.DefaultSingletonBeanRegistry.getSingleton(DefaultSingletonBeanRegistry.java:373)
	at org.springframework.beans.factory.support.AbstractBeanFactory.doGetBean(AbstractBeanFactory.java:337)
	at org.springframework.beans.factory.support.AbstractBeanFactory.getBean(AbstractBeanFactory.java:207)
	at org.springframework.context.support.AbstractApplicationContext.finishBeanFactoryInitialization(AbstractApplicationContext.java:970)
	at org.springframework.context.support.AbstractApplicationContext.refresh(AbstractApplicationContext.java:627)
	at org.springframework.boot.web.servlet.context.ServletWebServerApplicationContext.refresh(ServletWebServerApplicationContext.java:146)
	at org.springframework.boot.SpringApplication.refresh(SpringApplication.java:753)
	at org.springframework.boot.SpringApplication.refreshContext(SpringApplication.java:439)
	at org.springframework.boot.SpringApplication.run(SpringApplication.java:318)
	at org.springframework.boot.SpringApplication.run(SpringApplication.java:1362)
	at org.springframework.boot.SpringApplication.run(SpringApplication.java:1351)
	at io.github.matthewjacobsd.sanaspace.SanaspaceApplication.main(SanaspaceApplication.java:24)
	at java.base/jdk.internal.reflect.DirectMethodHandleAccessor.invoke(DirectMethodHandleAccessor.java:103)
	at java.base/java.lang.reflect.Method.invoke(Method.java:580)
	at org.springframework.boot.devtools.restart.RestartLauncher.run(RestartLauncher.java:50)
Caused by: java.sql.SQLIntegrityConstraintViolationException: (conn=1741) Cannot add or update a child row: a foreign key constraint fails (`sanaspace`.`#sql-alter-16c4-6cd`, CONSTRAINT `FKhkntdq6ujwdgqbx8iwffi2ffb` FOREIGN KEY (`insurance_id`) REFERENCES `insurances` (`id`))
	at org.mariadb.jdbc.export.ExceptionFactory.createException(ExceptionFactory.java:297)
	at org.mariadb.jdbc.export.ExceptionFactory.create(ExceptionFactory.java:378)
	at org.mariadb.jdbc.message.ClientMessage.readPacket(ClientMessage.java:187)
	at org.mariadb.jdbc.client.impl.StandardClient.readPacket(StandardClient.java:1364)
	at org.mariadb.jdbc.client.impl.StandardClient.readResults(StandardClient.java:1303)
	at org.mariadb.jdbc.client.impl.StandardClient.readResponse(StandardClient.java:1222)
	at org.mariadb.jdbc.client.impl.StandardClient.execute(StandardClient.java:1146)
	at org.mariadb.jdbc.Statement.executeInternal(Statement.java:1003)
	at org.mariadb.jdbc.Statement.execute(Statement.java:1132)
	at org.mariadb.jdbc.Statement.execute(Statement.java:471)
	at com.zaxxer.hikari.pool.ProxyStatement.execute(ProxyStatement.java:95)
	at com.zaxxer.hikari.pool.HikariProxyStatement.execute(HikariProxyStatement.java)
	at org.hibernate.tool.schema.internal.exec.GenerationTargetToDatabase.accept(GenerationTargetToDatabase.java:80)
	... 39 common frames omitted
2025-06-11 11:18:47 DEBUG org.hibernate.SQL - 
    alter table if exists prescriptions 
       add constraint FK957asorswh9j2ee6w6471j23o 
       foreign key (medication_id) 
       references medications (id)
2025-06-11 11:18:47 WARN  o.m.jdbc.message.server.ErrorPacket - Error: 1452-23000: Cannot add or update a child row: a foreign key constraint fails (`sanaspace`.`#sql-alter-16c4-6cd`, CONSTRAINT `FK957asorswh9j2ee6w6471j23o` FOREIGN KEY (`medication_id`) REFERENCES `medications` (`id`))
2025-06-11 11:18:47 WARN  o.h.t.s.i.ExceptionHandlerLoggedImpl - GenerationTarget encountered exception accepting command : Error executing DDL "
    alter table if exists prescriptions 
       add constraint FK957asorswh9j2ee6w6471j23o 
       foreign key (medication_id) 
       references medications (id)" via JDBC [(conn=1741) Cannot add or update a child row: a foreign key constraint fails (`sanaspace`.`#sql-alter-16c4-6cd`, CONSTRAINT `FK957asorswh9j2ee6w6471j23o` FOREIGN KEY (`medication_id`) REFERENCES `medications` (`id`))]
org.hibernate.tool.schema.spi.CommandAcceptanceException: Error executing DDL "
    alter table if exists prescriptions 
       add constraint FK957asorswh9j2ee6w6471j23o 
       foreign key (medication_id) 
       references medications (id)" via JDBC [(conn=1741) Cannot add or update a child row: a foreign key constraint fails (`sanaspace`.`#sql-alter-16c4-6cd`, CONSTRAINT `FK957asorswh9j2ee6w6471j23o` FOREIGN KEY (`medication_id`) REFERENCES `medications` (`id`))]
	at org.hibernate.tool.schema.internal.exec.GenerationTargetToDatabase.accept(GenerationTargetToDatabase.java:94)
	at org.hibernate.tool.schema.internal.AbstractSchemaMigrator.applySqlString(AbstractSchemaMigrator.java:576)
	at org.hibernate.tool.schema.internal.AbstractSchemaMigrator.applySqlStrings(AbstractSchemaMigrator.java:516)
	at org.hibernate.tool.schema.internal.AbstractSchemaMigrator.applyForeignKeys(AbstractSchemaMigrator.java:448)
	at org.hibernate.tool.schema.internal.AbstractSchemaMigrator.performMigration(AbstractSchemaMigrator.java:269)
	at org.hibernate.tool.schema.internal.AbstractSchemaMigrator.doMigration(AbstractSchemaMigrator.java:112)
	at org.hibernate.tool.schema.spi.SchemaManagementToolCoordinator.performDatabaseAction(SchemaManagementToolCoordinator.java:280)
	at org.hibernate.tool.schema.spi.SchemaManagementToolCoordinator.lambda$process$5(SchemaManagementToolCoordinator.java:144)
	at java.base/java.util.HashMap.forEach(HashMap.java:1429)
	at org.hibernate.tool.schema.spi.SchemaManagementToolCoordinator.process(SchemaManagementToolCoordinator.java:141)
	at org.hibernate.boot.internal.SessionFactoryObserverForSchemaExport.sessionFactoryCreated(SessionFactoryObserverForSchemaExport.java:37)
	at org.hibernate.internal.SessionFactoryObserverChain.sessionFactoryCreated(SessionFactoryObserverChain.java:35)
	at org.hibernate.internal.SessionFactoryImpl.<init>(SessionFactoryImpl.java:324)
	at org.hibernate.boot.internal.SessionFactoryBuilderImpl.build(SessionFactoryBuilderImpl.java:463)
	at org.hibernate.jpa.boot.internal.EntityManagerFactoryBuilderImpl.build(EntityManagerFactoryBuilderImpl.java:1517)
	at org.springframework.orm.jpa.vendor.SpringHibernateJpaPersistenceProvider.createContainerEntityManagerFactory(SpringHibernateJpaPersistenceProvider.java:66)
	at org.springframework.orm.jpa.LocalContainerEntityManagerFactoryBean.createNativeEntityManagerFactory(LocalContainerEntityManagerFactoryBean.java:390)
	at org.springframework.orm.jpa.AbstractEntityManagerFactoryBean.buildNativeEntityManagerFactory(AbstractEntityManagerFactoryBean.java:419)
	at org.springframework.orm.jpa.AbstractEntityManagerFactoryBean.afterPropertiesSet(AbstractEntityManagerFactoryBean.java:400)
	at org.springframework.orm.jpa.LocalContainerEntityManagerFactoryBean.afterPropertiesSet(LocalContainerEntityManagerFactoryBean.java:366)
	at org.springframework.beans.factory.support.AbstractAutowireCapableBeanFactory.invokeInitMethods(AbstractAutowireCapableBeanFactory.java:1873)
	at org.springframework.beans.factory.support.AbstractAutowireCapableBeanFactory.initializeBean(AbstractAutowireCapableBeanFactory.java:1822)
	at org.springframework.beans.factory.support.AbstractAutowireCapableBeanFactory.doCreateBean(AbstractAutowireCapableBeanFactory.java:607)
	at org.springframework.beans.factory.support.AbstractAutowireCapableBeanFactory.createBean(AbstractAutowireCapableBeanFactory.java:529)
	at org.springframework.beans.factory.support.AbstractBeanFactory.lambda$doGetBean$0(AbstractBeanFactory.java:339)
	at org.springframework.beans.factory.support.DefaultSingletonBeanRegistry.getSingleton(DefaultSingletonBeanRegistry.java:373)
	at org.springframework.beans.factory.support.AbstractBeanFactory.doGetBean(AbstractBeanFactory.java:337)
	at org.springframework.beans.factory.support.AbstractBeanFactory.getBean(AbstractBeanFactory.java:207)
	at org.springframework.context.support.AbstractApplicationContext.finishBeanFactoryInitialization(AbstractApplicationContext.java:970)
	at org.springframework.context.support.AbstractApplicationContext.refresh(AbstractApplicationContext.java:627)
	at org.springframework.boot.web.servlet.context.ServletWebServerApplicationContext.refresh(ServletWebServerApplicationContext.java:146)
	at org.springframework.boot.SpringApplication.refresh(SpringApplication.java:753)
	at org.springframework.boot.SpringApplication.refreshContext(SpringApplication.java:439)
	at org.springframework.boot.SpringApplication.run(SpringApplication.java:318)
	at org.springframework.boot.SpringApplication.run(SpringApplication.java:1362)
	at org.springframework.boot.SpringApplication.run(SpringApplication.java:1351)
	at io.github.matthewjacobsd.sanaspace.SanaspaceApplication.main(SanaspaceApplication.java:24)
	at java.base/jdk.internal.reflect.DirectMethodHandleAccessor.invoke(DirectMethodHandleAccessor.java:103)
	at java.base/java.lang.reflect.Method.invoke(Method.java:580)
	at org.springframework.boot.devtools.restart.RestartLauncher.run(RestartLauncher.java:50)
Caused by: java.sql.SQLIntegrityConstraintViolationException: (conn=1741) Cannot add or update a child row: a foreign key constraint fails (`sanaspace`.`#sql-alter-16c4-6cd`, CONSTRAINT `FK957asorswh9j2ee6w6471j23o` FOREIGN KEY (`medication_id`) REFERENCES `medications` (`id`))
	at org.mariadb.jdbc.export.ExceptionFactory.createException(ExceptionFactory.java:297)
	at org.mariadb.jdbc.export.ExceptionFactory.create(ExceptionFactory.java:378)
	at org.mariadb.jdbc.message.ClientMessage.readPacket(ClientMessage.java:187)
	at org.mariadb.jdbc.client.impl.StandardClient.readPacket(StandardClient.java:1364)
	at org.mariadb.jdbc.client.impl.StandardClient.readResults(StandardClient.java:1303)
	at org.mariadb.jdbc.client.impl.StandardClient.readResponse(StandardClient.java:1222)
	at org.mariadb.jdbc.client.impl.StandardClient.execute(StandardClient.java:1146)
	at org.mariadb.jdbc.Statement.executeInternal(Statement.java:1003)
	at org.mariadb.jdbc.Statement.execute(Statement.java:1132)
	at org.mariadb.jdbc.Statement.execute(Statement.java:471)
	at com.zaxxer.hikari.pool.ProxyStatement.execute(ProxyStatement.java:95)
	at com.zaxxer.hikari.pool.HikariProxyStatement.execute(HikariProxyStatement.java)
	at org.hibernate.tool.schema.internal.exec.GenerationTargetToDatabase.accept(GenerationTargetToDatabase.java:80)
	... 39 common frames omitted
2025-06-11 11:18:47 INFO  o.s.o.j.LocalContainerEntityManagerFactoryBean - Initialized JPA EntityManagerFactory for persistence unit 'default'
2025-06-11 11:18:48 WARN  o.s.b.a.o.j.JpaBaseConfiguration$JpaWebConfiguration - spring.jpa.open-in-view is enabled by default. Therefore, database queries may be performed during view rendering. Explicitly configure spring.jpa.open-in-view to disable this warning
2025-06-11 11:18:48 INFO  o.s.b.a.w.s.WelcomePageHandlerMapping - Adding welcome page template: index
2025-06-11 11:18:50 INFO  o.s.b.d.a.OptionalLiveReloadServer - LiveReload server is running on port 35729
2025-06-11 11:18:50 INFO  o.s.b.a.e.web.EndpointLinksResolver - Exposing 1 endpoint beneath base path '/actuator'
2025-06-11 11:18:50 INFO  o.s.b.w.e.tomcat.TomcatWebServer - Tomcat started on port 8080 (http) with context path '/'
2025-06-11 11:18:50 INFO  i.g.m.sanaspace.SanaspaceApplication - Started SanaspaceApplication in 16.296 seconds (process running for 18.071)
2025-06-11 11:18:50 INFO  i.g.m.sanaspace.SanaspaceApplication - 🚀 Fetching database tables - {} - 2025-06-11T10:18:50.980510300Z
2025-06-11 11:18:51 INFO  i.g.m.sanaspace.SanaspaceApplication - 💡 Tables found in database:
2025-06-11 11:18:51 INFO  i.g.m.sanaspace.SanaspaceApplication - 💡  - doctors
2025-06-11 11:18:51 INFO  i.g.m.sanaspace.SanaspaceApplication - 💡  - insurances
2025-06-11 11:18:51 INFO  i.g.m.sanaspace.SanaspaceApplication - 💡  - medications
2025-06-11 11:18:51 INFO  i.g.m.sanaspace.SanaspaceApplication - 💡  - patients
2025-06-11 11:18:51 INFO  i.g.m.sanaspace.SanaspaceApplication - 💡  - prescriptions
2025-06-11 11:18:51 INFO  i.g.m.sanaspace.SanaspaceApplication - 💡  - visits
2025-06-11 11:18:51 INFO  i.g.m.sanaspace.SanaspaceApplication - ✅ Successfully fetched database tables - Took 27ms
2025-06-11 11:18:51 INFO  i.g.m.sanaspace.SanaspaceApplication - ✅ Sanaspace application started successfully - Took 16361ms
2025-06-11 11:18:51 ERROR i.g.m.sanaspace.SanaspaceApplication - ❌ Failed to start Sanaspace application: null - Request: Application startup - Took 16844ms
Stack: org.springframework.boot.devtools.restart.SilentExitExceptionHandler.exitCurrentThread(SilentExitExceptionHandler.java:92)
org.springframework.boot.devtools.restart.Restarter.immediateRestart(Restarter.java:179)
org.springframework.boot.devtools.restart.Restarter.initialize(Restarter.java:163)
2025-06-11 11:18:52 INFO  o.a.c.c.C.[Tomcat].[localhost].[/] - Initializing Spring DispatcherServlet 'dispatcherServlet'
2025-06-11 11:18:52 INFO  o.s.web.servlet.DispatcherServlet - Initializing Servlet 'dispatcherServlet'
2025-06-11 11:18:52 INFO  o.s.web.servlet.DispatcherServlet - Completed initialization in 4 ms
2025-06-11 11:38:21 WARN  o.s.w.s.m.m.a.ExceptionHandlerExceptionResolver - Resolved [org.springframework.web.servlet.resource.NoResourceFoundException: No static resource api/prescriptions.]
2025-06-11 11:38:29 WARN  o.s.w.s.m.m.a.ExceptionHandlerExceptionResolver - Resolved [org.springframework.web.servlet.resource.NoResourceFoundException: No static resource api/prescriptions.]
2025-06-11 11:38:36 INFO  i.g.m.s.controllers.CPrescription - 🚀 Saving prescription... - {prescriptionDate=2025-05-20, method=POST, uri=/api/prescriptions, dosage=50} - 2025-06-11T10:38:36.824827600Z
2025-06-11 11:38:36 INFO  i.g.m.s.services.SPrescription - 🚀 Saving prescription... - {prescriptionDate=2025-05-20, dosage=50} - 2025-06-11T10:38:36.848766800Z
2025-06-11 11:38:36 INFO  i.g.m.s.services.SPrescription - ✅ ✅ save prescription - Took 60ms
2025-06-11 11:38:36 DEBUG org.hibernate.SQL - 
    /* insert for
        io.github.matthewjacobsd.sanaspace.models.Prescription */insert 
    into
        prescriptions (comments, doctor_id, dosage_amount, duration, medication_id, patient_id, prescription_date, id) 
    values
        (?, ?, ?, ?, ?, ?, ?, ?)
2025-06-11 11:38:36 INFO  i.g.m.s.controllers.CPrescription - ✅ Prescription saved successfully - Took 147ms
2025-06-11 11:39:09 INFO  i.g.m.s.controllers.CPrescription - 🚀 Partially updating prescription... - {method=PATCH, updates=[prescriptionDate, dosage, duration, comments], id=1ed866f6-4036-43da-9c7a-fce6c3e892bd, uri=/api/prescriptions/1ed866f6-4036-43da-9c7a-fce6c3e892bd} - 2025-06-11T10:39:09.573846200Z
2025-06-11 11:39:09 INFO  i.g.m.s.services.SPrescription - 🚀 Updating prescription fields... - {updates=[prescriptionDate, dosage, duration, comments], id=1ed866f6-4036-43da-9c7a-fce6c3e892bd} - 2025-06-11T10:39:09.576850900Z
2025-06-11 11:39:09 DEBUG org.hibernate.SQL - 
    select
        p1_0.id,
        p1_0.comments,
        d1_0.id,
        d1_0.address,
        d1_0.email,
        d1_0.experience,
        d1_0.first_name,
        d1_0.last_name,
        d1_0.specialization,
        p1_0.dosage_amount,
        p1_0.duration,
        m1_0.id,
        m1_0.benefits,
        m1_0.name,
        m1_0.side_effects,
        p2_0.id,
        p2_0.address,
        p2_0.email,
        p2_0.first_name,
        i1_0.id,
        i1_0.address,
        i1_0.company_name,
        i1_0.phone_number,
        p2_0.patient_insurance,
        p2_0.last_name,
        p2_0.phone_number,
        p2_0.postcode,
        p1_0.prescription_date 
    from
        prescriptions p1_0 
    left join
        doctors d1_0 
            on d1_0.id=p1_0.doctor_id 
    left join
        medications m1_0 
            on m1_0.id=p1_0.medication_id 
    left join
        patients p2_0 
            on p2_0.id=p1_0.patient_id 
    left join
        insurances i1_0 
            on i1_0.id=p2_0.insurance_id 
    where
        p1_0.id=?
2025-06-11 11:39:09 INFO  i.g.m.s.services.SPrescription - ✅ ✅ partial update prescription - Took 133ms
2025-06-11 11:39:09 ERROR i.g.m.s.controllers.CPrescription - ❌ Failed to partially update prescription: Could not commit JPA transaction: Could not commit JPA transaction - Request: /api/prescriptions/1ed866f6-4036-43da-9c7a-fce6c3e892bd - Took 190ms
Stack: org.springframework.orm.jpa.JpaTransactionManager.doCommit(JpaTransactionManager.java:571)
org.springframework.transaction.support.AbstractPlatformTransactionManager.processCommit(AbstractPlatformTransactionManager.java:795)
org.springframework.transaction.support.AbstractPlatformTransactionManager.commit(AbstractPlatformTransactionManager.java:758)
2025-06-11 11:39:20 WARN  o.s.w.s.m.m.a.ExceptionHandlerExceptionResolver - Resolved [org.springframework.web.bind.MethodArgumentNotValidException: Validation failed for argument [1] in public org.springframework.http.ResponseEntity<io.github.matthewjacobsd.sanaspace.utils.ApiResponseUtil<io.github.matthewjacobsd.sanaspace.models.Prescription>> io.github.matthewjacobsd.sanaspace.controllers.CPrescription.updatePrescription(java.lang.String,io.github.matthewjacobsd.sanaspace.models.Prescription): [Field error in object 'prescription' on field 'dosage': rejected value [500]; codes [Max.prescription.dosage,Max.dosage,Max.int,Max]; arguments [org.springframework.context.support.DefaultMessageSourceResolvable: codes [prescription.dosage,dosage]; arguments []; default message [dosage],50]; default message [must be less than or equal to 50]] ]
2025-06-11 12:07:02 INFO  i.g.m.s.controllers.CPrescription - 🚀 Updating prescription... - {method=PUT, id=1ed866f6-4036-43da-9c7a-fce6c3e892bd, uri=/api/prescriptions/1ed866f6-4036-43da-9c7a-fce6c3e892bd, dosage=50} - 2025-06-11T11:07:02.917541200Z
2025-06-11 12:07:02 INFO  i.g.m.s.services.SPrescription - 🚀 Updating prescription... - {dosage=50, id=1ed866f6-4036-43da-9c7a-fce6c3e892bd} - 2025-06-11T11:07:02.922075300Z
2025-06-11 12:07:02 DEBUG org.hibernate.SQL - 
    select
        p1_0.id,
        p1_0.comments,
        d1_0.id,
        d1_0.address,
        d1_0.email,
        d1_0.experience,
        d1_0.first_name,
        d1_0.last_name,
        d1_0.specialization,
        p1_0.dosage_amount,
        p1_0.duration,
        m1_0.id,
        m1_0.benefits,
        m1_0.name,
        m1_0.side_effects,
        p2_0.id,
        p2_0.address,
        p2_0.email,
        p2_0.first_name,
        i1_0.id,
        i1_0.address,
        i1_0.company_name,
        i1_0.phone_number,
        p2_0.patient_insurance,
        p2_0.last_name,
        p2_0.phone_number,
        p2_0.postcode,
        p1_0.prescription_date 
    from
        prescriptions p1_0 
    left join
        doctors d1_0 
            on d1_0.id=p1_0.doctor_id 
    left join
        medications m1_0 
            on m1_0.id=p1_0.medication_id 
    left join
        patients p2_0 
            on p2_0.id=p1_0.patient_id 
    left join
        insurances i1_0 
            on i1_0.id=p2_0.insurance_id 
    where
        p1_0.id=?
2025-06-11 12:07:02 INFO  i.g.m.s.services.SPrescription - ✅ ✅ update prescription - Took 9ms
2025-06-11 12:07:02 DEBUG org.hibernate.SQL - 
    /* update
        for io.github.matthewjacobsd.sanaspace.models.Prescription */update prescriptions 
    set
        comments=?,
        doctor_id=?,
        dosage_amount=?,
        duration=?,
        medication_id=?,
        patient_id=?,
        prescription_date=? 
    where
        id=?
2025-06-11 12:07:02 INFO  i.g.m.s.controllers.CPrescription - ✅ Prescription updated successfully - Took 43ms
2025-06-11 12:08:10 INFO  i.g.m.s.controllers.CPrescription - 🚀 Partially updating prescription... - {method=PATCH, updates=[prescriptionDate, dosage, duration, comments], id=1ed866f6-4036-43da-9c7a-fce6c3e892bd, uri=/api/prescriptions/1ed866f6-4036-43da-9c7a-fce6c3e892bd} - 2025-06-11T11:08:10.108898400Z
2025-06-11 12:08:10 INFO  i.g.m.s.services.SPrescription - 🚀 Updating prescription fields... - {updates=[prescriptionDate, dosage, duration, comments], id=1ed866f6-4036-43da-9c7a-fce6c3e892bd} - 2025-06-11T11:08:10.110916300Z
2025-06-11 12:08:10 DEBUG org.hibernate.SQL - 
    select
        p1_0.id,
        p1_0.comments,
        d1_0.id,
        d1_0.address,
        d1_0.email,
        d1_0.experience,
        d1_0.first_name,
        d1_0.last_name,
        d1_0.specialization,
        p1_0.dosage_amount,
        p1_0.duration,
        m1_0.id,
        m1_0.benefits,
        m1_0.name,
        m1_0.side_effects,
        p2_0.id,
        p2_0.address,
        p2_0.email,
        p2_0.first_name,
        i1_0.id,
        i1_0.address,
        i1_0.company_name,
        i1_0.phone_number,
        p2_0.patient_insurance,
        p2_0.last_name,
        p2_0.phone_number,
        p2_0.postcode,
        p1_0.prescription_date 
    from
        prescriptions p1_0 
    left join
        doctors d1_0 
            on d1_0.id=p1_0.doctor_id 
    left join
        medications m1_0 
            on m1_0.id=p1_0.medication_id 
    left join
        patients p2_0 
            on p2_0.id=p1_0.patient_id 
    left join
        insurances i1_0 
            on i1_0.id=p2_0.insurance_id 
    where
        p1_0.id=?
2025-06-11 12:08:10 INFO  i.g.m.s.services.SPrescription - ✅ ✅ partial update prescription - Took 7ms
2025-06-11 12:08:10 DEBUG org.hibernate.SQL - 
    /* update
        for io.github.matthewjacobsd.sanaspace.models.Prescription */update prescriptions 
    set
        comments=?,
        doctor_id=?,
        dosage_amount=?,
        duration=?,
        medication_id=?,
        patient_id=?,
        prescription_date=? 
    where
        id=?
2025-06-11 12:08:10 INFO  i.g.m.s.controllers.CPrescription - ✅ Prescription partially updated successfully - Took 18ms
2025-06-11 12:08:59 INFO  i.g.m.s.controllers.CPrescription - 🚀 Deleting prescription... - {uri=/api/prescriptions/1ed866f6-4036-43da-9c7a-fce6c3e892bd, id=1ed866f6-4036-43da-9c7a-fce6c3e892bd, method=DELETE} - 2025-06-11T11:08:59.677312100Z
2025-06-11 12:08:59 INFO  i.g.m.s.services.SPrescription - 🚀 Deleting prescription... - {id=1ed866f6-4036-43da-9c7a-fce6c3e892bd} - 2025-06-11T11:08:59.679867Z
2025-06-11 12:08:59 DEBUG org.hibernate.SQL - 
    select
        p1_0.id,
        p1_0.comments,
        d1_0.id,
        d1_0.address,
        d1_0.email,
        d1_0.experience,
        d1_0.first_name,
        d1_0.last_name,
        d1_0.specialization,
        p1_0.dosage_amount,
        p1_0.duration,
        m1_0.id,
        m1_0.benefits,
        m1_0.name,
        m1_0.side_effects,
        p2_0.id,
        p2_0.address,
        p2_0.email,
        p2_0.first_name,
        i1_0.id,
        i1_0.address,
        i1_0.company_name,
        i1_0.phone_number,
        p2_0.patient_insurance,
        p2_0.last_name,
        p2_0.phone_number,
        p2_0.postcode,
        p1_0.prescription_date 
    from
        prescriptions p1_0 
    left join
        doctors d1_0 
            on d1_0.id=p1_0.doctor_id 
    left join
        medications m1_0 
            on m1_0.id=p1_0.medication_id 
    left join
        patients p2_0 
            on p2_0.id=p1_0.patient_id 
    left join
        insurances i1_0 
            on i1_0.id=p2_0.insurance_id 
    where
        p1_0.id=?
2025-06-11 12:08:59 INFO  i.g.m.s.services.SPrescription - ✅ ✅ delete prescription - Took 24ms
2025-06-11 12:08:59 DEBUG org.hibernate.SQL - 
    /* delete for io.github.matthewjacobsd.sanaspace.models.Prescription */delete 
    from
        prescriptions 
    where
        id=?
2025-06-11 12:08:59 INFO  i.g.m.s.controllers.CPrescription - ✅ Prescription deleted successfully - Took 38ms
2025-06-11 12:12:36 INFO  i.g.m.s.controllers.CPrescription - 🚀 Fetching prescription by ID... - {uri=/api/prescriptions/1ed866f6-4036-43da-9c7a-fce6c3e892bd, id=1ed866f6-4036-43da-9c7a-fce6c3e892bd, method=GET} - 2025-06-11T11:12:36.677094500Z
2025-06-11 12:12:36 INFO  i.g.m.s.services.SPrescription - 🚀 Fetching single prescription... - {id=1ed866f6-4036-43da-9c7a-fce6c3e892bd} - 2025-06-11T11:12:36.679460Z
2025-06-11 12:12:36 DEBUG org.hibernate.SQL - 
    select
        p1_0.id,
        p1_0.comments,
        d1_0.id,
        d1_0.address,
        d1_0.email,
        d1_0.experience,
        d1_0.first_name,
        d1_0.last_name,
        d1_0.specialization,
        p1_0.dosage_amount,
        p1_0.duration,
        m1_0.id,
        m1_0.benefits,
        m1_0.name,
        m1_0.side_effects,
        p2_0.id,
        p2_0.address,
        p2_0.email,
        p2_0.first_name,
        i1_0.id,
        i1_0.address,
        i1_0.company_name,
        i1_0.phone_number,
        p2_0.patient_insurance,
        p2_0.last_name,
        p2_0.phone_number,
        p2_0.postcode,
        p1_0.prescription_date 
    from
        prescriptions p1_0 
    left join
        doctors d1_0 
            on d1_0.id=p1_0.doctor_id 
    left join
        medications m1_0 
            on m1_0.id=p1_0.medication_id 
    left join
        patients p2_0 
            on p2_0.id=p1_0.patient_id 
    left join
        insurances i1_0 
            on i1_0.id=p2_0.insurance_id 
    where
        p1_0.id=?
2025-06-11 12:12:36 ERROR i.g.m.s.services.SPrescription - ❌ ❌ Prescription not found with id: 1ed866f6-4036-43da-9c7a-fce6c3e892bd: Prescription not found with id: 1ed866f6-4036-43da-9c7a-fce6c3e892bd - Request: fetch prescription by ID - Took 20ms
Stack: io.github.matthewjacobsd.sanaspace.services.SPrescription.lambda$fetchPrescriptionById$3(SPrescription.java:70)
java.base/java.util.Optional.orElseThrow(Optional.java:403)
io.github.matthewjacobsd.sanaspace.services.SPrescription.lambda$fetchPrescriptionById$4(SPrescription.java:70)
2025-06-11 12:12:36 ERROR i.g.m.s.controllers.CPrescription - ❌ Failed to fetch prescription: Prescription not found with id: 1ed866f6-4036-43da-9c7a-fce6c3e892bd: Prescription not found with id: 1ed866f6-4036-43da-9c7a-fce6c3e892bd - Request: /api/prescriptions/1ed866f6-4036-43da-9c7a-fce6c3e892bd - Took 25ms
Stack: io.github.matthewjacobsd.sanaspace.services.SPrescription.lambda$fetchPrescriptionById$3(SPrescription.java:70)
java.base/java.util.Optional.orElseThrow(Optional.java:403)
io.github.matthewjacobsd.sanaspace.services.SPrescription.lambda$fetchPrescriptionById$4(SPrescription.java:70)
2025-06-11 12:12:40 INFO  i.g.m.s.controllers.CPrescription - 🚀 Saving prescription... - {prescriptionDate=2025-05-20, method=POST, uri=/api/prescriptions, dosage=50} - 2025-06-11T11:12:40.778587300Z
2025-06-11 12:12:40 INFO  i.g.m.s.services.SPrescription - 🚀 Saving prescription... - {prescriptionDate=2025-05-20, dosage=50} - 2025-06-11T11:12:40.784821800Z
2025-06-11 12:12:40 INFO  i.g.m.s.services.SPrescription - ✅ ✅ save prescription - Took 4ms
2025-06-11 12:12:40 DEBUG org.hibernate.SQL - 
    /* insert for
        io.github.matthewjacobsd.sanaspace.models.Prescription */insert 
    into
        prescriptions (comments, doctor_id, dosage_amount, duration, medication_id, patient_id, prescription_date, id) 
    values
        (?, ?, ?, ?, ?, ?, ?, ?)
2025-06-11 12:12:40 INFO  i.g.m.s.controllers.CPrescription - ✅ Prescription saved successfully - Took 54ms
2025-06-11 12:13:26 INFO  i.g.m.sanaspace.controllers.CVisit - 🚀 Fetching visits... - {method=GET, limit=10, uri=/api/visits, page=1} - 2025-06-11T11:13:26.556141500Z
2025-06-11 12:13:26 INFO  i.g.m.sanaspace.services.SVisit - 🚀 Fetching visits... - {size=10, page=0} - 2025-06-11T11:13:26.562476300Z
2025-06-11 12:13:26 DEBUG org.hibernate.SQL - 
    /* <criteria> */ select
        v1_0.doctor_id,
        v1_0.patient_id,
        v1_0.visit_date,
        v1_0.diagnosis,
        v1_0.symptoms 
    from
        visits v1_0 
    limit
        ?, ?
2025-06-11 12:13:26 DEBUG org.hibernate.SQL - 
    select
        d1_0.id,
        d1_0.address,
        d1_0.email,
        d1_0.experience,
        d1_0.first_name,
        d1_0.last_name,
        d1_0.specialization 
    from
        doctors d1_0 
    where
        d1_0.id=?
2025-06-11 12:13:26 DEBUG org.hibernate.SQL - 
    select
        p1_0.id,
        p1_0.address,
        p1_0.email,
        p1_0.first_name,
        i1_0.id,
        i1_0.address,
        i1_0.company_name,
        i1_0.phone_number,
        p1_0.patient_insurance,
        p1_0.last_name,
        p1_0.phone_number,
        p1_0.postcode 
    from
        patients p1_0 
    left join
        insurances i1_0 
            on i1_0.id=p1_0.insurance_id 
    where
        p1_0.id=?
2025-06-11 12:13:26 DEBUG org.hibernate.SQL - 
    select
        d1_0.id,
        d1_0.address,
        d1_0.email,
        d1_0.experience,
        d1_0.first_name,
        d1_0.last_name,
        d1_0.specialization 
    from
        doctors d1_0 
    where
        d1_0.id=?
2025-06-11 12:13:26 DEBUG org.hibernate.SQL - 
    select
        p1_0.id,
        p1_0.address,
        p1_0.email,
        p1_0.first_name,
        i1_0.id,
        i1_0.address,
        i1_0.company_name,
        i1_0.phone_number,
        p1_0.patient_insurance,
        p1_0.last_name,
        p1_0.phone_number,
        p1_0.postcode 
    from
        patients p1_0 
    left join
        insurances i1_0 
            on i1_0.id=p1_0.insurance_id 
    where
        p1_0.id=?
2025-06-11 12:13:26 DEBUG org.hibernate.SQL - 
    select
        d1_0.id,
        d1_0.address,
        d1_0.email,
        d1_0.experience,
        d1_0.first_name,
        d1_0.last_name,
        d1_0.specialization 
    from
        doctors d1_0 
    where
        d1_0.id=?
2025-06-11 12:13:26 DEBUG org.hibernate.SQL - 
    select
        d1_0.id,
        d1_0.address,
        d1_0.email,
        d1_0.experience,
        d1_0.first_name,
        d1_0.last_name,
        d1_0.specialization 
    from
        doctors d1_0 
    where
        d1_0.id=?
2025-06-11 12:13:26 DEBUG org.hibernate.SQL - 
    select
        p1_0.id,
        p1_0.address,
        p1_0.email,
        p1_0.first_name,
        i1_0.id,
        i1_0.address,
        i1_0.company_name,
        i1_0.phone_number,
        p1_0.patient_insurance,
        p1_0.last_name,
        p1_0.phone_number,
        p1_0.postcode 
    from
        patients p1_0 
    left join
        insurances i1_0 
            on i1_0.id=p1_0.insurance_id 
    where
        p1_0.id=?
2025-06-11 12:13:26 DEBUG org.hibernate.SQL - 
    select
        d1_0.id,
        d1_0.address,
        d1_0.email,
        d1_0.experience,
        d1_0.first_name,
        d1_0.last_name,
        d1_0.specialization 
    from
        doctors d1_0 
    where
        d1_0.id=?
2025-06-11 12:13:26 DEBUG org.hibernate.SQL - 
    select
        d1_0.id,
        d1_0.address,
        d1_0.email,
        d1_0.experience,
        d1_0.first_name,
        d1_0.last_name,
        d1_0.specialization 
    from
        doctors d1_0 
    where
        d1_0.id=?
2025-06-11 12:13:26 DEBUG org.hibernate.SQL - 
    select
        p1_0.id,
        p1_0.address,
        p1_0.email,
        p1_0.first_name,
        i1_0.id,
        i1_0.address,
        i1_0.company_name,
        i1_0.phone_number,
        p1_0.patient_insurance,
        p1_0.last_name,
        p1_0.phone_number,
        p1_0.postcode 
    from
        patients p1_0 
    left join
        insurances i1_0 
            on i1_0.id=p1_0.insurance_id 
    where
        p1_0.id=?
2025-06-11 12:13:26 DEBUG org.hibernate.SQL - 
    select
        d1_0.id,
        d1_0.address,
        d1_0.email,
        d1_0.experience,
        d1_0.first_name,
        d1_0.last_name,
        d1_0.specialization 
    from
        doctors d1_0 
    where
        d1_0.id=?
2025-06-11 12:13:26 DEBUG org.hibernate.SQL - 
    select
        d1_0.id,
        d1_0.address,
        d1_0.email,
        d1_0.experience,
        d1_0.first_name,
        d1_0.last_name,
        d1_0.specialization 
    from
        doctors d1_0 
    where
        d1_0.id=?
2025-06-11 12:13:26 DEBUG org.hibernate.SQL - 
    select
        p1_0.id,
        p1_0.address,
        p1_0.email,
        p1_0.first_name,
        i1_0.id,
        i1_0.address,
        i1_0.company_name,
        i1_0.phone_number,
        p1_0.patient_insurance,
        p1_0.last_name,
        p1_0.phone_number,
        p1_0.postcode 
    from
        patients p1_0 
    left join
        insurances i1_0 
            on i1_0.id=p1_0.insurance_id 
    where
        p1_0.id=?
2025-06-11 12:13:26 DEBUG org.hibernate.SQL - 
    select
        d1_0.id,
        d1_0.address,
        d1_0.email,
        d1_0.experience,
        d1_0.first_name,
        d1_0.last_name,
        d1_0.specialization 
    from
        doctors d1_0 
    where
        d1_0.id=?
2025-06-11 12:13:26 DEBUG org.hibernate.SQL - 
    select
        p1_0.id,
        p1_0.address,
        p1_0.email,
        p1_0.first_name,
        i1_0.id,
        i1_0.address,
        i1_0.company_name,
        i1_0.phone_number,
        p1_0.patient_insurance,
        p1_0.last_name,
        p1_0.phone_number,
        p1_0.postcode 
    from
        patients p1_0 
    left join
        insurances i1_0 
            on i1_0.id=p1_0.insurance_id 
    where
        p1_0.id=?
2025-06-11 12:13:26 DEBUG org.hibernate.SQL - 
    select
        p1_0.id,
        p1_0.address,
        p1_0.email,
        p1_0.first_name,
        i1_0.id,
        i1_0.address,
        i1_0.company_name,
        i1_0.phone_number,
        p1_0.patient_insurance,
        p1_0.last_name,
        p1_0.phone_number,
        p1_0.postcode 
    from
        patients p1_0 
    left join
        insurances i1_0 
            on i1_0.id=p1_0.insurance_id 
    where
        p1_0.id=?
2025-06-11 12:13:26 DEBUG org.hibernate.SQL - 
    /* <criteria> */ select
        count(*) 
    from
        visits v1_0
2025-06-11 12:13:26 INFO  i.g.m.sanaspace.services.SVisit - ✅ ✅ fetch all visits - Took 348ms
2025-06-11 12:13:26 INFO  i.g.m.sanaspace.controllers.CVisit - ✅ Visits fetched successfully - Took 357ms
2025-06-11 12:13:58 INFO  i.g.m.sanaspace.controllers.CVisit - 🚀 Saving visit... - {uri=/api/visits, visit=io.github.matthewjacobsd.sanaspace.models.Visit@30994bee, method=POST} - 2025-06-11T11:13:58.882975400Z
2025-06-11 12:13:58 INFO  i.g.m.sanaspace.services.SVisit - 🚀 Saving visit... - {visit=io.github.matthewjacobsd.sanaspace.models.Visit@30994bee} - 2025-06-11T11:13:58.885970500Z
2025-06-11 12:13:58 DEBUG org.hibernate.SQL - 
    select
        v1_0.doctor_id,
        v1_0.patient_id,
        v1_0.visit_date,
        v1_0.diagnosis,
        d1_0.id,
        d1_0.address,
        d1_0.email,
        d1_0.experience,
        d1_0.first_name,
        d1_0.last_name,
        d1_0.specialization,
        p1_0.doctor_id,
        p1_0.id,
        p1_0.comments,
        p1_0.dosage_amount,
        p1_0.duration,
        p1_0.medication_id,
        p1_0.patient_id,
        p1_0.prescription_date,
        p3_0.id,
        p3_0.address,
        p3_0.email,
        p3_0.first_name,
        i1_0.id,
        i1_0.address,
        i1_0.company_name,
        i1_0.phone_number,
        p3_0.patient_insurance,
        p3_0.last_name,
        p3_0.phone_number,
        p3_0.postcode,
        v1_0.symptoms 
    from
        visits v1_0 
    left join
        doctors d1_0 
            on d1_0.id=v1_0.doctor_id 
    left join
        prescriptions p1_0 
            on d1_0.id=p1_0.doctor_id 
    left join
        patients p3_0 
            on p3_0.id=v1_0.patient_id 
    left join
        insurances i1_0 
            on i1_0.id=p3_0.insurance_id 
    where
        (
            v1_0.doctor_id, v1_0.patient_id, v1_0.visit_date
        ) in ((?, ?, ?))
2025-06-11 12:13:58 INFO  i.g.m.sanaspace.services.SVisit - ✅ ✅ save visit - Took 42ms
2025-06-11 12:13:58 DEBUG org.hibernate.SQL - 
    /* insert for
        io.github.matthewjacobsd.sanaspace.models.Visit */insert 
    into
        visits (diagnosis, symptoms, doctor_id, patient_id, visit_date) 
    values
        (?, ?, ?, ?, ?)
2025-06-11 12:13:58 INFO  i.g.m.sanaspace.controllers.CVisit - ✅ Visit saved successfully - Took 54ms
2025-06-11 12:15:05 INFO  i.g.m.sanaspace.controllers.CVisit - 🚀 Saving visit... - {uri=/api/visits, visit=io.github.matthewjacobsd.sanaspace.models.Visit@6532cb95, method=POST} - 2025-06-11T11:15:05.434018400Z
2025-06-11 12:15:05 INFO  i.g.m.sanaspace.services.SVisit - 🚀 Saving visit... - {visit=io.github.matthewjacobsd.sanaspace.models.Visit@6532cb95} - 2025-06-11T11:15:05.436022300Z
2025-06-11 12:15:05 DEBUG org.hibernate.SQL - 
    select
        v1_0.doctor_id,
        v1_0.patient_id,
        v1_0.visit_date,
        v1_0.diagnosis,
        d1_0.id,
        d1_0.address,
        d1_0.email,
        d1_0.experience,
        d1_0.first_name,
        d1_0.last_name,
        d1_0.specialization,
        p1_0.doctor_id,
        p1_0.id,
        p1_0.comments,
        p1_0.dosage_amount,
        p1_0.duration,
        p1_0.medication_id,
        p1_0.patient_id,
        p1_0.prescription_date,
        p3_0.id,
        p3_0.address,
        p3_0.email,
        p3_0.first_name,
        i1_0.id,
        i1_0.address,
        i1_0.company_name,
        i1_0.phone_number,
        p3_0.patient_insurance,
        p3_0.last_name,
        p3_0.phone_number,
        p3_0.postcode,
        v1_0.symptoms 
    from
        visits v1_0 
    left join
        doctors d1_0 
            on d1_0.id=v1_0.doctor_id 
    left join
        prescriptions p1_0 
            on d1_0.id=p1_0.doctor_id 
    left join
        patients p3_0 
            on p3_0.id=v1_0.patient_id 
    left join
        insurances i1_0 
            on i1_0.id=p3_0.insurance_id 
    where
        (
            v1_0.doctor_id, v1_0.patient_id, v1_0.visit_date
        ) in ((?, ?, ?))
2025-06-11 12:15:05 INFO  i.g.m.sanaspace.services.SVisit - ✅ ✅ save visit - Took 4ms
2025-06-11 12:15:05 DEBUG org.hibernate.SQL - 
    /* insert for
        io.github.matthewjacobsd.sanaspace.models.Visit */insert 
    into
        visits (diagnosis, symptoms, doctor_id, patient_id, visit_date) 
    values
        (?, ?, ?, ?, ?)
2025-06-11 12:15:05 INFO  i.g.m.sanaspace.controllers.CVisit - ✅ Visit saved successfully - Took 11ms
2025-06-11 12:17:51 INFO  i.g.m.sanaspace.controllers.CVisit - 🚀 Partially updating visit... - {updates=[symptoms, diagnosis], patientId=3f2ae8df-b178-44c1-a086-425a6efce818, method=PATCH, uri=/api/visits/3f2ae8df-b178-44c1-a086-425a6efce818/13c70af8-7676-45df-a2ec-252a03424849/2025-06-11, visitDate=2025-06-11, doctorId=13c70af8-7676-45df-a2ec-252a03424849} - 2025-06-11T11:17:51.197741100Z
2025-06-11 12:17:51 INFO  i.g.m.sanaspace.services.SVisit - 🚀 Updating visit fields... - {patientId=3f2ae8df-b178-44c1-a086-425a6efce818, visitDate=2025-06-11, doctorId=13c70af8-7676-45df-a2ec-252a03424849, updates=[symptoms, diagnosis]} - 2025-06-11T11:17:51.203763500Z
2025-06-11 12:17:51 DEBUG org.hibernate.SQL - 
    select
        v1_0.doctor_id,
        v1_0.patient_id,
        v1_0.visit_date,
        v1_0.diagnosis,
        d1_0.id,
        d1_0.address,
        d1_0.email,
        d1_0.experience,
        d1_0.first_name,
        d1_0.last_name,
        d1_0.specialization,
        p1_0.id,
        p1_0.address,
        p1_0.email,
        p1_0.first_name,
        i1_0.id,
        i1_0.address,
        i1_0.company_name,
        i1_0.phone_number,
        p1_0.patient_insurance,
        p1_0.last_name,
        p1_0.phone_number,
        p1_0.postcode,
        v1_0.symptoms 
    from
        visits v1_0 
    left join
        doctors d1_0 
            on d1_0.id=v1_0.doctor_id 
    left join
        patients p1_0 
            on p1_0.id=v1_0.patient_id 
    left join
        insurances i1_0 
            on i1_0.id=p1_0.insurance_id 
    where
        (
            v1_0.doctor_id, v1_0.patient_id, v1_0.visit_date
        ) in ((?, ?, ?))
2025-06-11 12:17:51 INFO  i.g.m.sanaspace.services.SVisit - ✅ ✅ partial update visit - Took 15ms
2025-06-11 12:17:51 DEBUG org.hibernate.SQL - 
    /* update
        for io.github.matthewjacobsd.sanaspace.models.Visit */update visits 
    set
        diagnosis=?,
        symptoms=? 
    where
        doctor_id=? 
        and patient_id=? 
        and visit_date=?
2025-06-11 12:17:51 INFO  i.g.m.sanaspace.controllers.CVisit - ✅ Visit partially updated successfully - Took 30ms
2025-06-11 12:18:37 INFO  i.g.m.sanaspace.controllers.CVisit - 🚀 Updating visit... - {doctorId=13c70af8-7676-45df-a2ec-252a03424849, method=PUT, uri=/api/visits/3f2ae8df-b178-44c1-a086-425a6efce818/13c70af8-7676-45df-a2ec-252a03424849/2025-06-11, visitDate=2025-06-11, patientId=3f2ae8df-b178-44c1-a086-425a6efce818} - 2025-06-11T11:18:37.544446600Z
2025-06-11 12:18:37 INFO  i.g.m.sanaspace.services.SVisit - 🚀 Updating visit... - {patientId=3f2ae8df-b178-44c1-a086-425a6efce818, doctorId=13c70af8-7676-45df-a2ec-252a03424849, visitDate=2025-06-11} - 2025-06-11T11:18:37.554360200Z
2025-06-11 12:18:37 DEBUG org.hibernate.SQL - 
    select
        v1_0.doctor_id,
        v1_0.patient_id,
        v1_0.visit_date,
        v1_0.diagnosis,
        d1_0.id,
        d1_0.address,
        d1_0.email,
        d1_0.experience,
        d1_0.first_name,
        d1_0.last_name,
        d1_0.specialization,
        p1_0.id,
        p1_0.address,
        p1_0.email,
        p1_0.first_name,
        i1_0.id,
        i1_0.address,
        i1_0.company_name,
        i1_0.phone_number,
        p1_0.patient_insurance,
        p1_0.last_name,
        p1_0.phone_number,
        p1_0.postcode,
        v1_0.symptoms 
    from
        visits v1_0 
    left join
        doctors d1_0 
            on d1_0.id=v1_0.doctor_id 
    left join
        patients p1_0 
            on p1_0.id=v1_0.patient_id 
    left join
        insurances i1_0 
            on i1_0.id=p1_0.insurance_id 
    where
        (
            v1_0.doctor_id, v1_0.patient_id, v1_0.visit_date
        ) in ((?, ?, ?))
2025-06-11 12:18:37 INFO  i.g.m.sanaspace.services.SVisit - ✅ ✅ update visit - Took 14ms
2025-06-11 12:18:37 DEBUG org.hibernate.SQL - 
    /* update
        for io.github.matthewjacobsd.sanaspace.models.Visit */update visits 
    set
        diagnosis=?,
        symptoms=? 
    where
        doctor_id=? 
        and patient_id=? 
        and visit_date=?
2025-06-11 12:18:37 INFO  i.g.m.sanaspace.controllers.CVisit - ✅ Visit updated successfully - Took 32ms
2025-06-11 12:19:36 INFO  i.g.m.sanaspace.controllers.CVisit - 🚀 Deleting visit... - {doctorId=13c70af8-7676-45df-a2ec-252a03424849, method=DELETE, uri=/api/visits/3f2ae8df-b178-44c1-a086-425a6efce818/13c70af8-7676-45df-a2ec-252a03424849/2025-06-11, visitDate=2025-06-11, patientId=3f2ae8df-b178-44c1-a086-425a6efce818} - 2025-06-11T11:19:36.030880400Z
2025-06-11 12:19:36 INFO  i.g.m.sanaspace.services.SVisit - 🚀 Deleting visit... - {patientId=3f2ae8df-b178-44c1-a086-425a6efce818, doctorId=13c70af8-7676-45df-a2ec-252a03424849, visitDate=2025-06-11} - 2025-06-11T11:19:36.033800Z
2025-06-11 12:19:36 DEBUG org.hibernate.SQL - 
    select
        v1_0.doctor_id,
        v1_0.patient_id,
        v1_0.visit_date,
        v1_0.diagnosis,
        d1_0.id,
        d1_0.address,
        d1_0.email,
        d1_0.experience,
        d1_0.first_name,
        d1_0.last_name,
        d1_0.specialization,
        p1_0.id,
        p1_0.address,
        p1_0.email,
        p1_0.first_name,
        i1_0.id,
        i1_0.address,
        i1_0.company_name,
        i1_0.phone_number,
        p1_0.patient_insurance,
        p1_0.last_name,
        p1_0.phone_number,
        p1_0.postcode,
        v1_0.symptoms 
    from
        visits v1_0 
    left join
        doctors d1_0 
            on d1_0.id=v1_0.doctor_id 
    left join
        patients p1_0 
            on p1_0.id=v1_0.patient_id 
    left join
        insurances i1_0 
            on i1_0.id=p1_0.insurance_id 
    where
        (
            v1_0.doctor_id, v1_0.patient_id, v1_0.visit_date
        ) in ((?, ?, ?))
2025-06-11 12:19:36 INFO  i.g.m.sanaspace.services.SVisit - ✅ ✅ delete visit - Took 8ms
2025-06-11 12:19:36 DEBUG org.hibernate.SQL - 
    /* delete for io.github.matthewjacobsd.sanaspace.models.Visit */delete 
    from
        visits 
    where
        doctor_id=? 
        and patient_id=? 
        and visit_date=?
2025-06-11 12:19:36 INFO  i.g.m.sanaspace.controllers.CVisit - ✅ Visit deleted successfully - Took 18ms
